-- MySQL dump 10.16  Distrib 10.1.19-MariaDB, for osx10.12 (x86_64)
--
-- Host: voyager    Database: voyager
-- ------------------------------------------------------
-- Server version	10.1.19-MariaDB

/*!40101 SET @OLD_CHARACTER_SET_CLIENT=@@CHARACTER_SET_CLIENT */;
/*!40101 SET @OLD_CHARACTER_SET_RESULTS=@@CHARACTER_SET_RESULTS */;
/*!40101 SET @OLD_COLLATION_CONNECTION=@@COLLATION_CONNECTION */;
/*!40101 SET NAMES utf8 */;
/*!40103 SET @OLD_TIME_ZONE=@@TIME_ZONE */;
/*!40103 SET TIME_ZONE='+00:00' */;
/*!40014 SET @OLD_UNIQUE_CHECKS=@@UNIQUE_CHECKS, UNIQUE_CHECKS=0 */;
/*!40014 SET @OLD_FOREIGN_KEY_CHECKS=@@FOREIGN_KEY_CHECKS, FOREIGN_KEY_CHECKS=0 */;
/*!40101 SET @OLD_SQL_MODE=@@SQL_MODE, SQL_MODE='NO_AUTO_VALUE_ON_ZERO' */;
/*!40111 SET @OLD_SQL_NOTES=@@SQL_NOTES, SQL_NOTES=0 */;

--
-- Table structure for table `cases`
--

DROP TABLE IF EXISTS `cases`;
/*!40101 SET @saved_cs_client     = @@character_set_client */;
/*!40101 SET character_set_client = utf8 */;
CREATE TABLE `cases` (
  `id` int(10) unsigned NOT NULL AUTO_INCREMENT,
  `case_number` varchar(255) COLLATE utf8_unicode_ci NOT NULL,
  `last_name` varchar(255) COLLATE utf8_unicode_ci NOT NULL,
  `first_name` varchar(255) COLLATE utf8_unicode_ci NOT NULL,
  `jn` varchar(255) COLLATE utf8_unicode_ci NOT NULL,
  `sid` varchar(255) COLLATE utf8_unicode_ci NOT NULL,
  `offense_description` varchar(255) COLLATE utf8_unicode_ci NOT NULL,
  `created_by` int(10) unsigned NOT NULL,
  `created_at` timestamp NULL DEFAULT NULL,
  `updated_at` timestamp NULL DEFAULT NULL,
  PRIMARY KEY (`id`),
  KEY `cases_created_by_foreign` (`created_by`),
  CONSTRAINT `cases_created_by_foreign` FOREIGN KEY (`created_by`) REFERENCES `users` (`id`)
) ENGINE=InnoDB AUTO_INCREMENT=12 DEFAULT CHARSET=utf8 COLLATE=utf8_unicode_ci;
/*!40101 SET character_set_client = @saved_cs_client */;

--
-- Dumping data for table `cases`
--

LOCK TABLES `cases` WRITE;
/*!40000 ALTER TABLE `cases` DISABLE KEYS */;
INSERT INTO `cases` VALUES (11,'1234567','Doe','John','1234566','123456778','hit and Run',1,'2017-01-03 22:51:14','2017-01-03 22:51:14');
/*!40000 ALTER TABLE `cases` ENABLE KEYS */;
UNLOCK TABLES;

--
-- Table structure for table `data_rows`
--

DROP TABLE IF EXISTS `data_rows`;
/*!40101 SET @saved_cs_client     = @@character_set_client */;
/*!40101 SET character_set_client = utf8 */;
CREATE TABLE `data_rows` (
  `id` int(10) unsigned NOT NULL AUTO_INCREMENT,
  `data_type_id` int(10) unsigned NOT NULL,
  `field` varchar(255) COLLATE utf8_unicode_ci NOT NULL,
  `type` varchar(255) COLLATE utf8_unicode_ci NOT NULL,
  `display_name` varchar(255) COLLATE utf8_unicode_ci NOT NULL,
  `required` tinyint(1) NOT NULL DEFAULT '0',
  `browse` tinyint(1) NOT NULL DEFAULT '1',
  `read` tinyint(1) NOT NULL DEFAULT '1',
  `edit` tinyint(1) NOT NULL DEFAULT '1',
  `add` tinyint(1) NOT NULL DEFAULT '1',
  `delete` tinyint(1) NOT NULL DEFAULT '1',
  `details` text COLLATE utf8_unicode_ci,
  PRIMARY KEY (`id`),
  KEY `data_rows_data_type_id_foreign` (`data_type_id`),
  CONSTRAINT `data_rows_data_type_id_foreign` FOREIGN KEY (`data_type_id`) REFERENCES `data_types` (`id`) ON DELETE CASCADE ON UPDATE CASCADE
) ENGINE=InnoDB AUTO_INCREMENT=52 DEFAULT CHARSET=utf8 COLLATE=utf8_unicode_ci;
/*!40101 SET character_set_client = @saved_cs_client */;

--
-- Dumping data for table `data_rows`
--

LOCK TABLES `data_rows` WRITE;
/*!40000 ALTER TABLE `data_rows` DISABLE KEYS */;
INSERT INTO `data_rows` VALUES (13,2,'id','PRI','id',1,0,0,0,0,0,''),(14,2,'author_id','text','author_id',1,0,0,0,0,0,''),(15,2,'title','text','title',1,1,1,1,1,1,''),(16,2,'excerpt','text_area','excerpt',1,0,1,1,1,1,''),(17,2,'body','rich_text_box','body',1,0,1,1,1,1,''),(18,2,'slug','text','slug',1,0,1,1,1,1,''),(19,2,'meta_description','text','meta_description',1,0,1,1,1,1,''),(20,2,'meta_keywords','text','meta_keywords',1,0,1,1,1,1,''),(21,2,'status','select_dropdown','status',1,1,1,1,1,1,'{\n\"default\": \"INACTIVE\",\n\"options\": {\n\"INACTIVE\": \"INACTIVE\",\n\"ACTIVE\": \"ACTIVE\"\n}\n}'),(22,2,'created_at','timestamp','created_at',1,1,1,1,0,1,''),(23,2,'updated_at','timestamp','updated_at',1,0,0,0,0,0,''),(24,2,'image','image','image',0,1,1,1,1,1,''),(25,3,'id','PRI','id',1,0,0,0,0,0,''),(26,3,'name','text','name',1,1,1,1,1,1,''),(27,3,'email','text','email',1,1,1,1,1,1,''),(28,3,'password','password','password',1,0,0,1,1,0,''),(29,3,'remember_token','text','remember_token',0,0,0,0,0,0,''),(30,3,'created_at','timestamp','created_at',0,1,1,1,0,1,''),(31,3,'updated_at','timestamp','updated_at',0,0,0,0,0,0,''),(32,3,'avatar','image','avatar',0,1,1,1,1,1,''),(33,5,'id','PRI','id',1,0,0,0,0,0,''),(34,5,'name','text','name',1,1,1,1,1,1,''),(35,5,'created_at','timestamp','created_at',0,0,0,1,0,1,''),(36,5,'updated_at','timestamp','updated_at',0,0,0,0,0,0,''),(44,6,'id','PRI','id',1,0,0,0,0,0,''),(45,6,'name','text','Name',1,1,1,1,1,1,''),(46,6,'created_at','timestamp','created_at',0,0,0,0,0,0,''),(47,6,'updated_at','timestamp','updated_at',0,0,0,0,0,0,''),(48,6,'display_name','text','Display Name',1,1,1,1,1,1,''),(51,3,'role_id','text','role_id',1,0,0,1,1,0,'');
/*!40000 ALTER TABLE `data_rows` ENABLE KEYS */;
UNLOCK TABLES;

--
-- Table structure for table `data_types`
--

DROP TABLE IF EXISTS `data_types`;
/*!40101 SET @saved_cs_client     = @@character_set_client */;
/*!40101 SET character_set_client = utf8 */;
CREATE TABLE `data_types` (
  `id` int(10) unsigned NOT NULL AUTO_INCREMENT,
  `name` varchar(255) COLLATE utf8_unicode_ci NOT NULL,
  `slug` varchar(255) COLLATE utf8_unicode_ci NOT NULL,
  `display_name_singular` varchar(255) COLLATE utf8_unicode_ci NOT NULL,
  `display_name_plural` varchar(255) COLLATE utf8_unicode_ci NOT NULL,
  `icon` varchar(255) COLLATE utf8_unicode_ci NOT NULL,
  `model_name` varchar(255) COLLATE utf8_unicode_ci DEFAULT NULL,
  `description` varchar(255) COLLATE utf8_unicode_ci DEFAULT NULL,
  `generate_permissions` tinyint(1) NOT NULL DEFAULT '0',
  `created_at` timestamp NULL DEFAULT NULL,
  `updated_at` timestamp NULL DEFAULT NULL,
  PRIMARY KEY (`id`),
  UNIQUE KEY `data_types_name_unique` (`name`),
  UNIQUE KEY `data_types_slug_unique` (`slug`)
) ENGINE=InnoDB AUTO_INCREMENT=7 DEFAULT CHARSET=utf8 COLLATE=utf8_unicode_ci;
/*!40101 SET character_set_client = @saved_cs_client */;

--
-- Dumping data for table `data_types`
--

LOCK TABLES `data_types` WRITE;
/*!40000 ALTER TABLE `data_types` DISABLE KEYS */;
INSERT INTO `data_types` VALUES (2,'pages','pages','Page','Pages','voyager-file-text','TCG\\Voyager\\Models\\Page','',1,'2016-12-23 03:32:05','2016-12-23 03:32:05'),(3,'users','users','User','Users','voyager-person','TCG\\Voyager\\Models\\User','',1,'2016-12-23 03:32:05','2016-12-23 03:32:05'),(5,'menus','menus','Menu','Menus','voyager-list','TCG\\Voyager\\Models\\Menu','',1,'2016-12-23 03:32:05','2016-12-23 03:32:05'),(6,'roles','roles','Role','Roles','voyager-lock','TCG\\Voyager\\Models\\Role','',1,'2016-12-23 03:32:05','2016-12-23 03:32:05');
/*!40000 ALTER TABLE `data_types` ENABLE KEYS */;
UNLOCK TABLES;

--
-- Table structure for table `files`
--

DROP TABLE IF EXISTS `files`;
/*!40101 SET @saved_cs_client     = @@character_set_client */;
/*!40101 SET character_set_client = utf8 */;
CREATE TABLE `files` (
  `id` int(10) unsigned NOT NULL AUTO_INCREMENT,
  `case_id` int(10) unsigned NOT NULL,
  `uploaded_by` int(10) unsigned NOT NULL,
  `name` varchar(255) COLLATE utf8_unicode_ci NOT NULL,
  `original_name` varchar(255) COLLATE utf8_unicode_ci NOT NULL,
  `mime` varchar(255) COLLATE utf8_unicode_ci NOT NULL,
  `created_at` timestamp NULL DEFAULT NULL,
  `updated_at` timestamp NULL DEFAULT NULL,
  PRIMARY KEY (`id`),
  KEY `files_case_id_foreign` (`case_id`),
  KEY `files_uploaded_by_foreign` (`uploaded_by`),
  CONSTRAINT `files_case_id_foreign` FOREIGN KEY (`case_id`) REFERENCES `cases` (`id`),
  CONSTRAINT `files_uploaded_by_foreign` FOREIGN KEY (`uploaded_by`) REFERENCES `users` (`id`)
) ENGINE=InnoDB AUTO_INCREMENT=42 DEFAULT CHARSET=utf8 COLLATE=utf8_unicode_ci;
/*!40101 SET character_set_client = @saved_cs_client */;

--
-- Dumping data for table `files`
--

LOCK TABLES `files` WRITE;
/*!40000 ALTER TABLE `files` DISABLE KEYS */;
INSERT INTO `files` VALUES (41,11,1,'bb1831c28cdffb390895bba26a76316f07e3c532','edit','php','2017-01-03 22:51:26','2017-01-03 22:51:26');
/*!40000 ALTER TABLE `files` ENABLE KEYS */;
UNLOCK TABLES;

--
-- Table structure for table `firewall`
--

DROP TABLE IF EXISTS `firewall`;
/*!40101 SET @saved_cs_client     = @@character_set_client */;
/*!40101 SET character_set_client = utf8 */;
CREATE TABLE `firewall` (
  `id` int(10) unsigned NOT NULL AUTO_INCREMENT,
  `ip_address` varchar(39) COLLATE utf8_unicode_ci NOT NULL,
  `whitelisted` tinyint(1) NOT NULL DEFAULT '0',
  `created_at` timestamp NULL DEFAULT NULL,
  `updated_at` timestamp NULL DEFAULT NULL,
  PRIMARY KEY (`id`),
  UNIQUE KEY `firewall_ip_address_unique` (`ip_address`)
) ENGINE=InnoDB AUTO_INCREMENT=4 DEFAULT CHARSET=utf8 COLLATE=utf8_unicode_ci;
/*!40101 SET character_set_client = @saved_cs_client */;

--
-- Dumping data for table `firewall`
--

LOCK TABLES `firewall` WRITE;
/*!40000 ALTER TABLE `firewall` DISABLE KEYS */;
INSERT INTO `firewall` VALUES (3,'127.0.0.1',1,'2016-12-31 00:43:02','2016-12-31 00:43:02');
/*!40000 ALTER TABLE `firewall` ENABLE KEYS */;
UNLOCK TABLES;

--
-- Table structure for table `menu_items`
--

DROP TABLE IF EXISTS `menu_items`;
/*!40101 SET @saved_cs_client     = @@character_set_client */;
/*!40101 SET character_set_client = utf8 */;
CREATE TABLE `menu_items` (
  `id` int(10) unsigned NOT NULL AUTO_INCREMENT,
  `menu_id` int(10) unsigned DEFAULT NULL,
  `title` varchar(255) COLLATE utf8_unicode_ci NOT NULL,
  `url` varchar(255) COLLATE utf8_unicode_ci NOT NULL,
  `target` varchar(255) COLLATE utf8_unicode_ci NOT NULL DEFAULT '_self',
  `icon_class` varchar(255) COLLATE utf8_unicode_ci DEFAULT NULL,
  `color` varchar(255) COLLATE utf8_unicode_ci DEFAULT NULL,
  `parent_id` int(11) DEFAULT NULL,
  `order` int(11) NOT NULL,
  `created_at` timestamp NULL DEFAULT NULL,
  `updated_at` timestamp NULL DEFAULT NULL,
  PRIMARY KEY (`id`),
  KEY `menu_items_menu_id_foreign` (`menu_id`),
  CONSTRAINT `menu_items_menu_id_foreign` FOREIGN KEY (`menu_id`) REFERENCES `menus` (`id`) ON DELETE CASCADE
) ENGINE=InnoDB AUTO_INCREMENT=15 DEFAULT CHARSET=utf8 COLLATE=utf8_unicode_ci;
/*!40101 SET character_set_client = @saved_cs_client */;

--
-- Dumping data for table `menu_items`
--

LOCK TABLES `menu_items` WRITE;
/*!40000 ALTER TABLE `menu_items` DISABLE KEYS */;
INSERT INTO `menu_items` VALUES (1,1,'Dashboard','/admin','_self','voyager-home','#000000',NULL,1,'2016-12-23 03:32:05','2016-12-23 02:38:00'),(4,1,'Users','/admin/users','_self','voyager-person',NULL,NULL,4,'2016-12-23 03:32:05','2016-12-23 17:04:24'),(7,1,'Roles','/admin/roles','_self','voyager-lock',NULL,NULL,3,'2016-12-23 03:32:05','2016-12-23 17:04:24'),(8,1,'Tools','','_self','voyager-tools',NULL,NULL,5,'2016-12-23 03:32:05','2016-12-23 17:04:29'),(9,1,'Menu Builder','/admin/menus','_self','voyager-list',NULL,8,1,'2016-12-23 03:32:05','2016-12-22 22:51:24'),(10,1,'Database','/admin/database','_self','voyager-data',NULL,8,2,'2016-12-23 03:32:05','2016-12-22 22:51:24'),(11,1,'Settings','/admin/settings','_self','voyager-settings',NULL,NULL,6,'2016-12-23 03:32:05','2016-12-23 17:04:29'),(12,1,'Cases','/admin/cases','_self','voyager-folder','#000000',NULL,2,'2016-12-22 22:51:12','2016-12-23 17:04:24'),(13,2,'Cases','/cases','_self','voyager-folder','#000000',NULL,2,'2016-12-30 03:49:01','2016-12-31 00:54:16'),(14,2,'Home','/','_self','voyager-home','#000000',NULL,1,'2016-12-31 00:54:13','2016-12-31 00:54:16');
/*!40000 ALTER TABLE `menu_items` ENABLE KEYS */;
UNLOCK TABLES;

--
-- Table structure for table `menus`
--

DROP TABLE IF EXISTS `menus`;
/*!40101 SET @saved_cs_client     = @@character_set_client */;
/*!40101 SET character_set_client = utf8 */;
CREATE TABLE `menus` (
  `id` int(10) unsigned NOT NULL AUTO_INCREMENT,
  `name` varchar(255) COLLATE utf8_unicode_ci NOT NULL,
  `created_at` timestamp NULL DEFAULT NULL,
  `updated_at` timestamp NULL DEFAULT NULL,
  PRIMARY KEY (`id`),
  UNIQUE KEY `menus_name_unique` (`name`)
) ENGINE=InnoDB AUTO_INCREMENT=3 DEFAULT CHARSET=utf8 COLLATE=utf8_unicode_ci;
/*!40101 SET character_set_client = @saved_cs_client */;

--
-- Dumping data for table `menus`
--

LOCK TABLES `menus` WRITE;
/*!40000 ALTER TABLE `menus` DISABLE KEYS */;
INSERT INTO `menus` VALUES (1,'admin','2016-12-23 03:32:05','2016-12-23 03:32:05'),(2,'user','2016-12-30 03:48:32','2016-12-30 03:48:32');
/*!40000 ALTER TABLE `menus` ENABLE KEYS */;
UNLOCK TABLES;

--
-- Table structure for table `migrations`
--

DROP TABLE IF EXISTS `migrations`;
/*!40101 SET @saved_cs_client     = @@character_set_client */;
/*!40101 SET character_set_client = utf8 */;
CREATE TABLE `migrations` (
  `id` int(10) unsigned NOT NULL AUTO_INCREMENT,
  `migration` varchar(255) COLLATE utf8_unicode_ci NOT NULL,
  `batch` int(11) NOT NULL,
  PRIMARY KEY (`id`)
) ENGINE=InnoDB AUTO_INCREMENT=56 DEFAULT CHARSET=utf8 COLLATE=utf8_unicode_ci;
/*!40101 SET character_set_client = @saved_cs_client */;

--
-- Dumping data for table `migrations`
--

LOCK TABLES `migrations` WRITE;
/*!40000 ALTER TABLE `migrations` DISABLE KEYS */;
INSERT INTO `migrations` VALUES (1,'2014_10_12_000000_create_users_table',1),(2,'2014_10_12_100000_create_password_resets_table',1),(3,'2016_01_01_000000_add_user_avatar',1),(4,'2016_01_01_000000_create_data_types_table',1),(5,'2016_01_01_000000_create_pages_table',1),(6,'2016_01_01_000000_create_posts_table',1),(7,'2016_02_15_204651_create_categories_table',1),(8,'2016_05_19_173453_create_menu_table',1),(9,'2016_10_21_190000_create_roles_table',1),(10,'2016_10_21_190000_create_settings_table',1),(11,'2016_10_30_000000_set_user_avatar_nullable',1),(12,'2016_11_30_131710_add_user_role',1),(13,'2016_11_30_135954_create_permission_table',1),(14,'2016_11_30_141208_create_permission_role_table',1),(15,'2016_12_22_211831_create_cases_table',2),(16,'2016_12_22_214559_create_user_cases_table',3),(19,'2016_12_22_211832_create_cases_table',4),(20,'2016_12_22_214560_create_user_cases_table',4),(21,'2016_12_22_220724_create_file_table',5),(22,'2016_12_22_223103_create_user_file_table',5),(23,'2016_12_30_113223_create_firewall_tables',6),(24,'2017_01_03_101835_add_confirmation_token_to_users_table',7),(25,'2015_03_07_311070_create_tracker_paths_table',8),(26,'2015_03_07_311071_create_tracker_queries_table',8),(27,'2015_03_07_311072_create_tracker_queries_arguments_table',8),(28,'2015_03_07_311073_create_tracker_routes_table',8),(29,'2015_03_07_311074_create_tracker_routes_paths_table',8),(30,'2015_03_07_311075_create_tracker_route_path_parameters_table',8),(31,'2015_03_07_311076_create_tracker_agents_table',8),(32,'2015_03_07_311077_create_tracker_cookies_table',8),(33,'2015_03_07_311078_create_tracker_devices_table',8),(34,'2015_03_07_311079_create_tracker_domains_table',8),(35,'2015_03_07_311080_create_tracker_referers_table',8),(36,'2015_03_07_311081_create_tracker_geoip_table',8),(37,'2015_03_07_311082_create_tracker_sessions_table',8),(38,'2015_03_07_311083_create_tracker_errors_table',8),(39,'2015_03_07_311084_create_tracker_system_classes_table',8),(40,'2015_03_07_311085_create_tracker_log_table',8),(41,'2015_03_07_311086_create_tracker_events_table',8),(42,'2015_03_07_311087_create_tracker_events_log_table',8),(43,'2015_03_07_311088_create_tracker_sql_queries_table',8),(44,'2015_03_07_311089_create_tracker_sql_query_bindings_table',8),(45,'2015_03_07_311090_create_tracker_sql_query_bindings_parameters_table',8),(46,'2015_03_07_311091_create_tracker_sql_queries_log_table',8),(47,'2015_03_07_311092_create_tracker_connections_table',8),(48,'2015_03_07_311093_create_tracker_tables_relations',8),(49,'2015_03_13_311094_create_tracker_referer_search_term_table',8),(50,'2015_03_13_311095_add_tracker_referer_columns',8),(51,'2015_11_23_311096_add_tracker_referer_column_to_log',8),(52,'2015_11_23_311097_create_tracker_languages_table',8),(53,'2015_11_23_311098_add_language_id_column_to_sessions',8),(54,'2015_11_23_311099_add_tracker_language_foreign_key_to_sessions',8),(55,'2015_11_23_311100_add_nullable_to_tracker_error',8);
/*!40000 ALTER TABLE `migrations` ENABLE KEYS */;
UNLOCK TABLES;

--
-- Table structure for table `password_resets`
--

DROP TABLE IF EXISTS `password_resets`;
/*!40101 SET @saved_cs_client     = @@character_set_client */;
/*!40101 SET character_set_client = utf8 */;
CREATE TABLE `password_resets` (
  `email` varchar(255) COLLATE utf8_unicode_ci NOT NULL,
  `token` varchar(255) COLLATE utf8_unicode_ci NOT NULL,
  `created_at` timestamp NULL DEFAULT NULL,
  KEY `password_resets_email_index` (`email`),
  KEY `password_resets_token_index` (`token`)
) ENGINE=InnoDB DEFAULT CHARSET=utf8 COLLATE=utf8_unicode_ci;
/*!40101 SET character_set_client = @saved_cs_client */;

--
-- Dumping data for table `password_resets`
--

LOCK TABLES `password_resets` WRITE;
/*!40000 ALTER TABLE `password_resets` DISABLE KEYS */;
INSERT INTO `password_resets` VALUES ('admin@admin.com','dd6cf7b68bd99d941c5b487e9468449e39afd23be7e9a83460b8b3282dd49fa3','2016-12-31 04:16:07'),('huriel@imagineitstudios.com','5892c29b3afe0a1d36a64dee1556ec20353cc915133eda48b2dafab6d2365ee4','2016-12-31 04:50:34');
/*!40000 ALTER TABLE `password_resets` ENABLE KEYS */;
UNLOCK TABLES;

--
-- Table structure for table `permission_role`
--

DROP TABLE IF EXISTS `permission_role`;
/*!40101 SET @saved_cs_client     = @@character_set_client */;
/*!40101 SET character_set_client = utf8 */;
CREATE TABLE `permission_role` (
  `permission_id` int(10) unsigned NOT NULL,
  `role_id` int(10) unsigned NOT NULL,
  PRIMARY KEY (`permission_id`,`role_id`),
  KEY `permission_role_permission_id_index` (`permission_id`),
  KEY `permission_role_role_id_index` (`role_id`),
  CONSTRAINT `permission_role_permission_id_foreign` FOREIGN KEY (`permission_id`) REFERENCES `permissions` (`id`) ON DELETE CASCADE,
  CONSTRAINT `permission_role_role_id_foreign` FOREIGN KEY (`role_id`) REFERENCES `roles` (`id`) ON DELETE CASCADE
) ENGINE=InnoDB DEFAULT CHARSET=utf8 COLLATE=utf8_unicode_ci;
/*!40101 SET character_set_client = @saved_cs_client */;

--
-- Dumping data for table `permission_role`
--

LOCK TABLES `permission_role` WRITE;
/*!40000 ALTER TABLE `permission_role` DISABLE KEYS */;
INSERT INTO `permission_role` VALUES (1,1),(1,3),(2,1),(3,1),(4,1),(5,1),(6,1),(7,1),(8,1),(9,1),(15,1),(16,1),(17,1),(18,1),(19,1),(20,1),(20,3),(21,1),(21,3),(22,1),(22,3),(23,1),(24,1),(24,3),(35,1),(35,2),(35,3),(36,1),(36,2),(36,3),(37,1),(39,1),(40,1),(41,1),(41,2),(41,3),(42,1),(42,2),(43,1),(44,1),(45,1),(46,1),(46,3),(47,1),(48,1);
/*!40000 ALTER TABLE `permission_role` ENABLE KEYS */;
UNLOCK TABLES;

--
-- Table structure for table `permissions`
--

DROP TABLE IF EXISTS `permissions`;
/*!40101 SET @saved_cs_client     = @@character_set_client */;
/*!40101 SET character_set_client = utf8 */;
CREATE TABLE `permissions` (
  `id` int(10) unsigned NOT NULL AUTO_INCREMENT,
  `key` varchar(255) COLLATE utf8_unicode_ci NOT NULL,
  `table_name` varchar(255) COLLATE utf8_unicode_ci NOT NULL,
  `created_at` timestamp NULL DEFAULT NULL,
  `updated_at` timestamp NULL DEFAULT NULL,
  PRIMARY KEY (`id`),
  KEY `permissions_key_index` (`key`)
) ENGINE=InnoDB AUTO_INCREMENT=49 DEFAULT CHARSET=utf8 COLLATE=utf8_unicode_ci;
/*!40101 SET character_set_client = @saved_cs_client */;

--
-- Dumping data for table `permissions`
--

LOCK TABLES `permissions` WRITE;
/*!40000 ALTER TABLE `permissions` DISABLE KEYS */;
INSERT INTO `permissions` VALUES (1,'browse_admin','admin','2016-12-23 03:32:05','2016-12-23 03:32:05'),(2,'browse_database','admin','2016-12-23 03:32:05','2016-12-23 03:32:05'),(3,'browse_media','admin','2016-12-23 03:32:05','2016-12-23 03:32:05'),(4,'browse_settings','admin','2016-12-23 03:32:05','2016-12-23 03:32:05'),(5,'browse_menus','menus','2016-12-23 03:32:05','2016-12-23 03:32:05'),(6,'read_menus','menus','2016-12-23 03:32:05','2016-12-23 03:32:05'),(7,'edit_menus','menus','2016-12-23 03:32:05','2016-12-23 03:32:05'),(8,'add_menus','menus','2016-12-23 03:32:05','2016-12-23 03:32:05'),(9,'delete_menus','menus','2016-12-23 03:32:05','2016-12-23 03:32:05'),(15,'browse_roles','roles','2016-12-23 03:32:05','2016-12-23 03:32:05'),(16,'read_roles','roles','2016-12-23 03:32:05','2016-12-23 03:32:05'),(17,'edit_roles','roles','2016-12-23 03:32:05','2016-12-23 03:32:05'),(18,'add_roles','roles','2016-12-23 03:32:05','2016-12-23 03:32:05'),(19,'delete_roles','roles','2016-12-23 03:32:05','2016-12-23 03:32:05'),(20,'browse_users','users','2016-12-23 03:32:05','2016-12-23 03:32:05'),(21,'read_users','users','2016-12-23 03:32:05','2016-12-23 03:32:05'),(22,'edit_users','users','2016-12-23 03:32:05','2016-12-23 03:32:05'),(23,'add_users','users','2016-12-23 03:32:05','2016-12-23 03:32:05'),(24,'delete_users','users','2016-12-23 03:32:05','2016-12-23 03:32:05'),(35,'browse_cases','cases','2016-12-29 19:17:22','2016-12-29 19:17:22'),(36,'read_cases','cases','2016-12-29 19:21:42','2016-12-29 19:21:42'),(37,'edit_cases','cases','2016-12-29 19:22:30','2016-12-29 19:22:30'),(39,'add_cases','cases','2016-12-29 19:23:43','2016-12-29 19:23:43'),(40,'delete_cases','cases','2016-12-29 19:25:53','2016-12-29 19:25:53'),(41,'browse_files','files','2016-12-29 20:53:21','2016-12-29 20:53:21'),(42,'download_files','files','2016-12-29 20:55:42','2016-12-29 20:55:42'),(43,'edit_files','files','2016-12-29 20:56:57','2016-12-29 20:56:57'),(44,'add_files','files','2016-12-29 20:58:31','2016-12-29 20:58:31'),(45,'delete_files','files','2016-12-29 21:00:51','2016-12-29 21:00:51'),(46,'browse_case_users','user case access','2016-12-29 21:09:31','2016-12-29 21:09:31'),(47,'edit_case_users','user case access','2016-12-29 21:16:53','2016-12-29 21:16:53'),(48,'add_case_users','user case access','2016-12-29 21:17:43','2016-12-29 21:17:43');
/*!40000 ALTER TABLE `permissions` ENABLE KEYS */;
UNLOCK TABLES;

--
-- Table structure for table `roles`
--

DROP TABLE IF EXISTS `roles`;
/*!40101 SET @saved_cs_client     = @@character_set_client */;
/*!40101 SET character_set_client = utf8 */;
CREATE TABLE `roles` (
  `id` int(10) unsigned NOT NULL AUTO_INCREMENT,
  `name` varchar(255) COLLATE utf8_unicode_ci NOT NULL,
  `display_name` varchar(255) COLLATE utf8_unicode_ci NOT NULL,
  `created_at` timestamp NULL DEFAULT NULL,
  `updated_at` timestamp NULL DEFAULT NULL,
  PRIMARY KEY (`id`),
  UNIQUE KEY `roles_name_unique` (`name`)
) ENGINE=InnoDB AUTO_INCREMENT=5 DEFAULT CHARSET=utf8 COLLATE=utf8_unicode_ci;
/*!40101 SET character_set_client = @saved_cs_client */;

--
-- Dumping data for table `roles`
--

LOCK TABLES `roles` WRITE;
/*!40000 ALTER TABLE `roles` DISABLE KEYS */;
INSERT INTO `roles` VALUES (1,'admin','Administrator','2016-12-23 03:27:10','2016-12-23 03:27:10'),(2,'user','Normal User','2016-12-23 03:32:05','2016-12-23 03:32:05'),(3,'upload_admin','Manager','2016-12-28 21:06:37','2016-12-29 21:30:57'),(4,'unconfirmed','Unconfirmed','2016-12-31 05:40:02','2016-12-31 05:40:51');
/*!40000 ALTER TABLE `roles` ENABLE KEYS */;
UNLOCK TABLES;

--
-- Table structure for table `settings`
--

DROP TABLE IF EXISTS `settings`;
/*!40101 SET @saved_cs_client     = @@character_set_client */;
/*!40101 SET character_set_client = utf8 */;
CREATE TABLE `settings` (
  `id` int(10) unsigned NOT NULL AUTO_INCREMENT,
  `key` varchar(255) COLLATE utf8_unicode_ci NOT NULL,
  `display_name` varchar(255) COLLATE utf8_unicode_ci NOT NULL,
  `value` text COLLATE utf8_unicode_ci NOT NULL,
  `details` text COLLATE utf8_unicode_ci NOT NULL,
  `type` varchar(255) COLLATE utf8_unicode_ci NOT NULL,
  `order` int(11) NOT NULL DEFAULT '1',
  PRIMARY KEY (`id`),
  UNIQUE KEY `settings_key_unique` (`key`)
) ENGINE=InnoDB AUTO_INCREMENT=2 DEFAULT CHARSET=utf8 COLLATE=utf8_unicode_ci;
/*!40101 SET character_set_client = @saved_cs_client */;

--
-- Dumping data for table `settings`
--

LOCK TABLES `settings` WRITE;
/*!40000 ALTER TABLE `settings` DISABLE KEYS */;
INSERT INTO `settings` VALUES (1,'admin_title','Title','Hidalgo County Electronic Discovery','','text',0);
/*!40000 ALTER TABLE `settings` ENABLE KEYS */;
UNLOCK TABLES;

--
-- Table structure for table `tracker_agents`
--

DROP TABLE IF EXISTS `tracker_agents`;
/*!40101 SET @saved_cs_client     = @@character_set_client */;
/*!40101 SET character_set_client = utf8 */;
CREATE TABLE `tracker_agents` (
  `id` bigint(20) unsigned NOT NULL AUTO_INCREMENT,
  `name` varchar(255) COLLATE utf8_unicode_ci NOT NULL,
  `browser` varchar(255) COLLATE utf8_unicode_ci NOT NULL,
  `browser_version` varchar(255) COLLATE utf8_unicode_ci NOT NULL,
  `created_at` timestamp NOT NULL DEFAULT CURRENT_TIMESTAMP ON UPDATE CURRENT_TIMESTAMP,
  `updated_at` timestamp NOT NULL DEFAULT '0000-00-00 00:00:00',
  PRIMARY KEY (`id`),
  UNIQUE KEY `tracker_agents_name_unique` (`name`),
  KEY `tracker_agents_browser_index` (`browser`),
  KEY `tracker_agents_created_at_index` (`created_at`),
  KEY `tracker_agents_updated_at_index` (`updated_at`)
) ENGINE=InnoDB AUTO_INCREMENT=2 DEFAULT CHARSET=utf8 COLLATE=utf8_unicode_ci;
/*!40101 SET character_set_client = @saved_cs_client */;

--
-- Dumping data for table `tracker_agents`
--

LOCK TABLES `tracker_agents` WRITE;
/*!40000 ALTER TABLE `tracker_agents` DISABLE KEYS */;
INSERT INTO `tracker_agents` VALUES (1,'Mozilla/5.0 (Macintosh; Intel Mac OS X 10_12_1) AppleWebKit/537.36 (KHTML, like Gecko) Chrome/55.0.2883.95 Safari/537.36','Chrome','55.0.2883','2017-01-03 22:39:54','2017-01-03 22:39:54');
/*!40000 ALTER TABLE `tracker_agents` ENABLE KEYS */;
UNLOCK TABLES;

--
-- Table structure for table `tracker_connections`
--

DROP TABLE IF EXISTS `tracker_connections`;
/*!40101 SET @saved_cs_client     = @@character_set_client */;
/*!40101 SET character_set_client = utf8 */;
CREATE TABLE `tracker_connections` (
  `id` bigint(20) unsigned NOT NULL AUTO_INCREMENT,
  `name` varchar(255) COLLATE utf8_unicode_ci NOT NULL,
  `created_at` timestamp NOT NULL DEFAULT CURRENT_TIMESTAMP ON UPDATE CURRENT_TIMESTAMP,
  `updated_at` timestamp NOT NULL DEFAULT '0000-00-00 00:00:00',
  PRIMARY KEY (`id`),
  KEY `tracker_connections_name_index` (`name`),
  KEY `tracker_connections_created_at_index` (`created_at`),
  KEY `tracker_connections_updated_at_index` (`updated_at`)
) ENGINE=InnoDB AUTO_INCREMENT=2 DEFAULT CHARSET=utf8 COLLATE=utf8_unicode_ci;
/*!40101 SET character_set_client = @saved_cs_client */;

--
-- Dumping data for table `tracker_connections`
--

LOCK TABLES `tracker_connections` WRITE;
/*!40000 ALTER TABLE `tracker_connections` DISABLE KEYS */;
INSERT INTO `tracker_connections` VALUES (1,'mysql','2017-01-03 22:40:41','2017-01-03 22:40:41');
/*!40000 ALTER TABLE `tracker_connections` ENABLE KEYS */;
UNLOCK TABLES;

--
-- Table structure for table `tracker_cookies`
--

DROP TABLE IF EXISTS `tracker_cookies`;
/*!40101 SET @saved_cs_client     = @@character_set_client */;
/*!40101 SET character_set_client = utf8 */;
CREATE TABLE `tracker_cookies` (
  `id` bigint(20) unsigned NOT NULL AUTO_INCREMENT,
  `uuid` varchar(255) COLLATE utf8_unicode_ci NOT NULL,
  `created_at` timestamp NOT NULL DEFAULT CURRENT_TIMESTAMP ON UPDATE CURRENT_TIMESTAMP,
  `updated_at` timestamp NOT NULL DEFAULT '0000-00-00 00:00:00',
  PRIMARY KEY (`id`),
  UNIQUE KEY `tracker_cookies_uuid_unique` (`uuid`),
  KEY `tracker_cookies_created_at_index` (`created_at`),
  KEY `tracker_cookies_updated_at_index` (`updated_at`)
) ENGINE=InnoDB AUTO_INCREMENT=5 DEFAULT CHARSET=utf8 COLLATE=utf8_unicode_ci;
/*!40101 SET character_set_client = @saved_cs_client */;

--
-- Dumping data for table `tracker_cookies`
--

LOCK TABLES `tracker_cookies` WRITE;
/*!40000 ALTER TABLE `tracker_cookies` DISABLE KEYS */;
INSERT INTO `tracker_cookies` VALUES (1,'e9e995d2-661c-4bc9-8e9c-b45ff17dcfb0','2017-01-03 22:40:41','2017-01-03 22:40:41'),(2,'30e0d7e1-c4d1-492b-a5e7-2e88263db5eb','2017-01-03 22:41:29','2017-01-03 22:41:29'),(3,'e21133f9-63f3-45cf-82fe-02966f685ca5','2017-01-03 22:47:55','2017-01-03 22:47:55'),(4,'d4e1fa40-4acd-4fcb-8747-0032f5ff1f5b','2017-01-03 22:49:32','2017-01-03 22:49:32');
/*!40000 ALTER TABLE `tracker_cookies` ENABLE KEYS */;
UNLOCK TABLES;

--
-- Table structure for table `tracker_devices`
--

DROP TABLE IF EXISTS `tracker_devices`;
/*!40101 SET @saved_cs_client     = @@character_set_client */;
/*!40101 SET character_set_client = utf8 */;
CREATE TABLE `tracker_devices` (
  `id` bigint(20) unsigned NOT NULL AUTO_INCREMENT,
  `kind` varchar(16) COLLATE utf8_unicode_ci NOT NULL,
  `model` varchar(64) COLLATE utf8_unicode_ci NOT NULL,
  `platform` varchar(64) COLLATE utf8_unicode_ci NOT NULL,
  `platform_version` varchar(16) COLLATE utf8_unicode_ci NOT NULL,
  `is_mobile` tinyint(1) NOT NULL,
  `created_at` timestamp NOT NULL DEFAULT CURRENT_TIMESTAMP ON UPDATE CURRENT_TIMESTAMP,
  `updated_at` timestamp NOT NULL DEFAULT '0000-00-00 00:00:00',
  PRIMARY KEY (`id`),
  UNIQUE KEY `tracker_devices_kind_model_platform_platform_version_unique` (`kind`,`model`,`platform`,`platform_version`),
  KEY `tracker_devices_kind_index` (`kind`),
  KEY `tracker_devices_model_index` (`model`),
  KEY `tracker_devices_platform_index` (`platform`),
  KEY `tracker_devices_platform_version_index` (`platform_version`),
  KEY `tracker_devices_created_at_index` (`created_at`),
  KEY `tracker_devices_updated_at_index` (`updated_at`)
) ENGINE=InnoDB AUTO_INCREMENT=2 DEFAULT CHARSET=utf8 COLLATE=utf8_unicode_ci;
/*!40101 SET character_set_client = @saved_cs_client */;

--
-- Dumping data for table `tracker_devices`
--

LOCK TABLES `tracker_devices` WRITE;
/*!40000 ALTER TABLE `tracker_devices` DISABLE KEYS */;
INSERT INTO `tracker_devices` VALUES (1,'Computer','Macintosh','Mac OS X','10.12.1',0,'2017-01-03 22:39:54','2017-01-03 22:39:54');
/*!40000 ALTER TABLE `tracker_devices` ENABLE KEYS */;
UNLOCK TABLES;

--
-- Table structure for table `tracker_domains`
--

DROP TABLE IF EXISTS `tracker_domains`;
/*!40101 SET @saved_cs_client     = @@character_set_client */;
/*!40101 SET character_set_client = utf8 */;
CREATE TABLE `tracker_domains` (
  `id` bigint(20) unsigned NOT NULL AUTO_INCREMENT,
  `name` varchar(255) COLLATE utf8_unicode_ci NOT NULL,
  `created_at` timestamp NOT NULL DEFAULT CURRENT_TIMESTAMP ON UPDATE CURRENT_TIMESTAMP,
  `updated_at` timestamp NOT NULL DEFAULT '0000-00-00 00:00:00',
  PRIMARY KEY (`id`),
  KEY `tracker_domains_name_index` (`name`),
  KEY `tracker_domains_created_at_index` (`created_at`),
  KEY `tracker_domains_updated_at_index` (`updated_at`)
) ENGINE=InnoDB AUTO_INCREMENT=2 DEFAULT CHARSET=utf8 COLLATE=utf8_unicode_ci;
/*!40101 SET character_set_client = @saved_cs_client */;

--
-- Dumping data for table `tracker_domains`
--

LOCK TABLES `tracker_domains` WRITE;
/*!40000 ALTER TABLE `tracker_domains` DISABLE KEYS */;
INSERT INTO `tracker_domains` VALUES (1,'voyager.dev','2017-01-03 22:40:44','2017-01-03 22:40:44');
/*!40000 ALTER TABLE `tracker_domains` ENABLE KEYS */;
UNLOCK TABLES;

--
-- Table structure for table `tracker_errors`
--

DROP TABLE IF EXISTS `tracker_errors`;
/*!40101 SET @saved_cs_client     = @@character_set_client */;
/*!40101 SET character_set_client = utf8 */;
CREATE TABLE `tracker_errors` (
  `id` bigint(20) unsigned NOT NULL AUTO_INCREMENT,
  `code` varchar(255) COLLATE utf8_unicode_ci DEFAULT NULL,
  `message` varchar(255) COLLATE utf8_unicode_ci NOT NULL,
  `created_at` timestamp NOT NULL DEFAULT CURRENT_TIMESTAMP ON UPDATE CURRENT_TIMESTAMP,
  `updated_at` timestamp NOT NULL DEFAULT '0000-00-00 00:00:00',
  PRIMARY KEY (`id`),
  KEY `tracker_errors_code_index` (`code`),
  KEY `tracker_errors_message_index` (`message`),
  KEY `tracker_errors_created_at_index` (`created_at`),
  KEY `tracker_errors_updated_at_index` (`updated_at`)
) ENGINE=InnoDB AUTO_INCREMENT=16 DEFAULT CHARSET=utf8 COLLATE=utf8_unicode_ci;
/*!40101 SET character_set_client = @saved_cs_client */;

--
-- Dumping data for table `tracker_errors`
--

LOCK TABLES `tracker_errors` WRITE;
/*!40000 ALTER TABLE `tracker_errors` DISABLE KEYS */;
INSERT INTO `tracker_errors` VALUES (1,NULL,'The cookie name \"Hidalgo County E-Discovery Tracker\" contains invalid characters.','2017-01-03 22:39:54','2017-01-03 22:39:54'),(2,NULL,'The cookie name \"Hidalgo County EDiscovery Tracker\" contains invalid characters.','2017-01-03 22:40:25','2017-01-03 22:40:25'),(3,NULL,'Unauthenticated.','2017-01-03 22:41:28','2017-01-03 22:41:28'),(4,'8','Undefined offset: 1','2017-01-03 22:42:13','2017-01-03 22:42:13'),(5,'404','','2017-01-03 22:42:17','2017-01-03 22:42:17'),(6,'-1','Class admin does not exist','2017-01-03 22:43:10','2017-01-03 22:43:10'),(7,NULL,'Class \'App\\Http\\Controllers\\Tracker\' not found','2017-01-04 02:15:43','2017-01-04 02:15:43'),(8,NULL,'Class \'pragmarx\\Tracker\' not found','2017-01-04 02:17:14','2017-01-04 02:17:14'),(9,'8192','Non-static method PragmaRX\\Tracker\\Tracker::trackEvent() should not be called statically','2017-01-04 02:17:46','2017-01-04 02:17:46'),(10,NULL,'Non-static method PragmaRX\\Tracker\\Tracker::trackEvent() should not be called statically','2017-01-04 02:17:46','2017-01-04 02:17:46'),(11,NULL,'Parse error: syntax error, unexpected \'{\'','2017-01-04 02:23:43','2017-01-04 02:23:43'),(12,'1','Uncaught TypeError: Argument 1 passed to PragmaRX\\Tracker\\Support\\Exceptions\\Handler::handleException() must be an instance of Exception, instance of ParseError given in /Users/huriel/Sites/voyager/vendor/pragmarx/tracker/src/Support/Exceptions/Handler.ph','2017-01-04 02:23:43','2017-01-04 02:23:43'),(13,NULL,'Class \'App\\Auth\' not found','2017-01-04 02:40:07','2017-01-04 02:40:07'),(14,NULL,'Class \'Illuminate\\Foundation\\Auth\' not found','2017-01-04 02:40:31','2017-01-04 02:40:31'),(15,'-1','Class user does not exist','2017-01-04 02:45:38','2017-01-04 02:45:38');
/*!40000 ALTER TABLE `tracker_errors` ENABLE KEYS */;
UNLOCK TABLES;

--
-- Table structure for table `tracker_events`
--

DROP TABLE IF EXISTS `tracker_events`;
/*!40101 SET @saved_cs_client     = @@character_set_client */;
/*!40101 SET character_set_client = utf8 */;
CREATE TABLE `tracker_events` (
  `id` bigint(20) unsigned NOT NULL AUTO_INCREMENT,
  `name` varchar(255) COLLATE utf8_unicode_ci NOT NULL,
  `created_at` timestamp NOT NULL DEFAULT CURRENT_TIMESTAMP ON UPDATE CURRENT_TIMESTAMP,
  `updated_at` timestamp NOT NULL DEFAULT '0000-00-00 00:00:00',
  PRIMARY KEY (`id`),
  KEY `tracker_events_name_index` (`name`),
  KEY `tracker_events_created_at_index` (`created_at`),
  KEY `tracker_events_updated_at_index` (`updated_at`)
) ENGINE=InnoDB AUTO_INCREMENT=9 DEFAULT CHARSET=utf8 COLLATE=utf8_unicode_ci;
/*!40101 SET character_set_client = @saved_cs_client */;

--
-- Dumping data for table `tracker_events`
--

LOCK TABLES `tracker_events` WRITE;
/*!40000 ALTER TABLE `tracker_events` DISABLE KEYS */;
INSERT INTO `tracker_events` VALUES (1,'bootstrapped: Illuminate\\Foundation\\Bootstrap\\RegisterProviders','2017-01-03 22:40:41','2017-01-03 22:40:41'),(2,'bootstrapping: Illuminate\\Foundation\\Bootstrap\\BootProviders','2017-01-03 22:40:41','2017-01-03 22:40:41'),(3,'bootstrapped: Illuminate\\Foundation\\Bootstrap\\BootProviders','2017-01-03 22:40:41','2017-01-03 22:40:41'),(4,'kernel.handled','2017-01-03 22:40:41','2017-01-03 22:40:41'),(5,'User.{{$user->id}}.Browse.Cases','2017-01-04 02:22:48','2017-01-04 02:22:48'),(6,'User1Browse.Cases','2017-01-04 02:23:58','2017-01-04 02:23:58'),(7,'User.1.Browse.Cases','2017-01-04 02:24:18','2017-01-04 02:24:18'),(8,'User.25.Browse.Cases','2017-01-04 02:28:29','2017-01-04 02:28:29');
/*!40000 ALTER TABLE `tracker_events` ENABLE KEYS */;
UNLOCK TABLES;

--
-- Table structure for table `tracker_events_log`
--

DROP TABLE IF EXISTS `tracker_events_log`;
/*!40101 SET @saved_cs_client     = @@character_set_client */;
/*!40101 SET character_set_client = utf8 */;
CREATE TABLE `tracker_events_log` (
  `id` bigint(20) unsigned NOT NULL AUTO_INCREMENT,
  `event_id` bigint(20) unsigned NOT NULL,
  `class_id` bigint(20) unsigned DEFAULT NULL,
  `log_id` bigint(20) unsigned NOT NULL,
  `created_at` timestamp NOT NULL DEFAULT CURRENT_TIMESTAMP ON UPDATE CURRENT_TIMESTAMP,
  `updated_at` timestamp NOT NULL DEFAULT '0000-00-00 00:00:00',
  PRIMARY KEY (`id`),
  KEY `tracker_events_log_event_id_index` (`event_id`),
  KEY `tracker_events_log_class_id_index` (`class_id`),
  KEY `tracker_events_log_log_id_index` (`log_id`),
  KEY `tracker_events_log_created_at_index` (`created_at`),
  KEY `tracker_events_log_updated_at_index` (`updated_at`),
  CONSTRAINT `tracker_events_log_class_id_foreign` FOREIGN KEY (`class_id`) REFERENCES `tracker_system_classes` (`id`) ON DELETE CASCADE ON UPDATE CASCADE,
  CONSTRAINT `tracker_events_log_event_id_foreign` FOREIGN KEY (`event_id`) REFERENCES `tracker_events` (`id`) ON DELETE CASCADE ON UPDATE CASCADE,
  CONSTRAINT `tracker_events_log_log_id_foreign` FOREIGN KEY (`log_id`) REFERENCES `tracker_log` (`id`) ON DELETE CASCADE ON UPDATE CASCADE
) ENGINE=InnoDB AUTO_INCREMENT=745 DEFAULT CHARSET=utf8 COLLATE=utf8_unicode_ci;
/*!40101 SET character_set_client = @saved_cs_client */;

--
-- Dumping data for table `tracker_events_log`
--

LOCK TABLES `tracker_events_log` WRITE;
/*!40000 ALTER TABLE `tracker_events_log` DISABLE KEYS */;
INSERT INTO `tracker_events_log` VALUES (1,1,1,1,'2017-01-03 22:40:41','2017-01-03 22:40:41'),(2,2,1,1,'2017-01-03 22:40:41','2017-01-03 22:40:41'),(3,3,1,1,'2017-01-03 22:40:41','2017-01-03 22:40:41'),(4,4,2,1,'2017-01-03 22:40:41','2017-01-03 22:40:41'),(5,1,1,2,'2017-01-03 22:40:44','2017-01-03 22:40:44'),(6,2,1,2,'2017-01-03 22:40:44','2017-01-03 22:40:44'),(7,3,1,2,'2017-01-03 22:40:44','2017-01-03 22:40:44'),(8,4,2,2,'2017-01-03 22:40:44','2017-01-03 22:40:44'),(9,1,1,3,'2017-01-03 22:40:45','2017-01-03 22:40:45'),(10,2,1,3,'2017-01-03 22:40:45','2017-01-03 22:40:45'),(11,3,1,3,'2017-01-03 22:40:45','2017-01-03 22:40:45'),(12,4,2,3,'2017-01-03 22:40:45','2017-01-03 22:40:45'),(13,1,1,4,'2017-01-03 22:41:29','2017-01-03 22:41:29'),(14,2,1,4,'2017-01-03 22:41:29','2017-01-03 22:41:29'),(15,3,1,4,'2017-01-03 22:41:29','2017-01-03 22:41:29'),(16,4,2,4,'2017-01-03 22:41:29','2017-01-03 22:41:29'),(17,1,1,5,'2017-01-03 22:41:34','2017-01-03 22:41:34'),(18,2,1,5,'2017-01-03 22:41:34','2017-01-03 22:41:34'),(19,3,1,5,'2017-01-03 22:41:34','2017-01-03 22:41:34'),(20,4,2,5,'2017-01-03 22:41:34','2017-01-03 22:41:34'),(21,1,1,6,'2017-01-03 22:41:34','2017-01-03 22:41:34'),(22,2,1,6,'2017-01-03 22:41:34','2017-01-03 22:41:34'),(23,3,1,6,'2017-01-03 22:41:34','2017-01-03 22:41:34'),(24,4,2,6,'2017-01-03 22:41:34','2017-01-03 22:41:34'),(25,1,1,7,'2017-01-03 22:42:13','2017-01-03 22:42:13'),(26,2,1,7,'2017-01-03 22:42:13','2017-01-03 22:42:13'),(27,3,1,7,'2017-01-03 22:42:13','2017-01-03 22:42:13'),(28,4,2,7,'2017-01-03 22:42:13','2017-01-03 22:42:13'),(29,1,1,8,'2017-01-03 22:43:20','2017-01-03 22:43:20'),(30,2,1,8,'2017-01-03 22:43:20','2017-01-03 22:43:20'),(31,3,1,8,'2017-01-03 22:43:20','2017-01-03 22:43:20'),(32,4,2,8,'2017-01-03 22:43:20','2017-01-03 22:43:20'),(33,1,1,9,'2017-01-03 22:43:48','2017-01-03 22:43:48'),(34,2,1,9,'2017-01-03 22:43:48','2017-01-03 22:43:48'),(35,3,1,9,'2017-01-03 22:43:48','2017-01-03 22:43:48'),(36,4,2,9,'2017-01-03 22:43:48','2017-01-03 22:43:48'),(37,1,1,10,'2017-01-03 22:43:48','2017-01-03 22:43:48'),(38,2,1,10,'2017-01-03 22:43:48','2017-01-03 22:43:48'),(39,3,1,10,'2017-01-03 22:43:48','2017-01-03 22:43:48'),(40,4,2,10,'2017-01-03 22:43:48','2017-01-03 22:43:48'),(41,1,1,11,'2017-01-03 22:43:53','2017-01-03 22:43:53'),(42,2,1,11,'2017-01-03 22:43:53','2017-01-03 22:43:53'),(43,3,1,11,'2017-01-03 22:43:53','2017-01-03 22:43:53'),(44,4,2,11,'2017-01-03 22:43:53','2017-01-03 22:43:53'),(45,1,1,12,'2017-01-03 22:43:57','2017-01-03 22:43:57'),(46,2,1,12,'2017-01-03 22:43:57','2017-01-03 22:43:57'),(47,3,1,12,'2017-01-03 22:43:57','2017-01-03 22:43:57'),(48,4,2,12,'2017-01-03 22:43:58','2017-01-03 22:43:58'),(49,1,1,13,'2017-01-03 22:44:01','2017-01-03 22:44:01'),(50,2,1,13,'2017-01-03 22:44:01','2017-01-03 22:44:01'),(51,3,1,13,'2017-01-03 22:44:01','2017-01-03 22:44:01'),(52,4,2,13,'2017-01-03 22:44:01','2017-01-03 22:44:01'),(53,1,1,14,'2017-01-03 22:44:02','2017-01-03 22:44:02'),(54,2,1,14,'2017-01-03 22:44:02','2017-01-03 22:44:02'),(55,3,1,14,'2017-01-03 22:44:02','2017-01-03 22:44:02'),(56,4,2,14,'2017-01-03 22:44:02','2017-01-03 22:44:02'),(57,1,1,15,'2017-01-03 22:44:04','2017-01-03 22:44:04'),(58,2,1,15,'2017-01-03 22:44:04','2017-01-03 22:44:04'),(59,3,1,15,'2017-01-03 22:44:04','2017-01-03 22:44:04'),(60,4,2,15,'2017-01-03 22:44:04','2017-01-03 22:44:04'),(61,1,1,16,'2017-01-03 22:44:33','2017-01-03 22:44:33'),(62,2,1,16,'2017-01-03 22:44:33','2017-01-03 22:44:33'),(63,3,1,16,'2017-01-03 22:44:33','2017-01-03 22:44:33'),(64,4,2,16,'2017-01-03 22:44:33','2017-01-03 22:44:33'),(65,1,1,17,'2017-01-03 22:44:33','2017-01-03 22:44:33'),(66,2,1,17,'2017-01-03 22:44:33','2017-01-03 22:44:33'),(67,3,1,17,'2017-01-03 22:44:33','2017-01-03 22:44:33'),(68,4,2,17,'2017-01-03 22:44:33','2017-01-03 22:44:33'),(69,1,1,18,'2017-01-03 22:44:36','2017-01-03 22:44:36'),(70,2,1,18,'2017-01-03 22:44:36','2017-01-03 22:44:36'),(71,3,1,18,'2017-01-03 22:44:36','2017-01-03 22:44:36'),(72,4,2,18,'2017-01-03 22:44:36','2017-01-03 22:44:36'),(73,1,1,19,'2017-01-03 22:44:39','2017-01-03 22:44:39'),(74,2,1,19,'2017-01-03 22:44:39','2017-01-03 22:44:39'),(75,3,1,19,'2017-01-03 22:44:39','2017-01-03 22:44:39'),(76,4,2,19,'2017-01-03 22:44:39','2017-01-03 22:44:39'),(77,1,1,20,'2017-01-03 22:44:39','2017-01-03 22:44:39'),(78,2,1,20,'2017-01-03 22:44:39','2017-01-03 22:44:39'),(79,3,1,20,'2017-01-03 22:44:39','2017-01-03 22:44:39'),(80,4,2,20,'2017-01-03 22:44:39','2017-01-03 22:44:39'),(81,1,1,21,'2017-01-03 22:44:45','2017-01-03 22:44:45'),(82,2,1,21,'2017-01-03 22:44:45','2017-01-03 22:44:45'),(83,3,1,21,'2017-01-03 22:44:45','2017-01-03 22:44:45'),(84,4,2,21,'2017-01-03 22:44:45','2017-01-03 22:44:45'),(85,1,1,22,'2017-01-03 22:44:46','2017-01-03 22:44:46'),(86,2,1,22,'2017-01-03 22:44:46','2017-01-03 22:44:46'),(87,3,1,22,'2017-01-03 22:44:46','2017-01-03 22:44:46'),(88,4,2,22,'2017-01-03 22:44:46','2017-01-03 22:44:46'),(89,1,1,23,'2017-01-03 22:44:51','2017-01-03 22:44:51'),(90,2,1,23,'2017-01-03 22:44:51','2017-01-03 22:44:51'),(91,3,1,23,'2017-01-03 22:44:51','2017-01-03 22:44:51'),(92,4,2,23,'2017-01-03 22:44:51','2017-01-03 22:44:51'),(93,1,1,24,'2017-01-03 22:44:51','2017-01-03 22:44:51'),(94,2,1,24,'2017-01-03 22:44:51','2017-01-03 22:44:51'),(95,3,1,24,'2017-01-03 22:44:51','2017-01-03 22:44:51'),(96,4,2,24,'2017-01-03 22:44:51','2017-01-03 22:44:51'),(97,1,1,25,'2017-01-03 22:44:56','2017-01-03 22:44:56'),(98,2,1,25,'2017-01-03 22:44:56','2017-01-03 22:44:56'),(99,3,1,25,'2017-01-03 22:44:56','2017-01-03 22:44:56'),(100,4,2,25,'2017-01-03 22:44:56','2017-01-03 22:44:56'),(101,1,1,26,'2017-01-03 22:44:57','2017-01-03 22:44:57'),(102,2,1,26,'2017-01-03 22:44:57','2017-01-03 22:44:57'),(103,3,1,26,'2017-01-03 22:44:57','2017-01-03 22:44:57'),(104,4,2,26,'2017-01-03 22:44:57','2017-01-03 22:44:57'),(105,1,1,27,'2017-01-03 22:44:59','2017-01-03 22:44:59'),(106,2,1,27,'2017-01-03 22:44:59','2017-01-03 22:44:59'),(107,3,1,27,'2017-01-03 22:44:59','2017-01-03 22:44:59'),(108,4,2,27,'2017-01-03 22:44:59','2017-01-03 22:44:59'),(109,1,1,28,'2017-01-03 22:45:02','2017-01-03 22:45:02'),(110,2,1,28,'2017-01-03 22:45:02','2017-01-03 22:45:02'),(111,3,1,28,'2017-01-03 22:45:02','2017-01-03 22:45:02'),(112,4,2,28,'2017-01-03 22:45:02','2017-01-03 22:45:02'),(113,1,1,29,'2017-01-03 22:45:04','2017-01-03 22:45:04'),(114,2,1,29,'2017-01-03 22:45:04','2017-01-03 22:45:04'),(115,3,1,29,'2017-01-03 22:45:04','2017-01-03 22:45:04'),(116,4,2,29,'2017-01-03 22:45:04','2017-01-03 22:45:04'),(117,1,1,30,'2017-01-03 22:45:06','2017-01-03 22:45:06'),(118,2,1,30,'2017-01-03 22:45:06','2017-01-03 22:45:06'),(119,3,1,30,'2017-01-03 22:45:06','2017-01-03 22:45:06'),(120,4,2,30,'2017-01-03 22:45:06','2017-01-03 22:45:06'),(121,1,1,31,'2017-01-03 22:45:10','2017-01-03 22:45:10'),(122,2,1,31,'2017-01-03 22:45:10','2017-01-03 22:45:10'),(123,3,1,31,'2017-01-03 22:45:10','2017-01-03 22:45:10'),(124,4,2,31,'2017-01-03 22:45:10','2017-01-03 22:45:10'),(125,1,1,32,'2017-01-03 22:45:10','2017-01-03 22:45:10'),(126,2,1,32,'2017-01-03 22:45:10','2017-01-03 22:45:10'),(127,3,1,32,'2017-01-03 22:45:10','2017-01-03 22:45:10'),(128,4,2,32,'2017-01-03 22:45:10','2017-01-03 22:45:10'),(129,1,1,33,'2017-01-03 22:45:21','2017-01-03 22:45:21'),(130,2,1,33,'2017-01-03 22:45:21','2017-01-03 22:45:21'),(131,3,1,33,'2017-01-03 22:45:21','2017-01-03 22:45:21'),(132,4,2,33,'2017-01-03 22:45:21','2017-01-03 22:45:21'),(133,1,1,34,'2017-01-03 22:45:28','2017-01-03 22:45:28'),(134,2,1,34,'2017-01-03 22:45:28','2017-01-03 22:45:28'),(135,3,1,34,'2017-01-03 22:45:28','2017-01-03 22:45:28'),(136,4,2,34,'2017-01-03 22:45:28','2017-01-03 22:45:28'),(137,1,1,35,'2017-01-03 22:45:28','2017-01-03 22:45:28'),(138,2,1,35,'2017-01-03 22:45:28','2017-01-03 22:45:28'),(139,3,1,35,'2017-01-03 22:45:28','2017-01-03 22:45:28'),(140,4,2,35,'2017-01-03 22:45:28','2017-01-03 22:45:28'),(141,1,1,36,'2017-01-03 22:45:35','2017-01-03 22:45:35'),(142,2,1,36,'2017-01-03 22:45:35','2017-01-03 22:45:35'),(143,3,1,36,'2017-01-03 22:45:35','2017-01-03 22:45:35'),(144,4,2,36,'2017-01-03 22:45:35','2017-01-03 22:45:35'),(145,1,1,37,'2017-01-03 22:45:37','2017-01-03 22:45:37'),(146,2,1,37,'2017-01-03 22:45:37','2017-01-03 22:45:37'),(147,3,1,37,'2017-01-03 22:45:37','2017-01-03 22:45:37'),(148,4,2,37,'2017-01-03 22:45:37','2017-01-03 22:45:37'),(149,1,1,38,'2017-01-03 22:45:38','2017-01-03 22:45:38'),(150,2,1,38,'2017-01-03 22:45:38','2017-01-03 22:45:38'),(151,3,1,38,'2017-01-03 22:45:38','2017-01-03 22:45:38'),(152,4,2,38,'2017-01-03 22:45:38','2017-01-03 22:45:38'),(153,1,1,39,'2017-01-03 22:45:38','2017-01-03 22:45:38'),(154,2,1,39,'2017-01-03 22:45:38','2017-01-03 22:45:38'),(155,3,1,39,'2017-01-03 22:45:38','2017-01-03 22:45:38'),(156,4,2,39,'2017-01-03 22:45:38','2017-01-03 22:45:38'),(157,1,1,40,'2017-01-03 22:45:43','2017-01-03 22:45:43'),(158,2,1,40,'2017-01-03 22:45:43','2017-01-03 22:45:43'),(159,3,1,40,'2017-01-03 22:45:43','2017-01-03 22:45:43'),(160,4,2,40,'2017-01-03 22:45:43','2017-01-03 22:45:43'),(161,1,1,41,'2017-01-03 22:45:46','2017-01-03 22:45:46'),(162,2,1,41,'2017-01-03 22:45:46','2017-01-03 22:45:46'),(163,3,1,41,'2017-01-03 22:45:46','2017-01-03 22:45:46'),(164,4,2,41,'2017-01-03 22:45:46','2017-01-03 22:45:46'),(165,1,1,42,'2017-01-03 22:45:47','2017-01-03 22:45:47'),(166,2,1,42,'2017-01-03 22:45:47','2017-01-03 22:45:47'),(167,3,1,42,'2017-01-03 22:45:47','2017-01-03 22:45:47'),(168,4,2,42,'2017-01-03 22:45:47','2017-01-03 22:45:47'),(169,1,1,43,'2017-01-03 22:45:47','2017-01-03 22:45:47'),(170,2,1,43,'2017-01-03 22:45:47','2017-01-03 22:45:47'),(171,3,1,43,'2017-01-03 22:45:47','2017-01-03 22:45:47'),(172,4,2,43,'2017-01-03 22:45:47','2017-01-03 22:45:47'),(173,1,1,44,'2017-01-03 22:45:51','2017-01-03 22:45:51'),(174,2,1,44,'2017-01-03 22:45:51','2017-01-03 22:45:51'),(175,3,1,44,'2017-01-03 22:45:51','2017-01-03 22:45:51'),(176,4,2,44,'2017-01-03 22:45:51','2017-01-03 22:45:51'),(177,1,1,45,'2017-01-03 22:45:58','2017-01-03 22:45:58'),(178,2,1,45,'2017-01-03 22:45:58','2017-01-03 22:45:58'),(179,3,1,45,'2017-01-03 22:45:58','2017-01-03 22:45:58'),(180,4,2,45,'2017-01-03 22:45:58','2017-01-03 22:45:58'),(181,1,1,46,'2017-01-03 22:45:58','2017-01-03 22:45:58'),(182,2,1,46,'2017-01-03 22:45:58','2017-01-03 22:45:58'),(183,3,1,46,'2017-01-03 22:45:58','2017-01-03 22:45:58'),(184,4,2,46,'2017-01-03 22:45:58','2017-01-03 22:45:58'),(185,1,1,47,'2017-01-03 22:45:58','2017-01-03 22:45:58'),(186,2,1,47,'2017-01-03 22:45:58','2017-01-03 22:45:58'),(187,3,1,47,'2017-01-03 22:45:58','2017-01-03 22:45:58'),(188,4,2,47,'2017-01-03 22:45:58','2017-01-03 22:45:58'),(189,1,1,48,'2017-01-03 22:45:58','2017-01-03 22:45:58'),(190,2,1,48,'2017-01-03 22:45:58','2017-01-03 22:45:58'),(191,3,1,48,'2017-01-03 22:45:58','2017-01-03 22:45:58'),(192,4,2,48,'2017-01-03 22:45:58','2017-01-03 22:45:58'),(193,1,1,49,'2017-01-03 22:46:16','2017-01-03 22:46:16'),(194,2,1,49,'2017-01-03 22:46:16','2017-01-03 22:46:16'),(195,3,1,49,'2017-01-03 22:46:16','2017-01-03 22:46:16'),(196,4,2,49,'2017-01-03 22:46:16','2017-01-03 22:46:16'),(197,1,1,50,'2017-01-03 22:46:18','2017-01-03 22:46:18'),(198,2,1,50,'2017-01-03 22:46:18','2017-01-03 22:46:18'),(199,3,1,50,'2017-01-03 22:46:18','2017-01-03 22:46:18'),(200,4,2,50,'2017-01-03 22:46:18','2017-01-03 22:46:18'),(201,1,1,51,'2017-01-03 22:46:19','2017-01-03 22:46:19'),(202,2,1,51,'2017-01-03 22:46:19','2017-01-03 22:46:19'),(203,3,1,51,'2017-01-03 22:46:19','2017-01-03 22:46:19'),(204,4,2,51,'2017-01-03 22:46:19','2017-01-03 22:46:19'),(205,1,1,52,'2017-01-03 22:46:50','2017-01-03 22:46:50'),(206,2,1,52,'2017-01-03 22:46:50','2017-01-03 22:46:50'),(207,3,1,52,'2017-01-03 22:46:50','2017-01-03 22:46:50'),(208,4,2,52,'2017-01-03 22:46:50','2017-01-03 22:46:50'),(209,1,1,53,'2017-01-03 22:46:52','2017-01-03 22:46:52'),(210,2,1,53,'2017-01-03 22:46:52','2017-01-03 22:46:52'),(211,3,1,53,'2017-01-03 22:46:52','2017-01-03 22:46:52'),(212,4,2,53,'2017-01-03 22:46:52','2017-01-03 22:46:52'),(213,1,1,54,'2017-01-03 22:46:53','2017-01-03 22:46:53'),(214,2,1,54,'2017-01-03 22:46:53','2017-01-03 22:46:53'),(215,3,1,54,'2017-01-03 22:46:53','2017-01-03 22:46:53'),(216,4,2,54,'2017-01-03 22:46:53','2017-01-03 22:46:53'),(217,1,1,55,'2017-01-03 22:46:58','2017-01-03 22:46:58'),(218,2,1,55,'2017-01-03 22:46:58','2017-01-03 22:46:58'),(219,3,1,55,'2017-01-03 22:46:58','2017-01-03 22:46:58'),(220,4,2,55,'2017-01-03 22:46:58','2017-01-03 22:46:58'),(221,1,1,56,'2017-01-03 22:46:58','2017-01-03 22:46:58'),(222,2,1,56,'2017-01-03 22:46:58','2017-01-03 22:46:58'),(223,3,1,56,'2017-01-03 22:46:58','2017-01-03 22:46:58'),(224,4,2,56,'2017-01-03 22:46:58','2017-01-03 22:46:58'),(225,1,1,57,'2017-01-03 22:47:02','2017-01-03 22:47:02'),(226,2,1,57,'2017-01-03 22:47:02','2017-01-03 22:47:02'),(227,3,1,57,'2017-01-03 22:47:02','2017-01-03 22:47:02'),(228,4,2,57,'2017-01-03 22:47:02','2017-01-03 22:47:02'),(229,1,1,58,'2017-01-03 22:47:05','2017-01-03 22:47:05'),(230,2,1,58,'2017-01-03 22:47:05','2017-01-03 22:47:05'),(231,3,1,58,'2017-01-03 22:47:05','2017-01-03 22:47:05'),(232,4,2,58,'2017-01-03 22:47:05','2017-01-03 22:47:05'),(233,1,1,59,'2017-01-03 22:47:05','2017-01-03 22:47:05'),(234,2,1,59,'2017-01-03 22:47:05','2017-01-03 22:47:05'),(235,3,1,59,'2017-01-03 22:47:05','2017-01-03 22:47:05'),(236,4,2,59,'2017-01-03 22:47:05','2017-01-03 22:47:05'),(237,1,1,60,'2017-01-03 22:47:06','2017-01-03 22:47:06'),(238,2,1,60,'2017-01-03 22:47:06','2017-01-03 22:47:06'),(239,3,1,60,'2017-01-03 22:47:06','2017-01-03 22:47:06'),(240,4,2,60,'2017-01-03 22:47:06','2017-01-03 22:47:06'),(241,1,1,61,'2017-01-03 22:47:06','2017-01-03 22:47:06'),(242,2,1,61,'2017-01-03 22:47:06','2017-01-03 22:47:06'),(243,3,1,61,'2017-01-03 22:47:06','2017-01-03 22:47:06'),(244,4,2,61,'2017-01-03 22:47:06','2017-01-03 22:47:06'),(245,1,1,62,'2017-01-03 22:47:22','2017-01-03 22:47:22'),(246,2,1,62,'2017-01-03 22:47:22','2017-01-03 22:47:22'),(247,3,1,62,'2017-01-03 22:47:22','2017-01-03 22:47:22'),(248,4,2,62,'2017-01-03 22:47:22','2017-01-03 22:47:22'),(249,1,1,63,'2017-01-03 22:47:22','2017-01-03 22:47:22'),(250,2,1,63,'2017-01-03 22:47:22','2017-01-03 22:47:22'),(251,3,1,63,'2017-01-03 22:47:22','2017-01-03 22:47:22'),(252,4,2,63,'2017-01-03 22:47:22','2017-01-03 22:47:22'),(253,1,1,64,'2017-01-03 22:47:55','2017-01-03 22:47:55'),(254,2,1,64,'2017-01-03 22:47:55','2017-01-03 22:47:55'),(255,3,1,64,'2017-01-03 22:47:55','2017-01-03 22:47:55'),(256,4,2,64,'2017-01-03 22:47:55','2017-01-03 22:47:55'),(257,1,1,65,'2017-01-03 22:49:32','2017-01-03 22:49:32'),(258,2,1,65,'2017-01-03 22:49:32','2017-01-03 22:49:32'),(259,3,1,65,'2017-01-03 22:49:32','2017-01-03 22:49:32'),(260,4,2,65,'2017-01-03 22:49:32','2017-01-03 22:49:32'),(261,1,1,66,'2017-01-03 22:49:47','2017-01-03 22:49:47'),(262,2,1,66,'2017-01-03 22:49:47','2017-01-03 22:49:47'),(263,3,1,66,'2017-01-03 22:49:47','2017-01-03 22:49:47'),(264,4,2,66,'2017-01-03 22:49:47','2017-01-03 22:49:47'),(265,1,1,67,'2017-01-03 22:50:00','2017-01-03 22:50:00'),(266,2,1,67,'2017-01-03 22:50:00','2017-01-03 22:50:00'),(267,3,1,67,'2017-01-03 22:50:00','2017-01-03 22:50:00'),(268,4,2,67,'2017-01-03 22:50:01','2017-01-03 22:50:01'),(269,1,1,68,'2017-01-03 22:50:01','2017-01-03 22:50:01'),(270,2,1,68,'2017-01-03 22:50:01','2017-01-03 22:50:01'),(271,3,1,68,'2017-01-03 22:50:01','2017-01-03 22:50:01'),(272,4,2,68,'2017-01-03 22:50:02','2017-01-03 22:50:02'),(273,1,1,69,'2017-01-03 22:50:45','2017-01-03 22:50:45'),(274,2,1,69,'2017-01-03 22:50:45','2017-01-03 22:50:45'),(275,3,1,69,'2017-01-03 22:50:45','2017-01-03 22:50:45'),(276,4,2,69,'2017-01-03 22:50:45','2017-01-03 22:50:45'),(277,1,1,70,'2017-01-03 22:50:48','2017-01-03 22:50:48'),(278,2,1,70,'2017-01-03 22:50:48','2017-01-03 22:50:48'),(279,3,1,70,'2017-01-03 22:50:48','2017-01-03 22:50:48'),(280,4,2,70,'2017-01-03 22:50:48','2017-01-03 22:50:48'),(281,1,1,71,'2017-01-03 22:50:51','2017-01-03 22:50:51'),(282,2,1,71,'2017-01-03 22:50:51','2017-01-03 22:50:51'),(283,3,1,71,'2017-01-03 22:50:51','2017-01-03 22:50:51'),(284,4,2,71,'2017-01-03 22:50:51','2017-01-03 22:50:51'),(285,1,1,72,'2017-01-03 22:50:56','2017-01-03 22:50:56'),(286,2,1,72,'2017-01-03 22:50:56','2017-01-03 22:50:56'),(287,3,1,72,'2017-01-03 22:50:56','2017-01-03 22:50:56'),(288,4,2,72,'2017-01-03 22:50:56','2017-01-03 22:50:56'),(289,1,1,73,'2017-01-03 22:50:56','2017-01-03 22:50:56'),(290,2,1,73,'2017-01-03 22:50:56','2017-01-03 22:50:56'),(291,3,1,73,'2017-01-03 22:50:56','2017-01-03 22:50:56'),(292,4,2,73,'2017-01-03 22:50:56','2017-01-03 22:50:56'),(293,1,1,74,'2017-01-03 22:50:58','2017-01-03 22:50:58'),(294,2,1,74,'2017-01-03 22:50:58','2017-01-03 22:50:58'),(295,3,1,74,'2017-01-03 22:50:58','2017-01-03 22:50:58'),(296,4,2,74,'2017-01-03 22:50:58','2017-01-03 22:50:58'),(297,1,1,75,'2017-01-03 22:51:00','2017-01-03 22:51:00'),(298,2,1,75,'2017-01-03 22:51:00','2017-01-03 22:51:00'),(299,3,1,75,'2017-01-03 22:51:00','2017-01-03 22:51:00'),(300,4,2,75,'2017-01-03 22:51:00','2017-01-03 22:51:00'),(301,1,1,76,'2017-01-03 22:51:14','2017-01-03 22:51:14'),(302,2,1,76,'2017-01-03 22:51:14','2017-01-03 22:51:14'),(303,3,1,76,'2017-01-03 22:51:14','2017-01-03 22:51:14'),(304,4,2,76,'2017-01-03 22:51:15','2017-01-03 22:51:15'),(305,1,1,77,'2017-01-03 22:51:15','2017-01-03 22:51:15'),(306,2,1,77,'2017-01-03 22:51:15','2017-01-03 22:51:15'),(307,3,1,77,'2017-01-03 22:51:15','2017-01-03 22:51:15'),(308,4,2,77,'2017-01-03 22:51:15','2017-01-03 22:51:15'),(309,1,1,78,'2017-01-03 22:51:18','2017-01-03 22:51:18'),(310,2,1,78,'2017-01-03 22:51:18','2017-01-03 22:51:18'),(311,3,1,78,'2017-01-03 22:51:18','2017-01-03 22:51:18'),(312,4,2,78,'2017-01-03 22:51:18','2017-01-03 22:51:18'),(313,1,1,79,'2017-01-03 22:51:20','2017-01-03 22:51:20'),(314,2,1,79,'2017-01-03 22:51:20','2017-01-03 22:51:20'),(315,3,1,79,'2017-01-03 22:51:20','2017-01-03 22:51:20'),(316,4,2,79,'2017-01-03 22:51:20','2017-01-03 22:51:20'),(317,1,1,80,'2017-01-03 22:51:21','2017-01-03 22:51:21'),(318,2,1,80,'2017-01-03 22:51:21','2017-01-03 22:51:21'),(319,3,1,80,'2017-01-03 22:51:21','2017-01-03 22:51:21'),(320,4,2,80,'2017-01-03 22:51:21','2017-01-03 22:51:21'),(321,1,1,81,'2017-01-03 22:51:26','2017-01-03 22:51:26'),(322,2,1,81,'2017-01-03 22:51:26','2017-01-03 22:51:26'),(323,3,1,81,'2017-01-03 22:51:26','2017-01-03 22:51:26'),(324,4,2,81,'2017-01-03 22:51:26','2017-01-03 22:51:26'),(325,1,1,82,'2017-01-03 22:51:29','2017-01-03 22:51:29'),(326,2,1,82,'2017-01-03 22:51:29','2017-01-03 22:51:29'),(327,3,1,82,'2017-01-03 22:51:29','2017-01-03 22:51:29'),(328,4,2,82,'2017-01-03 22:51:29','2017-01-03 22:51:29'),(329,1,1,83,'2017-01-03 22:51:30','2017-01-03 22:51:30'),(330,2,1,83,'2017-01-03 22:51:30','2017-01-03 22:51:30'),(331,3,1,83,'2017-01-03 22:51:30','2017-01-03 22:51:30'),(332,4,2,83,'2017-01-03 22:51:30','2017-01-03 22:51:30'),(333,1,1,84,'2017-01-03 22:51:32','2017-01-03 22:51:32'),(334,2,1,84,'2017-01-03 22:51:32','2017-01-03 22:51:32'),(335,3,1,84,'2017-01-03 22:51:32','2017-01-03 22:51:32'),(336,4,2,84,'2017-01-03 22:51:32','2017-01-03 22:51:32'),(337,1,1,85,'2017-01-03 22:51:34','2017-01-03 22:51:34'),(338,2,1,85,'2017-01-03 22:51:34','2017-01-03 22:51:34'),(339,3,1,85,'2017-01-03 22:51:34','2017-01-03 22:51:34'),(340,4,2,85,'2017-01-03 22:51:34','2017-01-03 22:51:34'),(341,1,1,86,'2017-01-03 22:51:36','2017-01-03 22:51:36'),(342,2,1,86,'2017-01-03 22:51:36','2017-01-03 22:51:36'),(343,3,1,86,'2017-01-03 22:51:36','2017-01-03 22:51:36'),(344,4,2,86,'2017-01-03 22:51:36','2017-01-03 22:51:36'),(345,1,1,87,'2017-01-03 22:51:42','2017-01-03 22:51:42'),(346,2,1,87,'2017-01-03 22:51:42','2017-01-03 22:51:42'),(347,3,1,87,'2017-01-03 22:51:42','2017-01-03 22:51:42'),(348,4,2,87,'2017-01-03 22:51:42','2017-01-03 22:51:42'),(349,1,1,88,'2017-01-03 22:51:42','2017-01-03 22:51:42'),(350,2,1,88,'2017-01-03 22:51:42','2017-01-03 22:51:42'),(351,3,1,88,'2017-01-03 22:51:42','2017-01-03 22:51:42'),(352,4,2,88,'2017-01-03 22:51:42','2017-01-03 22:51:42'),(353,1,1,89,'2017-01-03 22:51:44','2017-01-03 22:51:44'),(354,2,1,89,'2017-01-03 22:51:44','2017-01-03 22:51:44'),(355,3,1,89,'2017-01-03 22:51:44','2017-01-03 22:51:44'),(356,4,2,89,'2017-01-03 22:51:45','2017-01-03 22:51:45'),(357,1,1,90,'2017-01-03 22:51:50','2017-01-03 22:51:50'),(358,2,1,90,'2017-01-03 22:51:50','2017-01-03 22:51:50'),(359,3,1,90,'2017-01-03 22:51:50','2017-01-03 22:51:50'),(360,4,2,90,'2017-01-03 22:51:50','2017-01-03 22:51:50'),(361,1,1,91,'2017-01-03 22:51:53','2017-01-03 22:51:53'),(362,2,1,91,'2017-01-03 22:51:53','2017-01-03 22:51:53'),(363,3,1,91,'2017-01-03 22:51:53','2017-01-03 22:51:53'),(364,4,2,91,'2017-01-03 22:51:53','2017-01-03 22:51:53'),(365,1,1,92,'2017-01-03 22:51:55','2017-01-03 22:51:55'),(366,2,1,92,'2017-01-03 22:51:55','2017-01-03 22:51:55'),(367,3,1,92,'2017-01-03 22:51:55','2017-01-03 22:51:55'),(368,4,2,92,'2017-01-03 22:51:55','2017-01-03 22:51:55'),(369,1,1,93,'2017-01-03 22:51:57','2017-01-03 22:51:57'),(370,2,1,93,'2017-01-03 22:51:57','2017-01-03 22:51:57'),(371,3,1,93,'2017-01-03 22:51:57','2017-01-03 22:51:57'),(372,4,2,93,'2017-01-03 22:51:57','2017-01-03 22:51:57'),(373,1,1,94,'2017-01-03 22:52:00','2017-01-03 22:52:00'),(374,2,1,94,'2017-01-03 22:52:00','2017-01-03 22:52:00'),(375,3,1,94,'2017-01-03 22:52:00','2017-01-03 22:52:00'),(376,4,2,94,'2017-01-03 22:52:00','2017-01-03 22:52:00'),(377,1,1,95,'2017-01-03 22:52:01','2017-01-03 22:52:01'),(378,2,1,95,'2017-01-03 22:52:01','2017-01-03 22:52:01'),(379,3,1,95,'2017-01-03 22:52:01','2017-01-03 22:52:01'),(380,4,2,95,'2017-01-03 22:52:01','2017-01-03 22:52:01'),(381,1,1,96,'2017-01-03 22:52:02','2017-01-03 22:52:02'),(382,2,1,96,'2017-01-03 22:52:02','2017-01-03 22:52:02'),(383,3,1,96,'2017-01-03 22:52:02','2017-01-03 22:52:02'),(384,4,2,96,'2017-01-03 22:52:02','2017-01-03 22:52:02'),(385,1,1,97,'2017-01-03 22:52:02','2017-01-03 22:52:02'),(386,2,1,97,'2017-01-03 22:52:02','2017-01-03 22:52:02'),(387,3,1,97,'2017-01-03 22:52:02','2017-01-03 22:52:02'),(388,4,2,97,'2017-01-03 22:52:03','2017-01-03 22:52:03'),(389,1,1,98,'2017-01-03 22:56:31','2017-01-03 22:56:31'),(390,2,1,98,'2017-01-03 22:56:31','2017-01-03 22:56:31'),(391,3,1,98,'2017-01-03 22:56:31','2017-01-03 22:56:31'),(392,4,2,98,'2017-01-03 22:56:31','2017-01-03 22:56:31'),(393,1,1,99,'2017-01-03 22:56:33','2017-01-03 22:56:33'),(394,2,1,99,'2017-01-03 22:56:33','2017-01-03 22:56:33'),(395,3,1,99,'2017-01-03 22:56:33','2017-01-03 22:56:33'),(396,4,2,99,'2017-01-03 22:56:33','2017-01-03 22:56:33'),(397,1,1,100,'2017-01-03 22:56:34','2017-01-03 22:56:34'),(398,2,1,100,'2017-01-03 22:56:34','2017-01-03 22:56:34'),(399,3,1,100,'2017-01-03 22:56:34','2017-01-03 22:56:34'),(400,4,2,100,'2017-01-03 22:56:35','2017-01-03 22:56:35'),(401,1,1,101,'2017-01-04 01:33:03','2017-01-04 01:33:03'),(402,2,1,101,'2017-01-04 01:33:03','2017-01-04 01:33:03'),(403,3,1,101,'2017-01-04 01:33:03','2017-01-04 01:33:03'),(404,4,2,101,'2017-01-04 01:33:03','2017-01-04 01:33:03'),(405,1,1,102,'2017-01-04 01:33:08','2017-01-04 01:33:08'),(406,2,1,102,'2017-01-04 01:33:08','2017-01-04 01:33:08'),(407,3,1,102,'2017-01-04 01:33:08','2017-01-04 01:33:08'),(408,4,2,102,'2017-01-04 01:33:08','2017-01-04 01:33:08'),(409,1,1,103,'2017-01-04 01:33:08','2017-01-04 01:33:08'),(410,2,1,103,'2017-01-04 01:33:08','2017-01-04 01:33:08'),(411,3,1,103,'2017-01-04 01:33:08','2017-01-04 01:33:08'),(412,4,2,103,'2017-01-04 01:33:08','2017-01-04 01:33:08'),(413,1,1,104,'2017-01-04 01:33:15','2017-01-04 01:33:15'),(414,2,1,104,'2017-01-04 01:33:15','2017-01-04 01:33:15'),(415,3,1,104,'2017-01-04 01:33:15','2017-01-04 01:33:15'),(416,4,2,104,'2017-01-04 01:33:15','2017-01-04 01:33:15'),(417,1,1,105,'2017-01-04 01:39:59','2017-01-04 01:39:59'),(418,2,1,105,'2017-01-04 01:39:59','2017-01-04 01:39:59'),(419,3,1,105,'2017-01-04 01:39:59','2017-01-04 01:39:59'),(420,4,2,105,'2017-01-04 01:39:59','2017-01-04 01:39:59'),(421,1,1,106,'2017-01-04 01:40:06','2017-01-04 01:40:06'),(422,2,1,106,'2017-01-04 01:40:06','2017-01-04 01:40:06'),(423,3,1,106,'2017-01-04 01:40:06','2017-01-04 01:40:06'),(424,4,2,106,'2017-01-04 01:40:06','2017-01-04 01:40:06'),(425,1,1,107,'2017-01-04 01:40:06','2017-01-04 01:40:06'),(426,2,1,107,'2017-01-04 01:40:06','2017-01-04 01:40:06'),(427,3,1,107,'2017-01-04 01:40:06','2017-01-04 01:40:06'),(428,4,2,107,'2017-01-04 01:40:06','2017-01-04 01:40:06'),(429,1,1,108,'2017-01-04 01:40:12','2017-01-04 01:40:12'),(430,2,1,108,'2017-01-04 01:40:12','2017-01-04 01:40:12'),(431,3,1,108,'2017-01-04 01:40:12','2017-01-04 01:40:12'),(432,4,2,108,'2017-01-04 01:40:12','2017-01-04 01:40:12'),(433,1,1,109,'2017-01-04 01:40:12','2017-01-04 01:40:12'),(434,2,1,109,'2017-01-04 01:40:12','2017-01-04 01:40:12'),(435,3,1,109,'2017-01-04 01:40:12','2017-01-04 01:40:12'),(436,4,2,109,'2017-01-04 01:40:12','2017-01-04 01:40:12'),(437,1,1,110,'2017-01-04 01:40:15','2017-01-04 01:40:15'),(438,2,1,110,'2017-01-04 01:40:15','2017-01-04 01:40:15'),(439,3,1,110,'2017-01-04 01:40:15','2017-01-04 01:40:15'),(440,4,2,110,'2017-01-04 01:40:15','2017-01-04 01:40:15'),(441,1,1,111,'2017-01-04 01:40:15','2017-01-04 01:40:15'),(442,2,1,111,'2017-01-04 01:40:15','2017-01-04 01:40:15'),(443,3,1,111,'2017-01-04 01:40:15','2017-01-04 01:40:15'),(444,4,2,111,'2017-01-04 01:40:15','2017-01-04 01:40:15'),(445,1,1,112,'2017-01-04 01:40:17','2017-01-04 01:40:17'),(446,2,1,112,'2017-01-04 01:40:17','2017-01-04 01:40:17'),(447,3,1,112,'2017-01-04 01:40:17','2017-01-04 01:40:17'),(448,4,2,112,'2017-01-04 01:40:17','2017-01-04 01:40:17'),(449,1,1,113,'2017-01-04 01:40:18','2017-01-04 01:40:18'),(450,2,1,113,'2017-01-04 01:40:18','2017-01-04 01:40:18'),(451,3,1,113,'2017-01-04 01:40:18','2017-01-04 01:40:18'),(452,4,2,113,'2017-01-04 01:40:18','2017-01-04 01:40:18'),(453,1,1,114,'2017-01-04 01:40:22','2017-01-04 01:40:22'),(454,2,1,114,'2017-01-04 01:40:22','2017-01-04 01:40:22'),(455,3,1,114,'2017-01-04 01:40:22','2017-01-04 01:40:22'),(456,4,2,114,'2017-01-04 01:40:22','2017-01-04 01:40:22'),(457,1,1,115,'2017-01-04 01:40:24','2017-01-04 01:40:24'),(458,2,1,115,'2017-01-04 01:40:24','2017-01-04 01:40:24'),(459,3,1,115,'2017-01-04 01:40:24','2017-01-04 01:40:24'),(460,4,2,115,'2017-01-04 01:40:25','2017-01-04 01:40:25'),(461,1,1,116,'2017-01-04 01:41:00','2017-01-04 01:41:00'),(462,2,1,116,'2017-01-04 01:41:00','2017-01-04 01:41:00'),(463,3,1,116,'2017-01-04 01:41:00','2017-01-04 01:41:00'),(464,4,2,116,'2017-01-04 01:41:00','2017-01-04 01:41:00'),(465,1,1,117,'2017-01-04 01:43:41','2017-01-04 01:43:41'),(466,2,1,117,'2017-01-04 01:43:41','2017-01-04 01:43:41'),(467,3,1,117,'2017-01-04 01:43:41','2017-01-04 01:43:41'),(468,4,2,117,'2017-01-04 01:43:42','2017-01-04 01:43:42'),(469,1,1,118,'2017-01-04 01:45:06','2017-01-04 01:45:06'),(470,2,1,118,'2017-01-04 01:45:06','2017-01-04 01:45:06'),(471,3,1,118,'2017-01-04 01:45:06','2017-01-04 01:45:06'),(472,4,2,118,'2017-01-04 01:45:06','2017-01-04 01:45:06'),(473,1,1,119,'2017-01-04 01:45:53','2017-01-04 01:45:53'),(474,2,1,119,'2017-01-04 01:45:53','2017-01-04 01:45:53'),(475,3,1,119,'2017-01-04 01:45:53','2017-01-04 01:45:53'),(476,4,2,119,'2017-01-04 01:45:53','2017-01-04 01:45:53'),(477,1,1,120,'2017-01-04 01:45:55','2017-01-04 01:45:55'),(478,2,1,120,'2017-01-04 01:45:55','2017-01-04 01:45:55'),(479,3,1,120,'2017-01-04 01:45:55','2017-01-04 01:45:55'),(480,4,2,120,'2017-01-04 01:45:56','2017-01-04 01:45:56'),(481,1,1,121,'2017-01-04 01:46:12','2017-01-04 01:46:12'),(482,2,1,121,'2017-01-04 01:46:12','2017-01-04 01:46:12'),(483,3,1,121,'2017-01-04 01:46:12','2017-01-04 01:46:12'),(484,4,2,121,'2017-01-04 01:46:12','2017-01-04 01:46:12'),(485,1,1,122,'2017-01-04 01:46:25','2017-01-04 01:46:25'),(486,2,1,122,'2017-01-04 01:46:25','2017-01-04 01:46:25'),(487,3,1,122,'2017-01-04 01:46:25','2017-01-04 01:46:25'),(488,4,2,122,'2017-01-04 01:46:25','2017-01-04 01:46:25'),(489,1,1,123,'2017-01-04 01:46:49','2017-01-04 01:46:49'),(490,2,1,123,'2017-01-04 01:46:49','2017-01-04 01:46:49'),(491,3,1,123,'2017-01-04 01:46:49','2017-01-04 01:46:49'),(492,4,2,123,'2017-01-04 01:46:49','2017-01-04 01:46:49'),(493,1,1,124,'2017-01-04 01:51:40','2017-01-04 01:51:40'),(494,2,1,124,'2017-01-04 01:51:40','2017-01-04 01:51:40'),(495,3,1,124,'2017-01-04 01:51:40','2017-01-04 01:51:40'),(496,4,2,124,'2017-01-04 01:51:41','2017-01-04 01:51:41'),(497,1,1,125,'2017-01-04 01:58:32','2017-01-04 01:58:32'),(498,2,1,125,'2017-01-04 01:58:32','2017-01-04 01:58:32'),(499,3,1,125,'2017-01-04 01:58:32','2017-01-04 01:58:32'),(500,4,2,125,'2017-01-04 01:58:32','2017-01-04 01:58:32'),(501,1,1,126,'2017-01-04 01:58:44','2017-01-04 01:58:44'),(502,2,1,126,'2017-01-04 01:58:44','2017-01-04 01:58:44'),(503,3,1,126,'2017-01-04 01:58:44','2017-01-04 01:58:44'),(504,4,2,126,'2017-01-04 01:58:44','2017-01-04 01:58:44'),(505,1,1,127,'2017-01-04 02:15:29','2017-01-04 02:15:29'),(506,2,1,127,'2017-01-04 02:15:29','2017-01-04 02:15:29'),(507,3,1,127,'2017-01-04 02:15:29','2017-01-04 02:15:29'),(508,4,2,127,'2017-01-04 02:15:30','2017-01-04 02:15:30'),(509,1,1,128,'2017-01-04 02:15:40','2017-01-04 02:15:40'),(510,2,1,128,'2017-01-04 02:15:40','2017-01-04 02:15:40'),(511,3,1,128,'2017-01-04 02:15:40','2017-01-04 02:15:40'),(512,4,2,128,'2017-01-04 02:15:41','2017-01-04 02:15:41'),(513,1,1,129,'2017-01-04 02:15:43','2017-01-04 02:15:43'),(514,2,1,129,'2017-01-04 02:15:43','2017-01-04 02:15:43'),(515,3,1,129,'2017-01-04 02:15:43','2017-01-04 02:15:43'),(516,4,2,129,'2017-01-04 02:15:43','2017-01-04 02:15:43'),(517,1,1,130,'2017-01-04 02:17:14','2017-01-04 02:17:14'),(518,2,1,130,'2017-01-04 02:17:14','2017-01-04 02:17:14'),(519,3,1,130,'2017-01-04 02:17:14','2017-01-04 02:17:14'),(520,4,2,130,'2017-01-04 02:17:14','2017-01-04 02:17:14'),(521,1,1,131,'2017-01-04 02:17:46','2017-01-04 02:17:46'),(522,2,1,131,'2017-01-04 02:17:46','2017-01-04 02:17:46'),(523,3,1,131,'2017-01-04 02:17:46','2017-01-04 02:17:46'),(524,4,2,131,'2017-01-04 02:17:46','2017-01-04 02:17:46'),(525,1,1,132,'2017-01-04 02:19:04','2017-01-04 02:19:04'),(526,2,1,132,'2017-01-04 02:19:04','2017-01-04 02:19:04'),(527,3,1,132,'2017-01-04 02:19:04','2017-01-04 02:19:04'),(528,4,2,132,'2017-01-04 02:19:04','2017-01-04 02:19:04'),(529,1,1,133,'2017-01-04 02:19:45','2017-01-04 02:19:45'),(530,2,1,133,'2017-01-04 02:19:45','2017-01-04 02:19:45'),(531,3,1,133,'2017-01-04 02:19:45','2017-01-04 02:19:45'),(532,4,2,133,'2017-01-04 02:19:45','2017-01-04 02:19:45'),(533,1,1,134,'2017-01-04 02:21:38','2017-01-04 02:21:38'),(534,2,1,134,'2017-01-04 02:21:38','2017-01-04 02:21:38'),(535,3,1,134,'2017-01-04 02:21:38','2017-01-04 02:21:38'),(536,4,2,134,'2017-01-04 02:21:38','2017-01-04 02:21:38'),(537,1,1,135,'2017-01-04 02:21:40','2017-01-04 02:21:40'),(538,2,1,135,'2017-01-04 02:21:40','2017-01-04 02:21:40'),(539,3,1,135,'2017-01-04 02:21:40','2017-01-04 02:21:40'),(540,4,2,135,'2017-01-04 02:21:40','2017-01-04 02:21:40'),(541,1,1,136,'2017-01-04 02:21:51','2017-01-04 02:21:51'),(542,2,1,136,'2017-01-04 02:21:51','2017-01-04 02:21:51'),(543,3,1,136,'2017-01-04 02:21:51','2017-01-04 02:21:51'),(544,4,2,136,'2017-01-04 02:21:51','2017-01-04 02:21:51'),(545,1,1,137,'2017-01-04 02:21:53','2017-01-04 02:21:53'),(546,2,1,137,'2017-01-04 02:21:53','2017-01-04 02:21:53'),(547,3,1,137,'2017-01-04 02:21:53','2017-01-04 02:21:53'),(548,4,2,137,'2017-01-04 02:21:53','2017-01-04 02:21:53'),(549,1,1,138,'2017-01-04 02:21:55','2017-01-04 02:21:55'),(550,2,1,138,'2017-01-04 02:21:55','2017-01-04 02:21:55'),(551,3,1,138,'2017-01-04 02:21:55','2017-01-04 02:21:55'),(552,4,2,138,'2017-01-04 02:21:55','2017-01-04 02:21:55'),(553,1,1,139,'2017-01-04 02:21:57','2017-01-04 02:21:57'),(554,2,1,139,'2017-01-04 02:21:57','2017-01-04 02:21:57'),(555,3,1,139,'2017-01-04 02:21:57','2017-01-04 02:21:57'),(556,4,2,139,'2017-01-04 02:21:57','2017-01-04 02:21:57'),(557,1,1,140,'2017-01-04 02:21:57','2017-01-04 02:21:57'),(558,2,1,140,'2017-01-04 02:21:57','2017-01-04 02:21:57'),(559,3,1,140,'2017-01-04 02:21:57','2017-01-04 02:21:57'),(560,4,2,140,'2017-01-04 02:21:57','2017-01-04 02:21:57'),(561,1,1,141,'2017-01-04 02:22:48','2017-01-04 02:22:48'),(562,2,1,141,'2017-01-04 02:22:48','2017-01-04 02:22:48'),(563,3,1,141,'2017-01-04 02:22:48','2017-01-04 02:22:48'),(564,5,NULL,141,'2017-01-04 02:22:48','2017-01-04 02:22:48'),(565,4,2,141,'2017-01-04 02:22:48','2017-01-04 02:22:48'),(566,1,1,142,'2017-01-04 02:22:56','2017-01-04 02:22:56'),(567,2,1,142,'2017-01-04 02:22:56','2017-01-04 02:22:56'),(568,3,1,142,'2017-01-04 02:22:56','2017-01-04 02:22:56'),(569,4,2,142,'2017-01-04 02:22:56','2017-01-04 02:22:56'),(570,1,1,143,'2017-01-04 02:23:00','2017-01-04 02:23:00'),(571,2,1,143,'2017-01-04 02:23:00','2017-01-04 02:23:00'),(572,3,1,143,'2017-01-04 02:23:00','2017-01-04 02:23:00'),(573,4,2,143,'2017-01-04 02:23:00','2017-01-04 02:23:00'),(574,1,1,144,'2017-01-04 02:23:00','2017-01-04 02:23:00'),(575,2,1,144,'2017-01-04 02:23:00','2017-01-04 02:23:00'),(576,3,1,144,'2017-01-04 02:23:00','2017-01-04 02:23:00'),(577,4,2,144,'2017-01-04 02:23:00','2017-01-04 02:23:00'),(578,1,1,145,'2017-01-04 02:23:58','2017-01-04 02:23:58'),(579,2,1,145,'2017-01-04 02:23:58','2017-01-04 02:23:58'),(580,3,1,145,'2017-01-04 02:23:58','2017-01-04 02:23:58'),(581,6,NULL,145,'2017-01-04 02:23:58','2017-01-04 02:23:58'),(582,4,2,145,'2017-01-04 02:23:59','2017-01-04 02:23:59'),(583,1,1,146,'2017-01-04 02:24:18','2017-01-04 02:24:18'),(584,2,1,146,'2017-01-04 02:24:18','2017-01-04 02:24:18'),(585,3,1,146,'2017-01-04 02:24:18','2017-01-04 02:24:18'),(586,7,NULL,146,'2017-01-04 02:24:18','2017-01-04 02:24:18'),(587,4,2,146,'2017-01-04 02:24:18','2017-01-04 02:24:18'),(588,1,1,147,'2017-01-04 02:28:19','2017-01-04 02:28:19'),(589,2,1,147,'2017-01-04 02:28:19','2017-01-04 02:28:19'),(590,3,1,147,'2017-01-04 02:28:19','2017-01-04 02:28:19'),(591,4,2,147,'2017-01-04 02:28:19','2017-01-04 02:28:19'),(592,1,1,148,'2017-01-04 02:28:21','2017-01-04 02:28:21'),(593,2,1,148,'2017-01-04 02:28:21','2017-01-04 02:28:21'),(594,3,1,148,'2017-01-04 02:28:21','2017-01-04 02:28:21'),(595,4,2,148,'2017-01-04 02:28:21','2017-01-04 02:28:21'),(596,1,1,149,'2017-01-04 02:28:26','2017-01-04 02:28:26'),(597,2,1,149,'2017-01-04 02:28:26','2017-01-04 02:28:26'),(598,3,1,149,'2017-01-04 02:28:26','2017-01-04 02:28:26'),(599,4,2,149,'2017-01-04 02:28:26','2017-01-04 02:28:26'),(600,1,1,150,'2017-01-04 02:28:27','2017-01-04 02:28:27'),(601,2,1,150,'2017-01-04 02:28:27','2017-01-04 02:28:27'),(602,3,1,150,'2017-01-04 02:28:27','2017-01-04 02:28:27'),(603,4,2,150,'2017-01-04 02:28:27','2017-01-04 02:28:27'),(604,1,1,151,'2017-01-04 02:28:29','2017-01-04 02:28:29'),(605,2,1,151,'2017-01-04 02:28:29','2017-01-04 02:28:29'),(606,3,1,151,'2017-01-04 02:28:29','2017-01-04 02:28:29'),(607,8,NULL,151,'2017-01-04 02:28:29','2017-01-04 02:28:29'),(608,4,2,151,'2017-01-04 02:28:29','2017-01-04 02:28:29'),(609,1,1,152,'2017-01-04 02:28:31','2017-01-04 02:28:31'),(610,2,1,152,'2017-01-04 02:28:31','2017-01-04 02:28:31'),(611,3,1,152,'2017-01-04 02:28:31','2017-01-04 02:28:31'),(612,4,2,152,'2017-01-04 02:28:31','2017-01-04 02:28:31'),(613,1,1,153,'2017-01-04 02:28:34','2017-01-04 02:28:34'),(614,2,1,153,'2017-01-04 02:28:34','2017-01-04 02:28:34'),(615,3,1,153,'2017-01-04 02:28:34','2017-01-04 02:28:34'),(616,4,2,153,'2017-01-04 02:28:34','2017-01-04 02:28:34'),(617,1,1,154,'2017-01-04 02:38:40','2017-01-04 02:38:40'),(618,2,1,154,'2017-01-04 02:38:40','2017-01-04 02:38:40'),(619,3,1,154,'2017-01-04 02:38:40','2017-01-04 02:38:40'),(620,4,2,154,'2017-01-04 02:38:40','2017-01-04 02:38:40'),(621,1,1,155,'2017-01-04 02:39:56','2017-01-04 02:39:56'),(622,2,1,155,'2017-01-04 02:39:56','2017-01-04 02:39:56'),(623,3,1,155,'2017-01-04 02:39:56','2017-01-04 02:39:56'),(624,4,2,155,'2017-01-04 02:39:56','2017-01-04 02:39:56'),(625,1,1,156,'2017-01-04 02:40:01','2017-01-04 02:40:01'),(626,2,1,156,'2017-01-04 02:40:01','2017-01-04 02:40:01'),(627,3,1,156,'2017-01-04 02:40:01','2017-01-04 02:40:01'),(628,4,2,156,'2017-01-04 02:40:01','2017-01-04 02:40:01'),(629,1,1,157,'2017-01-04 02:40:03','2017-01-04 02:40:03'),(630,2,1,157,'2017-01-04 02:40:03','2017-01-04 02:40:03'),(631,3,1,157,'2017-01-04 02:40:03','2017-01-04 02:40:03'),(632,4,2,157,'2017-01-04 02:40:03','2017-01-04 02:40:03'),(633,1,1,158,'2017-01-04 02:42:27','2017-01-04 02:42:27'),(634,2,1,158,'2017-01-04 02:42:27','2017-01-04 02:42:27'),(635,3,1,158,'2017-01-04 02:42:27','2017-01-04 02:42:27'),(636,4,2,158,'2017-01-04 02:42:27','2017-01-04 02:42:27'),(637,1,1,159,'2017-01-04 02:42:34','2017-01-04 02:42:34'),(638,2,1,159,'2017-01-04 02:42:34','2017-01-04 02:42:34'),(639,3,1,159,'2017-01-04 02:42:34','2017-01-04 02:42:34'),(640,4,2,159,'2017-01-04 02:42:34','2017-01-04 02:42:34'),(641,1,1,160,'2017-01-04 02:42:36','2017-01-04 02:42:36'),(642,2,1,160,'2017-01-04 02:42:36','2017-01-04 02:42:36'),(643,3,1,160,'2017-01-04 02:42:36','2017-01-04 02:42:36'),(644,4,2,160,'2017-01-04 02:42:36','2017-01-04 02:42:36'),(645,1,1,161,'2017-01-04 02:42:42','2017-01-04 02:42:42'),(646,2,1,161,'2017-01-04 02:42:42','2017-01-04 02:42:42'),(647,3,1,161,'2017-01-04 02:42:42','2017-01-04 02:42:42'),(648,4,2,161,'2017-01-04 02:42:42','2017-01-04 02:42:42'),(649,1,1,162,'2017-01-04 02:42:42','2017-01-04 02:42:42'),(650,2,1,162,'2017-01-04 02:42:42','2017-01-04 02:42:42'),(651,3,1,162,'2017-01-04 02:42:42','2017-01-04 02:42:42'),(652,4,2,162,'2017-01-04 02:42:42','2017-01-04 02:42:42'),(653,1,1,163,'2017-01-04 02:42:49','2017-01-04 02:42:49'),(654,2,1,163,'2017-01-04 02:42:49','2017-01-04 02:42:49'),(655,3,1,163,'2017-01-04 02:42:49','2017-01-04 02:42:49'),(656,4,2,163,'2017-01-04 02:42:49','2017-01-04 02:42:49'),(657,1,1,164,'2017-01-04 02:44:59','2017-01-04 02:44:59'),(658,2,1,164,'2017-01-04 02:44:59','2017-01-04 02:44:59'),(659,3,1,164,'2017-01-04 02:44:59','2017-01-04 02:44:59'),(660,4,2,164,'2017-01-04 02:44:59','2017-01-04 02:44:59'),(661,1,1,165,'2017-01-04 02:45:10','2017-01-04 02:45:10'),(662,2,1,165,'2017-01-04 02:45:10','2017-01-04 02:45:10'),(663,3,1,165,'2017-01-04 02:45:10','2017-01-04 02:45:10'),(664,4,2,165,'2017-01-04 02:45:10','2017-01-04 02:45:10'),(665,1,1,166,'2017-01-04 02:45:12','2017-01-04 02:45:12'),(666,2,1,166,'2017-01-04 02:45:12','2017-01-04 02:45:12'),(667,3,1,166,'2017-01-04 02:45:12','2017-01-04 02:45:12'),(668,4,2,166,'2017-01-04 02:45:12','2017-01-04 02:45:12'),(669,1,1,167,'2017-01-04 02:45:14','2017-01-04 02:45:14'),(670,2,1,167,'2017-01-04 02:45:14','2017-01-04 02:45:14'),(671,3,1,167,'2017-01-04 02:45:14','2017-01-04 02:45:14'),(672,4,2,167,'2017-01-04 02:45:14','2017-01-04 02:45:14'),(673,1,1,168,'2017-01-04 02:45:16','2017-01-04 02:45:16'),(674,2,1,168,'2017-01-04 02:45:16','2017-01-04 02:45:16'),(675,3,1,168,'2017-01-04 02:45:16','2017-01-04 02:45:16'),(676,4,2,168,'2017-01-04 02:45:16','2017-01-04 02:45:16'),(677,1,1,169,'2017-01-04 02:45:25','2017-01-04 02:45:25'),(678,2,1,169,'2017-01-04 02:45:25','2017-01-04 02:45:25'),(679,3,1,169,'2017-01-04 02:45:25','2017-01-04 02:45:25'),(680,4,2,169,'2017-01-04 02:45:25','2017-01-04 02:45:25'),(681,1,1,170,'2017-01-04 02:45:25','2017-01-04 02:45:25'),(682,2,1,170,'2017-01-04 02:45:25','2017-01-04 02:45:25'),(683,3,1,170,'2017-01-04 02:45:25','2017-01-04 02:45:25'),(684,4,2,170,'2017-01-04 02:45:25','2017-01-04 02:45:25'),(685,1,1,171,'2017-01-04 02:45:34','2017-01-04 02:45:34'),(686,2,1,171,'2017-01-04 02:45:34','2017-01-04 02:45:34'),(687,3,1,171,'2017-01-04 02:45:34','2017-01-04 02:45:34'),(688,4,2,171,'2017-01-04 02:45:34','2017-01-04 02:45:34'),(689,1,1,172,'2017-01-04 02:46:33','2017-01-04 02:46:33'),(690,2,1,172,'2017-01-04 02:46:33','2017-01-04 02:46:33'),(691,3,1,172,'2017-01-04 02:46:33','2017-01-04 02:46:33'),(692,4,2,172,'2017-01-04 02:46:33','2017-01-04 02:46:33'),(693,1,1,173,'2017-01-04 02:51:00','2017-01-04 02:51:00'),(694,2,1,173,'2017-01-04 02:51:00','2017-01-04 02:51:00'),(695,3,1,173,'2017-01-04 02:51:00','2017-01-04 02:51:00'),(696,4,2,173,'2017-01-04 02:51:01','2017-01-04 02:51:01'),(697,1,1,174,'2017-01-04 02:54:58','2017-01-04 02:54:58'),(698,2,1,174,'2017-01-04 02:54:58','2017-01-04 02:54:58'),(699,3,1,174,'2017-01-04 02:54:58','2017-01-04 02:54:58'),(700,4,2,174,'2017-01-04 02:54:58','2017-01-04 02:54:58'),(701,1,1,175,'2017-01-04 02:55:07','2017-01-04 02:55:07'),(702,2,1,175,'2017-01-04 02:55:07','2017-01-04 02:55:07'),(703,3,1,175,'2017-01-04 02:55:07','2017-01-04 02:55:07'),(704,4,2,175,'2017-01-04 02:55:07','2017-01-04 02:55:07'),(705,1,1,176,'2017-01-04 02:55:09','2017-01-04 02:55:09'),(706,2,1,176,'2017-01-04 02:55:09','2017-01-04 02:55:09'),(707,3,1,176,'2017-01-04 02:55:09','2017-01-04 02:55:09'),(708,4,2,176,'2017-01-04 02:55:09','2017-01-04 02:55:09'),(709,1,1,177,'2017-01-04 02:55:12','2017-01-04 02:55:12'),(710,2,1,177,'2017-01-04 02:55:12','2017-01-04 02:55:12'),(711,3,1,177,'2017-01-04 02:55:12','2017-01-04 02:55:12'),(712,4,2,177,'2017-01-04 02:55:12','2017-01-04 02:55:12'),(713,1,1,178,'2017-01-04 02:55:14','2017-01-04 02:55:14'),(714,2,1,178,'2017-01-04 02:55:14','2017-01-04 02:55:14'),(715,3,1,178,'2017-01-04 02:55:14','2017-01-04 02:55:14'),(716,4,2,178,'2017-01-04 02:55:14','2017-01-04 02:55:14'),(717,1,1,179,'2017-01-04 02:55:17','2017-01-04 02:55:17'),(718,2,1,179,'2017-01-04 02:55:17','2017-01-04 02:55:17'),(719,3,1,179,'2017-01-04 02:55:17','2017-01-04 02:55:17'),(720,4,2,179,'2017-01-04 02:55:17','2017-01-04 02:55:17'),(721,1,1,180,'2017-01-04 02:55:29','2017-01-04 02:55:29'),(722,2,1,180,'2017-01-04 02:55:29','2017-01-04 02:55:29'),(723,3,1,180,'2017-01-04 02:55:29','2017-01-04 02:55:29'),(724,4,2,180,'2017-01-04 02:55:29','2017-01-04 02:55:29'),(725,1,1,181,'2017-01-04 02:55:44','2017-01-04 02:55:44'),(726,2,1,181,'2017-01-04 02:55:44','2017-01-04 02:55:44'),(727,3,1,181,'2017-01-04 02:55:44','2017-01-04 02:55:44'),(728,4,2,181,'2017-01-04 02:55:44','2017-01-04 02:55:44'),(729,1,1,182,'2017-01-04 02:55:47','2017-01-04 02:55:47'),(730,2,1,182,'2017-01-04 02:55:47','2017-01-04 02:55:47'),(731,3,1,182,'2017-01-04 02:55:47','2017-01-04 02:55:47'),(732,4,2,182,'2017-01-04 02:55:47','2017-01-04 02:55:47'),(733,1,1,183,'2017-01-04 02:55:49','2017-01-04 02:55:49'),(734,2,1,183,'2017-01-04 02:55:49','2017-01-04 02:55:49'),(735,3,1,183,'2017-01-04 02:55:49','2017-01-04 02:55:49'),(736,4,2,183,'2017-01-04 02:55:49','2017-01-04 02:55:49'),(737,1,1,184,'2017-01-04 02:55:53','2017-01-04 02:55:53'),(738,2,1,184,'2017-01-04 02:55:53','2017-01-04 02:55:53'),(739,3,1,184,'2017-01-04 02:55:53','2017-01-04 02:55:53'),(740,4,2,184,'2017-01-04 02:55:53','2017-01-04 02:55:53'),(741,1,1,185,'2017-01-04 02:55:53','2017-01-04 02:55:53'),(742,2,1,185,'2017-01-04 02:55:53','2017-01-04 02:55:53'),(743,3,1,185,'2017-01-04 02:55:53','2017-01-04 02:55:53'),(744,4,2,185,'2017-01-04 02:55:53','2017-01-04 02:55:53');
/*!40000 ALTER TABLE `tracker_events_log` ENABLE KEYS */;
UNLOCK TABLES;

--
-- Table structure for table `tracker_geoip`
--

DROP TABLE IF EXISTS `tracker_geoip`;
/*!40101 SET @saved_cs_client     = @@character_set_client */;
/*!40101 SET character_set_client = utf8 */;
CREATE TABLE `tracker_geoip` (
  `id` bigint(20) unsigned NOT NULL AUTO_INCREMENT,
  `latitude` double DEFAULT NULL,
  `longitude` double DEFAULT NULL,
  `country_code` varchar(2) COLLATE utf8_unicode_ci DEFAULT NULL,
  `country_code3` varchar(3) COLLATE utf8_unicode_ci DEFAULT NULL,
  `country_name` varchar(255) COLLATE utf8_unicode_ci DEFAULT NULL,
  `region` varchar(2) COLLATE utf8_unicode_ci DEFAULT NULL,
  `city` varchar(50) COLLATE utf8_unicode_ci DEFAULT NULL,
  `postal_code` varchar(20) COLLATE utf8_unicode_ci DEFAULT NULL,
  `area_code` bigint(20) DEFAULT NULL,
  `dma_code` double DEFAULT NULL,
  `metro_code` double DEFAULT NULL,
  `continent_code` varchar(2) COLLATE utf8_unicode_ci DEFAULT NULL,
  `created_at` timestamp NOT NULL DEFAULT CURRENT_TIMESTAMP ON UPDATE CURRENT_TIMESTAMP,
  `updated_at` timestamp NOT NULL DEFAULT '0000-00-00 00:00:00',
  PRIMARY KEY (`id`),
  KEY `tracker_geoip_latitude_index` (`latitude`),
  KEY `tracker_geoip_longitude_index` (`longitude`),
  KEY `tracker_geoip_country_code_index` (`country_code`),
  KEY `tracker_geoip_country_code3_index` (`country_code3`),
  KEY `tracker_geoip_country_name_index` (`country_name`),
  KEY `tracker_geoip_city_index` (`city`),
  KEY `tracker_geoip_created_at_index` (`created_at`),
  KEY `tracker_geoip_updated_at_index` (`updated_at`)
) ENGINE=InnoDB DEFAULT CHARSET=utf8 COLLATE=utf8_unicode_ci;
/*!40101 SET character_set_client = @saved_cs_client */;

--
-- Dumping data for table `tracker_geoip`
--

LOCK TABLES `tracker_geoip` WRITE;
/*!40000 ALTER TABLE `tracker_geoip` DISABLE KEYS */;
/*!40000 ALTER TABLE `tracker_geoip` ENABLE KEYS */;
UNLOCK TABLES;

--
-- Table structure for table `tracker_languages`
--

DROP TABLE IF EXISTS `tracker_languages`;
/*!40101 SET @saved_cs_client     = @@character_set_client */;
/*!40101 SET character_set_client = utf8 */;
CREATE TABLE `tracker_languages` (
  `id` bigint(20) unsigned NOT NULL AUTO_INCREMENT,
  `preference` varchar(255) COLLATE utf8_unicode_ci NOT NULL,
  `language-range` varchar(255) COLLATE utf8_unicode_ci NOT NULL,
  `created_at` timestamp NOT NULL DEFAULT CURRENT_TIMESTAMP ON UPDATE CURRENT_TIMESTAMP,
  `updated_at` timestamp NOT NULL DEFAULT '0000-00-00 00:00:00',
  PRIMARY KEY (`id`),
  UNIQUE KEY `tracker_languages_preference_language_range_unique` (`preference`,`language-range`),
  KEY `tracker_languages_preference_index` (`preference`),
  KEY `tracker_languages_language_range_index` (`language-range`),
  KEY `tracker_languages_created_at_index` (`created_at`),
  KEY `tracker_languages_updated_at_index` (`updated_at`)
) ENGINE=InnoDB DEFAULT CHARSET=utf8 COLLATE=utf8_unicode_ci;
/*!40101 SET character_set_client = @saved_cs_client */;

--
-- Dumping data for table `tracker_languages`
--

LOCK TABLES `tracker_languages` WRITE;
/*!40000 ALTER TABLE `tracker_languages` DISABLE KEYS */;
/*!40000 ALTER TABLE `tracker_languages` ENABLE KEYS */;
UNLOCK TABLES;

--
-- Table structure for table `tracker_log`
--

DROP TABLE IF EXISTS `tracker_log`;
/*!40101 SET @saved_cs_client     = @@character_set_client */;
/*!40101 SET character_set_client = utf8 */;
CREATE TABLE `tracker_log` (
  `id` bigint(20) unsigned NOT NULL AUTO_INCREMENT,
  `session_id` bigint(20) unsigned NOT NULL,
  `path_id` bigint(20) unsigned DEFAULT NULL,
  `query_id` bigint(20) unsigned DEFAULT NULL,
  `method` varchar(10) COLLATE utf8_unicode_ci NOT NULL,
  `route_path_id` bigint(20) unsigned DEFAULT NULL,
  `is_ajax` tinyint(1) NOT NULL,
  `is_secure` tinyint(1) NOT NULL,
  `is_json` tinyint(1) NOT NULL,
  `wants_json` tinyint(1) NOT NULL,
  `error_id` bigint(20) unsigned DEFAULT NULL,
  `created_at` timestamp NOT NULL DEFAULT CURRENT_TIMESTAMP ON UPDATE CURRENT_TIMESTAMP,
  `updated_at` timestamp NOT NULL DEFAULT '0000-00-00 00:00:00',
  `referer_id` int(10) unsigned DEFAULT NULL,
  PRIMARY KEY (`id`),
  KEY `tracker_log_session_id_index` (`session_id`),
  KEY `tracker_log_path_id_index` (`path_id`),
  KEY `tracker_log_query_id_index` (`query_id`),
  KEY `tracker_log_method_index` (`method`),
  KEY `tracker_log_route_path_id_index` (`route_path_id`),
  KEY `tracker_log_error_id_index` (`error_id`),
  KEY `tracker_log_created_at_index` (`created_at`),
  KEY `tracker_log_updated_at_index` (`updated_at`),
  KEY `tracker_log_referer_id_index` (`referer_id`),
  CONSTRAINT `tracker_log_error_id_foreign` FOREIGN KEY (`error_id`) REFERENCES `tracker_errors` (`id`) ON DELETE CASCADE ON UPDATE CASCADE,
  CONSTRAINT `tracker_log_path_id_foreign` FOREIGN KEY (`path_id`) REFERENCES `tracker_paths` (`id`) ON DELETE CASCADE ON UPDATE CASCADE,
  CONSTRAINT `tracker_log_query_id_foreign` FOREIGN KEY (`query_id`) REFERENCES `tracker_queries` (`id`) ON DELETE CASCADE ON UPDATE CASCADE,
  CONSTRAINT `tracker_log_route_path_id_foreign` FOREIGN KEY (`route_path_id`) REFERENCES `tracker_route_paths` (`id`) ON DELETE CASCADE ON UPDATE CASCADE,
  CONSTRAINT `tracker_log_session_id_foreign` FOREIGN KEY (`session_id`) REFERENCES `tracker_sessions` (`id`) ON DELETE CASCADE ON UPDATE CASCADE
) ENGINE=InnoDB AUTO_INCREMENT=186 DEFAULT CHARSET=utf8 COLLATE=utf8_unicode_ci;
/*!40101 SET character_set_client = @saved_cs_client */;

--
-- Dumping data for table `tracker_log`
--

LOCK TABLES `tracker_log` WRITE;
/*!40000 ALTER TABLE `tracker_log` DISABLE KEYS */;
INSERT INTO `tracker_log` VALUES (1,1,1,NULL,'GET',1,0,0,0,0,NULL,'2017-01-03 22:40:41','2017-01-03 22:40:41',NULL),(2,1,1,NULL,'GET',1,0,0,0,0,NULL,'2017-01-03 22:40:44','2017-01-03 22:40:44',1),(3,1,2,NULL,'GET',2,0,0,0,0,NULL,'2017-01-03 22:40:45','2017-01-03 22:40:45',1),(4,2,3,NULL,'GET',3,0,0,0,0,NULL,'2017-01-03 22:41:29','2017-01-03 22:41:29',NULL),(5,2,3,NULL,'POST',4,0,0,0,0,NULL,'2017-01-03 22:41:34','2017-01-03 22:41:34',2),(6,2,3,NULL,'GET',3,0,0,0,0,NULL,'2017-01-03 22:41:34','2017-01-03 22:41:34',2),(7,1,4,NULL,'GET',5,0,0,0,0,4,'2017-01-03 22:42:13','2017-01-03 22:42:13',NULL),(8,1,5,NULL,'GET',6,0,0,0,0,4,'2017-01-03 22:43:20','2017-01-03 22:43:20',NULL),(9,1,5,NULL,'POST',7,0,0,0,0,4,'2017-01-03 22:43:48','2017-01-03 22:43:48',3),(10,1,4,NULL,'GET',5,0,0,0,0,4,'2017-01-03 22:43:48','2017-01-03 22:43:48',3),(11,1,5,NULL,'GET',6,0,0,0,0,4,'2017-01-03 22:43:53','2017-01-03 22:43:53',NULL),(12,1,5,NULL,'GET',6,0,0,0,0,4,'2017-01-03 22:43:58','2017-01-03 22:43:58',NULL),(13,1,5,NULL,'GET',6,0,0,0,0,4,'2017-01-03 22:44:01','2017-01-03 22:44:01',NULL),(14,1,4,NULL,'GET',5,0,0,0,0,4,'2017-01-03 22:44:02','2017-01-03 22:44:02',3),(15,1,6,NULL,'GET',8,0,0,0,0,4,'2017-01-03 22:44:04','2017-01-03 22:44:04',4),(16,2,3,NULL,'POST',4,0,0,0,0,NULL,'2017-01-03 22:44:33','2017-01-03 22:44:33',2),(17,2,1,NULL,'GET',1,0,0,0,0,NULL,'2017-01-03 22:44:33','2017-01-03 22:44:33',2),(18,2,4,NULL,'GET',5,0,0,0,0,4,'2017-01-03 22:44:36','2017-01-03 22:44:36',NULL),(19,2,3,NULL,'GET',3,0,0,0,0,NULL,'2017-01-03 22:44:39','2017-01-03 22:44:39',NULL),(20,2,7,NULL,'GET',9,0,0,0,0,NULL,'2017-01-03 22:44:39','2017-01-03 22:44:39',NULL),(21,2,8,NULL,'GET',10,0,0,0,0,NULL,'2017-01-03 22:44:45','2017-01-03 22:44:45',5),(22,3,3,NULL,'GET',3,0,0,0,0,NULL,'2017-01-03 22:44:46','2017-01-03 22:44:46',6),(23,3,3,NULL,'POST',4,0,0,0,0,NULL,'2017-01-03 22:44:51','2017-01-03 22:44:51',2),(24,3,3,NULL,'GET',3,0,0,0,0,NULL,'2017-01-03 22:44:51','2017-01-03 22:44:51',2),(25,3,3,NULL,'POST',4,0,0,0,0,NULL,'2017-01-03 22:44:56','2017-01-03 22:44:56',2),(26,3,7,NULL,'GET',9,0,0,0,0,NULL,'2017-01-03 22:44:57','2017-01-03 22:44:57',2),(27,3,1,NULL,'GET',1,0,0,0,0,NULL,'2017-01-03 22:44:59','2017-01-03 22:44:59',5),(28,3,4,NULL,'GET',5,0,0,0,0,4,'2017-01-03 22:45:02','2017-01-03 22:45:02',1),(29,3,6,NULL,'GET',8,0,0,0,0,4,'2017-01-03 22:45:04','2017-01-03 22:45:04',4),(30,3,4,NULL,'GET',5,0,0,0,0,4,'2017-01-03 22:45:06','2017-01-03 22:45:06',7),(31,3,3,NULL,'GET',3,0,0,0,0,NULL,'2017-01-03 22:45:10','2017-01-03 22:45:10',NULL),(32,3,7,NULL,'GET',9,0,0,0,0,NULL,'2017-01-03 22:45:10','2017-01-03 22:45:10',NULL),(33,3,7,NULL,'GET',9,0,0,0,0,NULL,'2017-01-03 22:45:21','2017-01-03 22:45:21',NULL),(34,3,3,NULL,'GET',3,0,0,0,0,NULL,'2017-01-03 22:45:28','2017-01-03 22:45:28',NULL),(35,3,7,NULL,'GET',9,0,0,0,0,NULL,'2017-01-03 22:45:28','2017-01-03 22:45:28',NULL),(36,3,7,NULL,'GET',9,0,0,0,0,NULL,'2017-01-03 22:45:35','2017-01-03 22:45:35',NULL),(37,3,3,NULL,'GET',3,0,0,0,0,NULL,'2017-01-03 22:45:37','2017-01-03 22:45:37',NULL),(38,3,3,NULL,'GET',3,0,0,0,0,NULL,'2017-01-03 22:45:38','2017-01-03 22:45:38',NULL),(39,3,7,NULL,'GET',9,0,0,0,0,NULL,'2017-01-03 22:45:38','2017-01-03 22:45:38',NULL),(40,3,7,NULL,'GET',9,0,0,0,0,NULL,'2017-01-03 22:45:43','2017-01-03 22:45:43',NULL),(41,3,3,NULL,'GET',3,0,0,0,0,NULL,'2017-01-03 22:45:46','2017-01-03 22:45:46',NULL),(42,3,3,NULL,'GET',3,0,0,0,0,NULL,'2017-01-03 22:45:47','2017-01-03 22:45:47',NULL),(43,3,7,NULL,'GET',9,0,0,0,0,NULL,'2017-01-03 22:45:47','2017-01-03 22:45:47',NULL),(44,3,7,NULL,'GET',9,0,0,0,0,NULL,'2017-01-03 22:45:51','2017-01-03 22:45:51',NULL),(45,3,3,NULL,'GET',3,0,0,0,0,NULL,'2017-01-03 22:45:58','2017-01-03 22:45:58',NULL),(46,3,7,NULL,'GET',9,0,0,0,0,NULL,'2017-01-03 22:45:58','2017-01-03 22:45:58',NULL),(47,3,3,NULL,'GET',3,0,0,0,0,NULL,'2017-01-03 22:45:58','2017-01-03 22:45:58',NULL),(48,3,7,NULL,'GET',9,0,0,0,0,NULL,'2017-01-03 22:45:58','2017-01-03 22:45:58',NULL),(49,3,7,NULL,'GET',9,0,0,0,0,NULL,'2017-01-03 22:46:16','2017-01-03 22:46:16',NULL),(50,3,1,NULL,'GET',1,0,0,0,0,NULL,'2017-01-03 22:46:18','2017-01-03 22:46:18',5),(51,3,2,NULL,'GET',2,0,0,0,0,NULL,'2017-01-03 22:46:19','2017-01-03 22:46:19',1),(52,1,1,NULL,'GET',1,0,0,0,0,NULL,'2017-01-03 22:46:50','2017-01-03 22:46:50',NULL),(53,1,1,NULL,'GET',1,0,0,0,0,NULL,'2017-01-03 22:46:52','2017-01-03 22:46:52',1),(54,1,2,NULL,'GET',2,0,0,0,0,NULL,'2017-01-03 22:46:53','2017-01-03 22:46:53',1),(55,1,3,NULL,'GET',3,0,0,0,0,NULL,'2017-01-03 22:46:58','2017-01-03 22:46:58',NULL),(56,1,7,NULL,'GET',9,0,0,0,0,NULL,'2017-01-03 22:46:58','2017-01-03 22:46:58',NULL),(57,1,3,NULL,'GET',3,0,0,0,0,NULL,'2017-01-03 22:47:02','2017-01-03 22:47:02',NULL),(58,1,3,NULL,'GET',3,0,0,0,0,NULL,'2017-01-03 22:47:05','2017-01-03 22:47:05',NULL),(59,1,7,NULL,'GET',9,0,0,0,0,NULL,'2017-01-03 22:47:05','2017-01-03 22:47:05',NULL),(60,1,3,NULL,'GET',3,0,0,0,0,NULL,'2017-01-03 22:47:06','2017-01-03 22:47:06',NULL),(61,1,7,NULL,'GET',9,0,0,0,0,NULL,'2017-01-03 22:47:06','2017-01-03 22:47:06',NULL),(62,1,3,NULL,'GET',3,0,0,0,0,NULL,'2017-01-03 22:47:22','2017-01-03 22:47:22',NULL),(63,1,7,NULL,'GET',9,0,0,0,0,NULL,'2017-01-03 22:47:22','2017-01-03 22:47:22',NULL),(64,1,7,NULL,'GET',9,0,0,0,0,NULL,'2017-01-03 22:47:55','2017-01-03 22:47:55',NULL),(65,4,3,NULL,'GET',3,0,0,0,0,NULL,'2017-01-03 22:49:32','2017-01-03 22:49:32',NULL),(66,4,9,NULL,'GET',11,0,0,0,0,NULL,'2017-01-03 22:49:47','2017-01-03 22:49:47',2),(67,4,9,NULL,'POST',12,0,0,0,0,NULL,'2017-01-03 22:50:00','2017-01-03 22:50:00',8),(68,4,7,NULL,'GET',9,0,0,0,0,NULL,'2017-01-03 22:50:01','2017-01-03 22:50:01',8),(69,1,4,NULL,'GET',5,0,0,0,0,4,'2017-01-03 22:50:45','2017-01-03 22:50:45',NULL),(70,1,10,NULL,'GET',13,0,0,0,0,4,'2017-01-03 22:50:48','2017-01-03 22:50:48',4),(71,1,11,NULL,'GET',14,0,0,0,0,4,'2017-01-03 22:50:51','2017-01-03 22:50:51',9),(72,1,12,NULL,'PUT',15,0,0,0,0,4,'2017-01-03 22:50:56','2017-01-03 22:50:56',10),(73,1,10,NULL,'GET',13,0,0,0,0,4,'2017-01-03 22:50:56','2017-01-03 22:50:56',10),(74,1,6,NULL,'GET',8,0,0,0,0,4,'2017-01-03 22:50:58','2017-01-03 22:50:58',9),(75,1,13,NULL,'GET',16,0,0,0,0,4,'2017-01-03 22:51:00','2017-01-03 22:51:00',7),(76,1,13,NULL,'POST',17,0,0,0,0,4,'2017-01-03 22:51:14','2017-01-03 22:51:14',11),(77,1,14,NULL,'GET',18,0,0,0,0,4,'2017-01-03 22:51:15','2017-01-03 22:51:15',11),(78,1,15,NULL,'GET',19,0,0,0,0,4,'2017-01-03 22:51:18','2017-01-03 22:51:18',12),(79,1,16,NULL,'GET',20,0,0,0,0,4,'2017-01-03 22:51:20','2017-01-03 22:51:20',13),(80,1,16,NULL,'GET',20,1,0,0,1,4,'2017-01-03 22:51:21','2017-01-03 22:51:21',14),(81,1,16,NULL,'POST',21,1,0,0,1,4,'2017-01-03 22:51:26','2017-01-03 22:51:26',14),(82,1,15,NULL,'GET',19,0,0,0,0,4,'2017-01-03 22:51:29','2017-01-03 22:51:29',14),(83,1,6,NULL,'GET',8,0,0,0,0,4,'2017-01-03 22:51:30','2017-01-03 22:51:30',13),(84,1,14,NULL,'GET',18,0,0,0,0,4,'2017-01-03 22:51:32','2017-01-03 22:51:32',7),(85,1,17,NULL,'GET',22,0,0,0,0,4,'2017-01-03 22:51:34','2017-01-03 22:51:34',12),(86,1,18,NULL,'GET',23,0,0,0,0,4,'2017-01-03 22:51:36','2017-01-03 22:51:36',15),(87,1,19,NULL,'GET',24,0,0,0,0,4,'2017-01-03 22:51:42','2017-01-03 22:51:42',16),(88,1,18,NULL,'GET',23,0,0,0,0,4,'2017-01-03 22:51:42','2017-01-03 22:51:42',16),(89,1,17,NULL,'GET',22,0,0,0,0,4,'2017-01-03 22:51:44','2017-01-03 22:51:44',16),(90,4,7,NULL,'GET',9,0,0,0,0,NULL,'2017-01-03 22:51:50','2017-01-03 22:51:50',8),(91,4,2,NULL,'GET',2,0,0,0,0,NULL,'2017-01-03 22:51:53','2017-01-03 22:51:53',5),(92,4,20,NULL,'GET',25,0,0,0,0,NULL,'2017-01-03 22:51:55','2017-01-03 22:51:55',17),(93,4,21,NULL,'GET',26,0,0,0,0,NULL,'2017-01-03 22:51:57','2017-01-03 22:51:57',18),(94,4,22,NULL,'GET',27,0,0,0,0,NULL,'2017-01-03 22:52:00','2017-01-03 22:52:00',19),(95,4,22,NULL,'GET',27,0,0,0,0,NULL,'2017-01-03 22:52:01','2017-01-03 22:52:01',19),(96,4,22,NULL,'GET',27,0,0,0,0,NULL,'2017-01-03 22:52:02','2017-01-03 22:52:02',19),(97,4,21,NULL,'GET',26,0,0,0,0,NULL,'2017-01-03 22:52:02','2017-01-03 22:52:02',19),(98,4,1,NULL,'GET',1,0,0,0,0,NULL,'2017-01-03 22:56:31','2017-01-03 22:56:31',19),(99,4,2,NULL,'GET',2,0,0,0,0,NULL,'2017-01-03 22:56:33','2017-01-03 22:56:33',1),(100,4,20,NULL,'GET',25,0,0,0,0,NULL,'2017-01-03 22:56:34','2017-01-03 22:56:34',17),(101,5,3,NULL,'GET',3,0,0,0,0,NULL,'2017-01-04 01:33:03','2017-01-04 01:33:03',20),(102,5,3,NULL,'POST',4,0,0,0,0,NULL,'2017-01-04 01:33:08','2017-01-04 01:33:08',2),(103,5,1,NULL,'GET',1,0,0,0,0,NULL,'2017-01-04 01:33:08','2017-01-04 01:33:08',2),(104,5,5,NULL,'GET',6,0,0,0,0,4,'2017-01-04 01:33:15','2017-01-04 01:33:15',NULL),(105,6,3,NULL,'GET',3,0,0,0,0,NULL,'2017-01-04 01:39:59','2017-01-04 01:39:59',17),(106,6,4,NULL,'GET',5,0,0,0,0,4,'2017-01-04 01:40:06','2017-01-04 01:40:06',NULL),(107,6,5,NULL,'GET',6,0,0,0,0,4,'2017-01-04 01:40:06','2017-01-04 01:40:06',NULL),(108,6,5,NULL,'POST',7,0,0,0,0,4,'2017-01-04 01:40:12','2017-01-04 01:40:12',3),(109,6,5,NULL,'GET',6,0,0,0,0,4,'2017-01-04 01:40:12','2017-01-04 01:40:12',3),(110,6,5,NULL,'POST',7,0,0,0,0,4,'2017-01-04 01:40:15','2017-01-04 01:40:15',3),(111,6,20,NULL,'GET',25,0,0,0,0,NULL,'2017-01-04 01:40:15','2017-01-04 01:40:15',3),(112,6,1,NULL,'GET',1,0,0,0,0,NULL,'2017-01-04 01:40:17','2017-01-04 01:40:17',18),(113,6,2,NULL,'GET',2,0,0,0,0,NULL,'2017-01-04 01:40:18','2017-01-04 01:40:18',1),(114,6,4,NULL,'GET',5,0,0,0,0,4,'2017-01-04 01:40:22','2017-01-04 01:40:22',NULL),(115,6,10,NULL,'GET',13,0,0,0,0,4,'2017-01-04 01:40:24','2017-01-04 01:40:24',4),(116,6,10,NULL,'GET',13,0,0,0,0,4,'2017-01-04 01:41:00','2017-01-04 01:41:00',4),(117,6,10,NULL,'GET',13,0,0,0,0,4,'2017-01-04 01:43:41','2017-01-04 01:43:41',4),(118,6,10,NULL,'GET',13,0,0,0,0,4,'2017-01-04 01:45:06','2017-01-04 01:45:06',4),(119,6,4,NULL,'GET',5,0,0,0,0,4,'2017-01-04 01:45:53','2017-01-04 01:45:53',9),(120,6,6,NULL,'GET',8,0,0,0,0,4,'2017-01-04 01:45:55','2017-01-04 01:45:55',4),(121,6,6,NULL,'GET',8,0,0,0,0,4,'2017-01-04 01:46:12','2017-01-04 01:46:12',4),(122,6,6,NULL,'GET',8,0,0,0,0,4,'2017-01-04 01:46:25','2017-01-04 01:46:25',4),(123,6,6,NULL,'GET',8,0,0,0,0,4,'2017-01-04 01:46:49','2017-01-04 01:46:49',NULL),(124,6,6,NULL,'GET',8,0,0,0,0,4,'2017-01-04 01:51:40','2017-01-04 01:51:40',NULL),(125,6,6,NULL,'GET',8,0,0,0,0,4,'2017-01-04 01:58:32','2017-01-04 01:58:32',NULL),(126,6,6,NULL,'GET',8,0,0,0,0,4,'2017-01-04 01:58:44','2017-01-04 01:58:44',NULL),(127,6,6,NULL,'GET',8,0,0,0,0,4,'2017-01-04 02:15:29','2017-01-04 02:15:29',NULL),(128,6,4,NULL,'GET',5,0,0,0,0,4,'2017-01-04 02:15:40','2017-01-04 02:15:40',9),(129,6,2,NULL,'GET',2,0,0,0,0,7,'2017-01-04 02:15:43','2017-01-04 02:15:43',NULL),(130,6,2,NULL,'GET',2,0,0,0,0,8,'2017-01-04 02:17:14','2017-01-04 02:17:14',NULL),(131,6,2,NULL,'GET',2,0,0,0,0,10,'2017-01-04 02:17:46','2017-01-04 02:17:46',NULL),(132,6,2,NULL,'GET',2,0,0,0,0,10,'2017-01-04 02:19:04','2017-01-04 02:19:04',NULL),(133,6,2,NULL,'GET',2,0,0,0,0,10,'2017-01-04 02:19:45','2017-01-04 02:19:45',NULL),(134,6,2,NULL,'GET',2,0,0,0,0,10,'2017-01-04 02:21:38','2017-01-04 02:21:38',NULL),(135,6,2,NULL,'GET',2,0,0,0,0,10,'2017-01-04 02:21:40','2017-01-04 02:21:40',NULL),(136,6,2,NULL,'GET',2,0,0,0,0,10,'2017-01-04 02:21:51','2017-01-04 02:21:51',NULL),(137,6,2,NULL,'GET',2,0,0,0,0,10,'2017-01-04 02:21:53','2017-01-04 02:21:53',NULL),(138,6,10,NULL,'GET',13,0,0,0,0,4,'2017-01-04 02:21:55','2017-01-04 02:21:55',4),(139,6,4,NULL,'GET',5,0,0,0,0,4,'2017-01-04 02:21:57','2017-01-04 02:21:57',9),(140,6,2,NULL,'GET',2,0,0,0,0,10,'2017-01-04 02:21:57','2017-01-04 02:21:57',NULL),(141,6,2,NULL,'GET',2,0,0,0,0,NULL,'2017-01-04 02:22:48','2017-01-04 02:22:48',NULL),(142,7,3,NULL,'GET',3,0,0,0,0,NULL,'2017-01-04 02:22:56','2017-01-04 02:22:56',21),(143,7,3,NULL,'POST',4,0,0,0,0,NULL,'2017-01-04 02:23:00','2017-01-04 02:23:00',2),(144,7,1,NULL,'GET',1,0,0,0,0,NULL,'2017-01-04 02:23:00','2017-01-04 02:23:00',2),(145,6,2,NULL,'GET',2,0,0,0,0,NULL,'2017-01-04 02:23:58','2017-01-04 02:23:58',NULL),(146,6,2,NULL,'GET',2,0,0,0,0,NULL,'2017-01-04 02:24:18','2017-01-04 02:24:18',NULL),(147,6,8,NULL,'GET',10,0,0,0,0,NULL,'2017-01-04 02:28:19','2017-01-04 02:28:19',17),(148,8,3,NULL,'GET',3,0,0,0,0,NULL,'2017-01-04 02:28:21','2017-01-04 02:28:21',6),(149,8,3,NULL,'POST',4,0,0,0,0,NULL,'2017-01-04 02:28:26','2017-01-04 02:28:26',2),(150,8,7,NULL,'GET',9,0,0,0,0,NULL,'2017-01-04 02:28:27','2017-01-04 02:28:27',2),(151,8,2,NULL,'GET',2,0,0,0,0,NULL,'2017-01-04 02:28:29','2017-01-04 02:28:29',5),(152,8,20,NULL,'GET',25,0,0,0,0,NULL,'2017-01-04 02:28:31','2017-01-04 02:28:31',17),(153,8,21,NULL,'GET',26,0,0,0,0,NULL,'2017-01-04 02:28:34','2017-01-04 02:28:34',18),(154,7,5,NULL,'GET',6,0,0,0,0,4,'2017-01-04 02:38:40','2017-01-04 02:38:40',22),(155,7,5,NULL,'GET',6,0,0,0,0,4,'2017-01-04 02:39:56','2017-01-04 02:39:56',22),(156,7,4,NULL,'GET',5,0,0,0,0,4,'2017-01-04 02:40:01','2017-01-04 02:40:01',NULL),(157,7,6,NULL,'GET',8,0,0,0,0,4,'2017-01-04 02:40:03','2017-01-04 02:40:03',23),(158,7,4,NULL,'GET',5,0,0,0,0,4,'2017-01-04 02:42:27','2017-01-04 02:42:27',NULL),(159,7,23,NULL,'GET',28,0,0,0,0,4,'2017-01-04 02:42:34','2017-01-04 02:42:34',23),(160,9,3,NULL,'GET',3,0,0,0,0,NULL,'2017-01-04 02:42:36','2017-01-04 02:42:36',24),(161,9,3,NULL,'POST',4,0,0,0,0,NULL,'2017-01-04 02:42:42','2017-01-04 02:42:42',2),(162,9,7,NULL,'GET',9,0,0,0,0,NULL,'2017-01-04 02:42:42','2017-01-04 02:42:42',2),(163,9,4,NULL,'GET',5,0,0,0,0,4,'2017-01-04 02:42:49','2017-01-04 02:42:49',NULL),(164,9,5,NULL,'GET',6,0,0,0,0,4,'2017-01-04 02:44:59','2017-01-04 02:44:59',25),(165,9,4,NULL,'GET',5,0,0,0,0,4,'2017-01-04 02:45:10','2017-01-04 02:45:10',NULL),(166,9,6,NULL,'GET',8,0,0,0,0,4,'2017-01-04 02:45:12','2017-01-04 02:45:12',23),(167,9,10,NULL,'GET',13,0,0,0,0,4,'2017-01-04 02:45:14','2017-01-04 02:45:14',7),(168,9,5,NULL,'GET',6,0,0,0,0,4,'2017-01-04 02:45:16','2017-01-04 02:45:16',NULL),(169,9,5,NULL,'POST',7,0,0,0,0,4,'2017-01-04 02:45:25','2017-01-04 02:45:25',3),(170,9,4,NULL,'GET',5,0,0,0,0,4,'2017-01-04 02:45:25','2017-01-04 02:45:25',3),(171,9,4,NULL,'GET',5,0,0,0,0,4,'2017-01-04 02:45:34','2017-01-04 02:45:34',3),(172,9,4,NULL,'GET',5,0,0,0,0,4,'2017-01-04 02:46:33','2017-01-04 02:46:33',NULL),(173,9,1,NULL,'GET',1,0,0,0,0,NULL,'2017-01-04 02:51:00','2017-01-04 02:51:00',26),(174,9,4,NULL,'GET',5,0,0,0,0,4,'2017-01-04 02:54:58','2017-01-04 02:54:58',26),(175,9,4,NULL,'GET',5,0,0,0,0,4,'2017-01-04 02:55:07','2017-01-04 02:55:07',26),(176,9,6,NULL,'GET',8,0,0,0,0,4,'2017-01-04 02:55:09','2017-01-04 02:55:09',4),(177,9,10,NULL,'GET',13,0,0,0,0,4,'2017-01-04 02:55:12','2017-01-04 02:55:12',7),(178,9,12,NULL,'GET',29,0,0,0,0,4,'2017-01-04 02:55:14','2017-01-04 02:55:14',9),(179,9,4,NULL,'GET',5,0,0,0,0,4,'2017-01-04 02:55:17','2017-01-04 02:55:17',27),(180,9,4,NULL,'GET',5,0,0,0,0,4,'2017-01-04 02:55:29','2017-01-04 02:55:29',27),(181,9,4,NULL,'GET',5,0,0,0,0,4,'2017-01-04 02:55:44','2017-01-04 02:55:44',26),(182,9,23,NULL,'GET',28,0,0,0,0,4,'2017-01-04 02:55:47','2017-01-04 02:55:47',4),(183,10,3,NULL,'GET',3,0,0,0,0,NULL,'2017-01-04 02:55:49','2017-01-04 02:55:49',24),(184,10,3,NULL,'POST',4,0,0,0,0,NULL,'2017-01-04 02:55:53','2017-01-04 02:55:53',2),(185,10,7,NULL,'GET',9,0,0,0,0,NULL,'2017-01-04 02:55:53','2017-01-04 02:55:53',2);
/*!40000 ALTER TABLE `tracker_log` ENABLE KEYS */;
UNLOCK TABLES;

--
-- Table structure for table `tracker_paths`
--

DROP TABLE IF EXISTS `tracker_paths`;
/*!40101 SET @saved_cs_client     = @@character_set_client */;
/*!40101 SET character_set_client = utf8 */;
CREATE TABLE `tracker_paths` (
  `id` bigint(20) unsigned NOT NULL AUTO_INCREMENT,
  `path` varchar(255) COLLATE utf8_unicode_ci NOT NULL,
  `created_at` timestamp NOT NULL DEFAULT CURRENT_TIMESTAMP ON UPDATE CURRENT_TIMESTAMP,
  `updated_at` timestamp NOT NULL DEFAULT '0000-00-00 00:00:00',
  PRIMARY KEY (`id`),
  KEY `tracker_paths_path_index` (`path`),
  KEY `tracker_paths_created_at_index` (`created_at`),
  KEY `tracker_paths_updated_at_index` (`updated_at`)
) ENGINE=InnoDB AUTO_INCREMENT=24 DEFAULT CHARSET=utf8 COLLATE=utf8_unicode_ci;
/*!40101 SET character_set_client = @saved_cs_client */;

--
-- Dumping data for table `tracker_paths`
--

LOCK TABLES `tracker_paths` WRITE;
/*!40000 ALTER TABLE `tracker_paths` DISABLE KEYS */;
INSERT INTO `tracker_paths` VALUES (1,'/','2017-01-03 22:40:41','2017-01-03 22:40:41'),(2,'cases','2017-01-03 22:40:45','2017-01-03 22:40:45'),(3,'login','2017-01-03 22:41:29','2017-01-03 22:41:29'),(4,'admin','2017-01-03 22:42:13','2017-01-03 22:42:13'),(5,'admin/login','2017-01-03 22:43:20','2017-01-03 22:43:20'),(6,'admin/cases','2017-01-03 22:44:04','2017-01-03 22:44:04'),(7,'home','2017-01-03 22:44:39','2017-01-03 22:44:39'),(8,'logout','2017-01-03 22:44:45','2017-01-03 22:44:45'),(9,'register','2017-01-03 22:49:47','2017-01-03 22:49:47'),(10,'admin/users','2017-01-03 22:50:48','2017-01-03 22:50:48'),(11,'admin/users/25/edit','2017-01-03 22:50:51','2017-01-03 22:50:51'),(12,'admin/users/25','2017-01-03 22:50:56','2017-01-03 22:50:56'),(13,'admin/cases/create','2017-01-03 22:51:00','2017-01-03 22:51:00'),(14,'admin/cases/11','2017-01-03 22:51:15','2017-01-03 22:51:15'),(15,'admin/cases/11/files','2017-01-03 22:51:18','2017-01-03 22:51:18'),(16,'admin/cases/11/files/upload','2017-01-03 22:51:20','2017-01-03 22:51:20'),(17,'admin/cases/11/users','2017-01-03 22:51:34','2017-01-03 22:51:34'),(18,'admin/cases/11/users/add','2017-01-03 22:51:36','2017-01-03 22:51:36'),(19,'admin/cases/11/users/25/grant','2017-01-03 22:51:42','2017-01-03 22:51:42'),(20,'cases/11','2017-01-03 22:51:55','2017-01-03 22:51:55'),(21,'cases/11/files','2017-01-03 22:51:57','2017-01-03 22:51:57'),(22,'cases/11/files/41/download','2017-01-03 22:52:00','2017-01-03 22:52:00'),(23,'admin/logout','2017-01-04 02:42:34','2017-01-04 02:42:34');
/*!40000 ALTER TABLE `tracker_paths` ENABLE KEYS */;
UNLOCK TABLES;

--
-- Table structure for table `tracker_queries`
--

DROP TABLE IF EXISTS `tracker_queries`;
/*!40101 SET @saved_cs_client     = @@character_set_client */;
/*!40101 SET character_set_client = utf8 */;
CREATE TABLE `tracker_queries` (
  `id` bigint(20) unsigned NOT NULL AUTO_INCREMENT,
  `query` varchar(255) COLLATE utf8_unicode_ci NOT NULL,
  `created_at` timestamp NOT NULL DEFAULT CURRENT_TIMESTAMP ON UPDATE CURRENT_TIMESTAMP,
  `updated_at` timestamp NOT NULL DEFAULT '0000-00-00 00:00:00',
  PRIMARY KEY (`id`),
  KEY `tracker_queries_query_index` (`query`),
  KEY `tracker_queries_created_at_index` (`created_at`),
  KEY `tracker_queries_updated_at_index` (`updated_at`)
) ENGINE=InnoDB DEFAULT CHARSET=utf8 COLLATE=utf8_unicode_ci;
/*!40101 SET character_set_client = @saved_cs_client */;

--
-- Dumping data for table `tracker_queries`
--

LOCK TABLES `tracker_queries` WRITE;
/*!40000 ALTER TABLE `tracker_queries` DISABLE KEYS */;
/*!40000 ALTER TABLE `tracker_queries` ENABLE KEYS */;
UNLOCK TABLES;

--
-- Table structure for table `tracker_query_arguments`
--

DROP TABLE IF EXISTS `tracker_query_arguments`;
/*!40101 SET @saved_cs_client     = @@character_set_client */;
/*!40101 SET character_set_client = utf8 */;
CREATE TABLE `tracker_query_arguments` (
  `id` bigint(20) unsigned NOT NULL AUTO_INCREMENT,
  `query_id` bigint(20) unsigned NOT NULL,
  `argument` varchar(255) COLLATE utf8_unicode_ci NOT NULL,
  `value` varchar(255) COLLATE utf8_unicode_ci NOT NULL,
  `created_at` timestamp NOT NULL DEFAULT CURRENT_TIMESTAMP ON UPDATE CURRENT_TIMESTAMP,
  `updated_at` timestamp NOT NULL DEFAULT '0000-00-00 00:00:00',
  PRIMARY KEY (`id`),
  KEY `tracker_query_arguments_query_id_index` (`query_id`),
  KEY `tracker_query_arguments_argument_index` (`argument`),
  KEY `tracker_query_arguments_value_index` (`value`),
  KEY `tracker_query_arguments_created_at_index` (`created_at`),
  KEY `tracker_query_arguments_updated_at_index` (`updated_at`),
  CONSTRAINT `tracker_query_arguments_query_id_foreign` FOREIGN KEY (`query_id`) REFERENCES `tracker_queries` (`id`) ON DELETE CASCADE ON UPDATE CASCADE
) ENGINE=InnoDB DEFAULT CHARSET=utf8 COLLATE=utf8_unicode_ci;
/*!40101 SET character_set_client = @saved_cs_client */;

--
-- Dumping data for table `tracker_query_arguments`
--

LOCK TABLES `tracker_query_arguments` WRITE;
/*!40000 ALTER TABLE `tracker_query_arguments` DISABLE KEYS */;
/*!40000 ALTER TABLE `tracker_query_arguments` ENABLE KEYS */;
UNLOCK TABLES;

--
-- Table structure for table `tracker_referers`
--

DROP TABLE IF EXISTS `tracker_referers`;
/*!40101 SET @saved_cs_client     = @@character_set_client */;
/*!40101 SET character_set_client = utf8 */;
CREATE TABLE `tracker_referers` (
  `id` bigint(20) unsigned NOT NULL AUTO_INCREMENT,
  `domain_id` bigint(20) unsigned NOT NULL,
  `url` varchar(255) COLLATE utf8_unicode_ci NOT NULL,
  `host` varchar(255) COLLATE utf8_unicode_ci NOT NULL,
  `created_at` timestamp NOT NULL DEFAULT CURRENT_TIMESTAMP ON UPDATE CURRENT_TIMESTAMP,
  `updated_at` timestamp NOT NULL DEFAULT '0000-00-00 00:00:00',
  `medium` varchar(255) COLLATE utf8_unicode_ci DEFAULT NULL,
  `source` varchar(255) COLLATE utf8_unicode_ci DEFAULT NULL,
  `search_terms_hash` varchar(255) COLLATE utf8_unicode_ci DEFAULT NULL,
  PRIMARY KEY (`id`),
  KEY `tracker_referers_domain_id_index` (`domain_id`),
  KEY `tracker_referers_url_index` (`url`),
  KEY `tracker_referers_created_at_index` (`created_at`),
  KEY `tracker_referers_updated_at_index` (`updated_at`),
  KEY `tracker_referers_medium_index` (`medium`),
  KEY `tracker_referers_source_index` (`source`),
  KEY `tracker_referers_search_terms_hash_index` (`search_terms_hash`),
  CONSTRAINT `tracker_referers_domain_id_foreign` FOREIGN KEY (`domain_id`) REFERENCES `tracker_domains` (`id`) ON DELETE CASCADE ON UPDATE CASCADE
) ENGINE=InnoDB AUTO_INCREMENT=28 DEFAULT CHARSET=utf8 COLLATE=utf8_unicode_ci;
/*!40101 SET character_set_client = @saved_cs_client */;

--
-- Dumping data for table `tracker_referers`
--

LOCK TABLES `tracker_referers` WRITE;
/*!40000 ALTER TABLE `tracker_referers` DISABLE KEYS */;
INSERT INTO `tracker_referers` VALUES (1,1,'http://voyager.dev/','voyager.dev','2017-01-03 22:40:44','2017-01-03 22:40:44',NULL,NULL,NULL),(2,1,'http://voyager.dev/login','voyager.dev','2017-01-03 22:41:34','2017-01-03 22:41:34',NULL,NULL,NULL),(3,1,'http://voyager.dev/admin/login','voyager.dev','2017-01-03 22:43:48','2017-01-03 22:43:48',NULL,NULL,NULL),(4,1,'http://voyager.dev/admin','voyager.dev','2017-01-03 22:44:04','2017-01-03 22:44:04',NULL,NULL,NULL),(5,1,'http://voyager.dev/home','voyager.dev','2017-01-03 22:44:45','2017-01-03 22:44:45',NULL,NULL,NULL),(6,1,'http://voyager.dev/logout','voyager.dev','2017-01-03 22:44:46','2017-01-03 22:44:46',NULL,NULL,NULL),(7,1,'http://voyager.dev/admin/cases','voyager.dev','2017-01-03 22:45:06','2017-01-03 22:45:06',NULL,NULL,NULL),(8,1,'http://voyager.dev/register','voyager.dev','2017-01-03 22:50:00','2017-01-03 22:50:00',NULL,NULL,NULL),(9,1,'http://voyager.dev/admin/users','voyager.dev','2017-01-03 22:50:51','2017-01-03 22:50:51',NULL,NULL,NULL),(10,1,'http://voyager.dev/admin/users/25/edit','voyager.dev','2017-01-03 22:50:56','2017-01-03 22:50:56',NULL,NULL,NULL),(11,1,'http://voyager.dev/admin/cases/create','voyager.dev','2017-01-03 22:51:14','2017-01-03 22:51:14',NULL,NULL,NULL),(12,1,'http://voyager.dev/admin/cases/11','voyager.dev','2017-01-03 22:51:18','2017-01-03 22:51:18',NULL,NULL,NULL),(13,1,'http://voyager.dev/admin/cases/11/files','voyager.dev','2017-01-03 22:51:20','2017-01-03 22:51:20',NULL,NULL,NULL),(14,1,'http://voyager.dev/admin/cases/11/files/upload','voyager.dev','2017-01-03 22:51:20','2017-01-03 22:51:20',NULL,NULL,NULL),(15,1,'http://voyager.dev/admin/cases/11/users','voyager.dev','2017-01-03 22:51:36','2017-01-03 22:51:36',NULL,NULL,NULL),(16,1,'http://voyager.dev/admin/cases/11/users/add','voyager.dev','2017-01-03 22:51:42','2017-01-03 22:51:42',NULL,NULL,NULL),(17,1,'http://voyager.dev/cases','voyager.dev','2017-01-03 22:51:55','2017-01-03 22:51:55',NULL,NULL,NULL),(18,1,'http://voyager.dev/cases/11','voyager.dev','2017-01-03 22:51:57','2017-01-03 22:51:57',NULL,NULL,NULL),(19,1,'http://voyager.dev/cases/11/files','voyager.dev','2017-01-03 22:52:00','2017-01-03 22:52:00',NULL,NULL,NULL),(20,1,'http://voyager.dev/admin/stats?page=visits','voyager.dev','2017-01-04 01:33:03','2017-01-04 01:33:03',NULL,NULL,NULL),(21,1,'http://voyager.dev/admin/stats?page=events','voyager.dev','2017-01-04 02:22:56','2017-01-04 02:22:56',NULL,NULL,NULL),(22,1,'http://voyager.dev/admin/stats?days=365','voyager.dev','2017-01-04 02:38:40','2017-01-04 02:38:40',NULL,NULL,NULL),(23,1,'http://voyager.dev/admin/','voyager.dev','2017-01-04 02:40:03','2017-01-04 02:40:03',NULL,NULL,NULL),(24,1,'http://voyager.dev/admin/logout','voyager.dev','2017-01-04 02:42:36','2017-01-04 02:42:36',NULL,NULL,NULL),(25,1,'http://voyager.dev/admin/stats?page=users','voyager.dev','2017-01-04 02:44:59','2017-01-04 02:44:59',NULL,NULL,NULL),(26,1,'http://voyager.dev/admin/stats','voyager.dev','2017-01-04 02:51:00','2017-01-04 02:51:00',NULL,NULL,NULL),(27,1,'http://voyager.dev/admin/users/25','voyager.dev','2017-01-04 02:55:17','2017-01-04 02:55:17',NULL,NULL,NULL);
/*!40000 ALTER TABLE `tracker_referers` ENABLE KEYS */;
UNLOCK TABLES;

--
-- Table structure for table `tracker_referers_search_terms`
--

DROP TABLE IF EXISTS `tracker_referers_search_terms`;
/*!40101 SET @saved_cs_client     = @@character_set_client */;
/*!40101 SET character_set_client = utf8 */;
CREATE TABLE `tracker_referers_search_terms` (
  `id` bigint(20) unsigned NOT NULL AUTO_INCREMENT,
  `referer_id` bigint(20) unsigned NOT NULL,
  `search_term` varchar(255) COLLATE utf8_unicode_ci NOT NULL,
  `created_at` timestamp NOT NULL DEFAULT CURRENT_TIMESTAMP ON UPDATE CURRENT_TIMESTAMP,
  `updated_at` timestamp NOT NULL DEFAULT '0000-00-00 00:00:00',
  PRIMARY KEY (`id`),
  KEY `tracker_referers_search_terms_referer_id_index` (`referer_id`),
  KEY `tracker_referers_search_terms_search_term_index` (`search_term`),
  KEY `tracker_referers_search_terms_created_at_index` (`created_at`),
  KEY `tracker_referers_search_terms_updated_at_index` (`updated_at`),
  CONSTRAINT `tracker_referers_referer_id_fk` FOREIGN KEY (`referer_id`) REFERENCES `tracker_referers` (`id`) ON DELETE CASCADE ON UPDATE CASCADE
) ENGINE=InnoDB DEFAULT CHARSET=utf8 COLLATE=utf8_unicode_ci;
/*!40101 SET character_set_client = @saved_cs_client */;

--
-- Dumping data for table `tracker_referers_search_terms`
--

LOCK TABLES `tracker_referers_search_terms` WRITE;
/*!40000 ALTER TABLE `tracker_referers_search_terms` DISABLE KEYS */;
/*!40000 ALTER TABLE `tracker_referers_search_terms` ENABLE KEYS */;
UNLOCK TABLES;

--
-- Table structure for table `tracker_route_path_parameters`
--

DROP TABLE IF EXISTS `tracker_route_path_parameters`;
/*!40101 SET @saved_cs_client     = @@character_set_client */;
/*!40101 SET character_set_client = utf8 */;
CREATE TABLE `tracker_route_path_parameters` (
  `id` bigint(20) unsigned NOT NULL AUTO_INCREMENT,
  `route_path_id` bigint(20) unsigned NOT NULL,
  `parameter` varchar(255) COLLATE utf8_unicode_ci NOT NULL,
  `value` varchar(255) COLLATE utf8_unicode_ci NOT NULL,
  `created_at` timestamp NOT NULL DEFAULT CURRENT_TIMESTAMP ON UPDATE CURRENT_TIMESTAMP,
  `updated_at` timestamp NOT NULL DEFAULT '0000-00-00 00:00:00',
  PRIMARY KEY (`id`),
  KEY `tracker_route_path_parameters_route_path_id_index` (`route_path_id`),
  KEY `tracker_route_path_parameters_parameter_index` (`parameter`),
  KEY `tracker_route_path_parameters_value_index` (`value`),
  KEY `tracker_route_path_parameters_created_at_index` (`created_at`),
  KEY `tracker_route_path_parameters_updated_at_index` (`updated_at`),
  CONSTRAINT `tracker_route_path_parameters_route_path_id_foreign` FOREIGN KEY (`route_path_id`) REFERENCES `tracker_route_paths` (`id`) ON DELETE CASCADE ON UPDATE CASCADE
) ENGINE=InnoDB AUTO_INCREMENT=16 DEFAULT CHARSET=utf8 COLLATE=utf8_unicode_ci;
/*!40101 SET character_set_client = @saved_cs_client */;

--
-- Dumping data for table `tracker_route_path_parameters`
--

LOCK TABLES `tracker_route_path_parameters` WRITE;
/*!40000 ALTER TABLE `tracker_route_path_parameters` DISABLE KEYS */;
INSERT INTO `tracker_route_path_parameters` VALUES (1,14,'user','25','2017-01-03 22:50:51','2017-01-03 22:50:51'),(2,15,'user','25','2017-01-03 22:50:56','2017-01-03 22:50:56'),(3,18,'id','11','2017-01-03 22:51:15','2017-01-03 22:51:15'),(4,19,'id','11','2017-01-03 22:51:17','2017-01-03 22:51:17'),(5,20,'id','11','2017-01-03 22:51:20','2017-01-03 22:51:20'),(6,21,'id','11','2017-01-03 22:51:26','2017-01-03 22:51:26'),(7,22,'id','11','2017-01-03 22:51:34','2017-01-03 22:51:34'),(8,23,'id','11','2017-01-03 22:51:36','2017-01-03 22:51:36'),(9,24,'id','11','2017-01-03 22:51:42','2017-01-03 22:51:42'),(10,24,'user','25','2017-01-03 22:51:42','2017-01-03 22:51:42'),(11,25,'id','11','2017-01-03 22:51:55','2017-01-03 22:51:55'),(12,26,'id','11','2017-01-03 22:51:57','2017-01-03 22:51:57'),(13,27,'id','11','2017-01-03 22:52:00','2017-01-03 22:52:00'),(14,27,'file','41','2017-01-03 22:52:00','2017-01-03 22:52:00'),(15,29,'user','25','2017-01-04 02:55:14','2017-01-04 02:55:14');
/*!40000 ALTER TABLE `tracker_route_path_parameters` ENABLE KEYS */;
UNLOCK TABLES;

--
-- Table structure for table `tracker_route_paths`
--

DROP TABLE IF EXISTS `tracker_route_paths`;
/*!40101 SET @saved_cs_client     = @@character_set_client */;
/*!40101 SET character_set_client = utf8 */;
CREATE TABLE `tracker_route_paths` (
  `id` bigint(20) unsigned NOT NULL AUTO_INCREMENT,
  `route_id` bigint(20) unsigned NOT NULL,
  `path` varchar(255) COLLATE utf8_unicode_ci NOT NULL,
  `created_at` timestamp NOT NULL DEFAULT CURRENT_TIMESTAMP ON UPDATE CURRENT_TIMESTAMP,
  `updated_at` timestamp NOT NULL DEFAULT '0000-00-00 00:00:00',
  PRIMARY KEY (`id`),
  KEY `tracker_route_paths_route_id_index` (`route_id`),
  KEY `tracker_route_paths_path_index` (`path`),
  KEY `tracker_route_paths_created_at_index` (`created_at`),
  KEY `tracker_route_paths_updated_at_index` (`updated_at`),
  CONSTRAINT `tracker_route_paths_route_id_foreign` FOREIGN KEY (`route_id`) REFERENCES `tracker_routes` (`id`) ON DELETE CASCADE ON UPDATE CASCADE
) ENGINE=InnoDB AUTO_INCREMENT=30 DEFAULT CHARSET=utf8 COLLATE=utf8_unicode_ci;
/*!40101 SET character_set_client = @saved_cs_client */;

--
-- Dumping data for table `tracker_route_paths`
--

LOCK TABLES `tracker_route_paths` WRITE;
/*!40000 ALTER TABLE `tracker_route_paths` DISABLE KEYS */;
INSERT INTO `tracker_route_paths` VALUES (1,1,'/','2017-01-03 22:39:53','2017-01-03 22:39:53'),(2,2,'cases','2017-01-03 22:40:45','2017-01-03 22:40:45'),(3,3,'login','2017-01-03 22:41:29','2017-01-03 22:41:29'),(4,4,'login','2017-01-03 22:41:34','2017-01-03 22:41:34'),(5,5,'admin','2017-01-03 22:42:13','2017-01-03 22:42:13'),(6,6,'admin/login','2017-01-03 22:43:20','2017-01-03 22:43:20'),(7,7,'admin/login','2017-01-03 22:43:48','2017-01-03 22:43:48'),(8,8,'admin/cases','2017-01-03 22:44:04','2017-01-03 22:44:04'),(9,9,'home','2017-01-03 22:44:39','2017-01-03 22:44:39'),(10,10,'logout','2017-01-03 22:44:45','2017-01-03 22:44:45'),(11,11,'register','2017-01-03 22:49:47','2017-01-03 22:49:47'),(12,12,'register','2017-01-03 22:50:00','2017-01-03 22:50:00'),(13,13,'admin/users','2017-01-03 22:50:48','2017-01-03 22:50:48'),(14,14,'admin/users/25/edit','2017-01-03 22:50:51','2017-01-03 22:50:51'),(15,15,'admin/users/25','2017-01-03 22:50:56','2017-01-03 22:50:56'),(16,16,'admin/cases/create','2017-01-03 22:51:00','2017-01-03 22:51:00'),(17,17,'admin/cases/create','2017-01-03 22:51:14','2017-01-03 22:51:14'),(18,18,'admin/cases/11','2017-01-03 22:51:15','2017-01-03 22:51:15'),(19,19,'admin/cases/11/files','2017-01-03 22:51:17','2017-01-03 22:51:17'),(20,20,'admin/cases/11/files/upload','2017-01-03 22:51:20','2017-01-03 22:51:20'),(21,21,'admin/cases/11/files/upload','2017-01-03 22:51:26','2017-01-03 22:51:26'),(22,22,'admin/cases/11/users','2017-01-03 22:51:34','2017-01-03 22:51:34'),(23,23,'admin/cases/11/users/add','2017-01-03 22:51:36','2017-01-03 22:51:36'),(24,24,'admin/cases/11/users/25/grant','2017-01-03 22:51:42','2017-01-03 22:51:42'),(25,25,'cases/11','2017-01-03 22:51:55','2017-01-03 22:51:55'),(26,26,'cases/11/files','2017-01-03 22:51:57','2017-01-03 22:51:57'),(27,27,'cases/11/files/41/download','2017-01-03 22:52:00','2017-01-03 22:52:00'),(28,28,'admin/logout','2017-01-04 02:42:34','2017-01-04 02:42:34'),(29,29,'admin/users/25','2017-01-04 02:55:14','2017-01-04 02:55:14');
/*!40000 ALTER TABLE `tracker_route_paths` ENABLE KEYS */;
UNLOCK TABLES;

--
-- Table structure for table `tracker_routes`
--

DROP TABLE IF EXISTS `tracker_routes`;
/*!40101 SET @saved_cs_client     = @@character_set_client */;
/*!40101 SET character_set_client = utf8 */;
CREATE TABLE `tracker_routes` (
  `id` bigint(20) unsigned NOT NULL AUTO_INCREMENT,
  `name` varchar(255) COLLATE utf8_unicode_ci NOT NULL,
  `action` varchar(255) COLLATE utf8_unicode_ci NOT NULL,
  `created_at` timestamp NOT NULL DEFAULT CURRENT_TIMESTAMP ON UPDATE CURRENT_TIMESTAMP,
  `updated_at` timestamp NOT NULL DEFAULT '0000-00-00 00:00:00',
  PRIMARY KEY (`id`),
  KEY `tracker_routes_name_index` (`name`),
  KEY `tracker_routes_action_index` (`action`),
  KEY `tracker_routes_created_at_index` (`created_at`),
  KEY `tracker_routes_updated_at_index` (`updated_at`)
) ENGINE=InnoDB AUTO_INCREMENT=30 DEFAULT CHARSET=utf8 COLLATE=utf8_unicode_ci;
/*!40101 SET character_set_client = @saved_cs_client */;

--
-- Dumping data for table `tracker_routes`
--

LOCK TABLES `tracker_routes` WRITE;
/*!40000 ALTER TABLE `tracker_routes` DISABLE KEYS */;
INSERT INTO `tracker_routes` VALUES (1,'//','App\\Http\\Controllers\\HomeController@index','2017-01-03 22:39:53','2017-01-03 22:39:53'),(2,'/cases','App\\Http\\Controllers\\CaseController@index','2017-01-03 22:40:45','2017-01-03 22:40:45'),(3,'login','App\\Http\\Controllers\\Auth\\LoginController@showLoginForm','2017-01-03 22:41:29','2017-01-03 22:41:29'),(4,'/login','App\\Http\\Controllers\\Auth\\LoginController@login','2017-01-03 22:41:34','2017-01-03 22:41:34'),(5,'voyager.dashboard','\\TCG\\Voyager\\Http\\Controllers\\VoyagerController@index','2017-01-03 22:42:13','2017-01-03 22:42:13'),(6,'voyager.login','\\TCG\\Voyager\\Http\\Controllers\\VoyagerAuthController@login','2017-01-03 22:43:20','2017-01-03 22:43:20'),(7,'/admin/login','\\TCG\\Voyager\\Http\\Controllers\\VoyagerAuthController@postLogin','2017-01-03 22:43:48','2017-01-03 22:43:48'),(8,'/admin/cases','App\\Http\\Controllers\\AdminCaseController@index','2017-01-03 22:44:04','2017-01-03 22:44:04'),(9,'/home','App\\Http\\Controllers\\HomeController@index','2017-01-03 22:44:39','2017-01-03 22:44:39'),(10,'/logout','\\TCG\\Voyager\\Http\\Controllers\\VoyagerController@logout','2017-01-03 22:44:45','2017-01-03 22:44:45'),(11,'register','App\\Http\\Controllers\\Auth\\RegisterController@showRegistrationForm','2017-01-03 22:49:47','2017-01-03 22:49:47'),(12,'/register','App\\Http\\Controllers\\Auth\\RegisterController@register','2017-01-03 22:50:00','2017-01-03 22:50:00'),(13,'voyager.users.index','\\TCG\\Voyager\\Http\\Controllers\\VoyagerBreadController@index','2017-01-03 22:50:48','2017-01-03 22:50:48'),(14,'voyager.users.edit','\\TCG\\Voyager\\Http\\Controllers\\VoyagerBreadController@edit','2017-01-03 22:50:51','2017-01-03 22:50:51'),(15,'voyager.users.update','\\TCG\\Voyager\\Http\\Controllers\\VoyagerBreadController@update','2017-01-03 22:50:56','2017-01-03 22:50:56'),(16,'/admin/cases/create','App\\Http\\Controllers\\AdminCaseController@create','2017-01-03 22:51:00','2017-01-03 22:51:00'),(17,'/admin/cases/create','App\\Http\\Controllers\\AdminCaseController@post','2017-01-03 22:51:14','2017-01-03 22:51:14'),(18,'/admin/cases/{id}','App\\Http\\Controllers\\AdminCaseController@show','2017-01-03 22:51:15','2017-01-03 22:51:15'),(19,'/admin/cases/{id}/files','App\\Http\\Controllers\\AdminFileController@index','2017-01-03 22:51:17','2017-01-03 22:51:17'),(20,'/admin/cases/{id}/files/upload','App\\Http\\Controllers\\AdminFileController@upload','2017-01-03 22:51:20','2017-01-03 22:51:20'),(21,'/admin/cases/{id}/files/upload','App\\Http\\Controllers\\AdminFileController@store','2017-01-03 22:51:26','2017-01-03 22:51:26'),(22,'/admin/cases/{id}/users','App\\Http\\Controllers\\AdminUserCaseController@index','2017-01-03 22:51:34','2017-01-03 22:51:34'),(23,'/admin/cases/{id}/users/add','App\\Http\\Controllers\\AdminUserCaseController@add','2017-01-03 22:51:36','2017-01-03 22:51:36'),(24,'/admin/cases/{id}/users/{user}/grant','App\\Http\\Controllers\\AdminUserCaseController@grant','2017-01-03 22:51:42','2017-01-03 22:51:42'),(25,'/cases/{id}','App\\Http\\Controllers\\CaseController@show','2017-01-03 22:51:55','2017-01-03 22:51:55'),(26,'/cases/{id}/files','App\\Http\\Controllers\\FileController@index','2017-01-03 22:51:57','2017-01-03 22:51:57'),(27,'/cases/{id}/files/{file}/download','App\\Http\\Controllers\\FileController@download','2017-01-03 22:52:00','2017-01-03 22:52:00'),(28,'voyager.logout','\\TCG\\Voyager\\Http\\Controllers\\VoyagerController@logout','2017-01-04 02:42:34','2017-01-04 02:42:34'),(29,'voyager.users.show','\\TCG\\Voyager\\Http\\Controllers\\VoyagerBreadController@show','2017-01-04 02:55:14','2017-01-04 02:55:14');
/*!40000 ALTER TABLE `tracker_routes` ENABLE KEYS */;
UNLOCK TABLES;

--
-- Table structure for table `tracker_sessions`
--

DROP TABLE IF EXISTS `tracker_sessions`;
/*!40101 SET @saved_cs_client     = @@character_set_client */;
/*!40101 SET character_set_client = utf8 */;
CREATE TABLE `tracker_sessions` (
  `id` bigint(20) unsigned NOT NULL AUTO_INCREMENT,
  `uuid` varchar(255) COLLATE utf8_unicode_ci NOT NULL,
  `user_id` bigint(20) unsigned DEFAULT NULL,
  `device_id` bigint(20) unsigned DEFAULT NULL,
  `agent_id` bigint(20) unsigned DEFAULT NULL,
  `client_ip` varchar(255) COLLATE utf8_unicode_ci NOT NULL,
  `referer_id` bigint(20) unsigned DEFAULT NULL,
  `cookie_id` bigint(20) unsigned DEFAULT NULL,
  `geoip_id` bigint(20) unsigned DEFAULT NULL,
  `is_robot` tinyint(1) NOT NULL,
  `created_at` timestamp NOT NULL DEFAULT CURRENT_TIMESTAMP ON UPDATE CURRENT_TIMESTAMP,
  `updated_at` timestamp NOT NULL DEFAULT '0000-00-00 00:00:00',
  `language_id` bigint(20) unsigned DEFAULT NULL,
  PRIMARY KEY (`id`),
  UNIQUE KEY `tracker_sessions_uuid_unique` (`uuid`),
  KEY `tracker_sessions_user_id_index` (`user_id`),
  KEY `tracker_sessions_device_id_index` (`device_id`),
  KEY `tracker_sessions_agent_id_index` (`agent_id`),
  KEY `tracker_sessions_client_ip_index` (`client_ip`),
  KEY `tracker_sessions_referer_id_index` (`referer_id`),
  KEY `tracker_sessions_cookie_id_index` (`cookie_id`),
  KEY `tracker_sessions_geoip_id_index` (`geoip_id`),
  KEY `tracker_sessions_created_at_index` (`created_at`),
  KEY `tracker_sessions_updated_at_index` (`updated_at`),
  KEY `tracker_sessions_language_id_index` (`language_id`),
  CONSTRAINT `tracker_sessions_agent_id_foreign` FOREIGN KEY (`agent_id`) REFERENCES `tracker_agents` (`id`) ON DELETE CASCADE ON UPDATE CASCADE,
  CONSTRAINT `tracker_sessions_cookie_id_foreign` FOREIGN KEY (`cookie_id`) REFERENCES `tracker_cookies` (`id`) ON DELETE CASCADE ON UPDATE CASCADE,
  CONSTRAINT `tracker_sessions_device_id_foreign` FOREIGN KEY (`device_id`) REFERENCES `tracker_devices` (`id`) ON DELETE CASCADE ON UPDATE CASCADE,
  CONSTRAINT `tracker_sessions_geoip_id_foreign` FOREIGN KEY (`geoip_id`) REFERENCES `tracker_geoip` (`id`) ON DELETE CASCADE ON UPDATE CASCADE,
  CONSTRAINT `tracker_sessions_language_id_foreign` FOREIGN KEY (`language_id`) REFERENCES `tracker_languages` (`id`) ON DELETE CASCADE ON UPDATE CASCADE,
  CONSTRAINT `tracker_sessions_referer_id_foreign` FOREIGN KEY (`referer_id`) REFERENCES `tracker_referers` (`id`) ON DELETE CASCADE ON UPDATE CASCADE
) ENGINE=InnoDB AUTO_INCREMENT=11 DEFAULT CHARSET=utf8 COLLATE=utf8_unicode_ci;
/*!40101 SET character_set_client = @saved_cs_client */;

--
-- Dumping data for table `tracker_sessions`
--

LOCK TABLES `tracker_sessions` WRITE;
/*!40000 ALTER TABLE `tracker_sessions` DISABLE KEYS */;
INSERT INTO `tracker_sessions` VALUES (1,'7998abe2-faee-406d-89b7-7d8d174b6e3d',1,1,1,'127.0.0.1',16,3,NULL,0,'2017-01-03 22:51:44','2017-01-03 22:51:44',NULL),(2,'cee582b9-9955-4648-98a4-2eaa306f54f4',3,1,1,'127.0.0.1',5,2,NULL,0,'2017-01-03 22:44:45','2017-01-03 22:44:45',NULL),(3,'37188df7-9303-454c-a39e-26c1da574b21',1,1,1,'127.0.0.1',1,2,NULL,0,'2017-01-03 22:46:19','2017-01-03 22:46:19',NULL),(4,'1ea8c382-cc05-45ac-bc22-b2149425bd85',25,1,1,'127.0.0.1',17,4,NULL,0,'2017-01-03 22:56:34','2017-01-03 22:56:34',NULL),(5,'dd8e6bb7-0d1c-4b02-8432-0501d3dbb7d5',1,1,1,'127.0.0.1',NULL,3,NULL,0,'2017-01-04 01:33:15','2017-01-04 01:33:15',NULL),(6,'eb21fcc5-2ea5-4212-9698-e32947ed83e0',1,1,1,'127.0.0.1',17,4,NULL,0,'2017-01-04 02:28:19','2017-01-04 02:28:19',NULL),(7,'f56f3f61-e6db-47ce-94fc-7169d28b7ccb',1,1,1,'127.0.0.1',23,3,NULL,0,'2017-01-04 02:42:34','2017-01-04 02:42:34',NULL),(8,'c51d0e7a-6337-4350-b09d-949e6098f5d7',25,1,1,'127.0.0.1',18,4,NULL,0,'2017-01-04 02:28:34','2017-01-04 02:28:34',NULL),(9,'6500ad2e-a61a-4119-8a60-8f699cb62fdd',3,1,1,'127.0.0.1',4,3,NULL,0,'2017-01-04 02:55:47','2017-01-04 02:55:47',NULL),(10,'024c93db-afc4-43f2-840b-bdb16ea4b444',1,1,1,'127.0.0.1',2,3,NULL,0,'2017-01-04 02:55:53','2017-01-04 02:55:53',NULL);
/*!40000 ALTER TABLE `tracker_sessions` ENABLE KEYS */;
UNLOCK TABLES;

--
-- Table structure for table `tracker_sql_queries`
--

DROP TABLE IF EXISTS `tracker_sql_queries`;
/*!40101 SET @saved_cs_client     = @@character_set_client */;
/*!40101 SET character_set_client = utf8 */;
CREATE TABLE `tracker_sql_queries` (
  `id` bigint(20) unsigned NOT NULL AUTO_INCREMENT,
  `sha1` varchar(40) COLLATE utf8_unicode_ci NOT NULL,
  `statement` text COLLATE utf8_unicode_ci NOT NULL,
  `time` double NOT NULL,
  `connection_id` int(10) unsigned NOT NULL,
  `created_at` timestamp NOT NULL DEFAULT CURRENT_TIMESTAMP ON UPDATE CURRENT_TIMESTAMP,
  `updated_at` timestamp NOT NULL DEFAULT '0000-00-00 00:00:00',
  PRIMARY KEY (`id`),
  KEY `tracker_sql_queries_sha1_index` (`sha1`),
  KEY `tracker_sql_queries_time_index` (`time`),
  KEY `tracker_sql_queries_created_at_index` (`created_at`),
  KEY `tracker_sql_queries_updated_at_index` (`updated_at`)
) ENGINE=InnoDB AUTO_INCREMENT=42 DEFAULT CHARSET=utf8 COLLATE=utf8_unicode_ci;
/*!40101 SET character_set_client = @saved_cs_client */;

--
-- Dumping data for table `tracker_sql_queries`
--

LOCK TABLES `tracker_sql_queries` WRITE;
/*!40000 ALTER TABLE `tracker_sql_queries` DISABLE KEYS */;
INSERT INTO `tracker_sql_queries` VALUES (1,'bdc9d572ee3af5671ab9a90c3bb3993d97c807a0','select * from `data_types`',2.24,1,'2017-01-03 22:40:41','2017-01-03 22:40:41'),(2,'446968ec6b75b770ebd102188d67c9f46a01ab17','select * from `users` where `users`.`id` = ? limit 1',0.69,1,'2017-01-03 22:40:41','2017-01-03 22:40:41'),(3,'f4de01da8616344c76a8fb86716b2568390c2a7d','select * from `settings` where `key` = ? limit 1',0.6,1,'2017-01-03 22:40:41','2017-01-03 22:40:41'),(4,'f1fd1f5ea524f9369d4a7c5fcd78443d9b20b04c','select * from `menus` where `name` = ? limit 1',0.45,1,'2017-01-03 22:40:41','2017-01-03 22:40:41'),(5,'34bcf842ffb60b0d85f0ecc701e3da92c3a34797','select * from `menu_items` where `menu_items`.`menu_id` = ? and `menu_items`.`menu_id` is not null',0.63,1,'2017-01-03 22:40:41','2017-01-03 22:40:41'),(6,'adcd17c4aabaed3990565956cf4715d8badfb985','select * from `permissions`',0.55,1,'2017-01-03 22:40:41','2017-01-03 22:40:41'),(7,'bb5eb93fd5dde6c7cee1905186c6be57b767ef99','select * from `roles` where `roles`.`id` = ? limit 1',0.47,1,'2017-01-03 22:40:41','2017-01-03 22:40:41'),(8,'f03b48ac1792a0e9b7b245215b988930d4ca961c','select `permissions`.*, `permission_role`.`role_id` as `pivot_role_id`, `permission_role`.`permission_id` as `pivot_permission_id` from `permissions` inner join `permission_role` on `permissions`.`id` = `permission_role`.`permission_id` where `permission_role`.`role_id` = ?',1.01,1,'2017-01-03 22:40:41','2017-01-03 22:40:41'),(9,'5e861ef8c63756ae200e7b32624fe5a5c702ff1b','select * from `permissions` where `key` = ? limit 1',0.45,1,'2017-01-03 22:40:45','2017-01-03 22:40:45'),(10,'96d56ba84bd93899addc236708f6a85b9c586c17','select * from `cases`',0.39,1,'2017-01-03 22:40:45','2017-01-03 22:40:45'),(11,'db8bd201e85ce392b13e8136446abd08ad3daa46','select * from `users` where `email` = ? limit 1',0.47,1,'2017-01-03 22:41:34','2017-01-03 22:41:34'),(12,'c5004ef33673dff5821f1d6ed3196a06d3a6837a','select * from `firewall` where `ip_address` = ? limit 1',0.46,1,'2017-01-03 22:42:13','2017-01-03 22:42:13'),(13,'8ba8ab38387a95cc9d56bc77ac78bfcd4f748c0b','select * from information_schema.tables where table_schema = ? and table_name = ?',0.7,1,'2017-01-03 22:42:13','2017-01-03 22:42:13'),(14,'d88179e20dafbcbf798c2a42e9fcd3c9e6780f24','select count(*) as aggregate from `users`',0.4,1,'2017-01-03 22:42:13','2017-01-03 22:42:13'),(15,'b2c6bbfb588d7d85263e84f8b470ea03b1f1039c','select count(*) as aggregate from `cases`',0.53,1,'2017-01-03 22:42:13','2017-01-03 22:42:13'),(16,'20118e895ac80ff355993bd9408a93bd5a34f2fd','update `users` set `remember_token` = ?, `updated_at` = ? where `id` = ?',0.68,1,'2017-01-03 22:44:45','2017-01-03 22:44:45'),(17,'f75e505b2df227034d4db603b67b1c6cd7ddc0be','select count(*) as aggregate from `users` where `email` = ?',0.4,1,'2017-01-03 22:50:00','2017-01-03 22:50:00'),(18,'c8887030a787b688df384adf2daef34a584eddb6','insert into `users` (`name`, `email`, `bar_number`, `password`, `token`, `updated_at`, `created_at`) values (?, ?, ?, ?, ?, ?, ?)',1.76,1,'2017-01-03 22:50:00','2017-01-03 22:50:00'),(19,'753ddc975cb2e1ff8f89d645ac1b300541187706','select * from `roles` where `name` = ? limit 1',0.56,1,'2017-01-03 22:50:00','2017-01-03 22:50:00'),(20,'0a82e506b7a4ae7fd681be25500c7eb08d6d04fd','update `users` set `role_id` = ?, `updated_at` = ? where `id` = ?',1.2,1,'2017-01-03 22:50:00','2017-01-03 22:50:00'),(21,'2a00988464409e5b4b906a3649d11277041dee6e','select * from `data_types` where `slug` = ? limit 1',0.43,1,'2017-01-03 22:50:48','2017-01-03 22:50:48'),(22,'1c66b3effb38a92428dd2b9fce04b34539e0b8df','select * from `users` order by `created_at` desc',0.55,1,'2017-01-03 22:50:48','2017-01-03 22:50:48'),(23,'24f9c628f3958b6a29e5dbfb8b07a77bd598c15c','select * from `roles`',0.54,1,'2017-01-03 22:50:51','2017-01-03 22:50:51'),(24,'1244ff3959ae78e85b57c911ff420f8e4b26fec4','select * from `data_rows` where `data_rows`.`data_type_id` = ? and `data_rows`.`data_type_id` is not null and `edit` = ?',0.57,1,'2017-01-03 22:50:56','2017-01-03 22:50:56'),(25,'f1e3927eae52621d41cded5cfd67dd793f60d1b6','update `users` set `updated_at` = ?, `role_id` = ? where `id` = ?',0.64,1,'2017-01-03 22:50:56','2017-01-03 22:50:56'),(26,'f920128eb2e807def09da51d2e6ac4cacf3bb016','insert into `cases` (`case_number`, `last_name`, `first_name`, `jn`, `sid`, `offense_description`, `created_by`, `updated_at`, `created_at`) values (?, ?, ?, ?, ?, ?, ?, ?, ?)',0.7,1,'2017-01-03 22:51:14','2017-01-03 22:51:14'),(27,'4b2b0c0478d8cae5a70d6b86402399690c38a1e0','select * from `cases` where `cases`.`id` = ? limit 1',0.58,1,'2017-01-03 22:51:15','2017-01-03 22:51:15'),(28,'ee9649a55280ae0b3d38d7be95dea7bf7c58fe8d','select * from `files`',0.39,1,'2017-01-03 22:51:18','2017-01-03 22:51:18'),(29,'4a3a67c97de53cc31f45af2e011397c4c92c748f','select * from `user_case`',0.42,1,'2017-01-03 22:51:26','2017-01-03 22:51:26'),(30,'9b304c9a058d616bdf764965355c7ecf5e84c604','insert into `files` (`original_name`, `mime`, `name`, `uploaded_by`, `case_id`, `updated_at`, `created_at`) values (?, ?, ?, ?, ?, ?, ?)',0.68,1,'2017-01-03 22:51:26','2017-01-03 22:51:26'),(31,'9707ed60a0f7d9798767b7d32872784c770be26a','select `users`.*, `user_file`.`file_id` as `pivot_file_id`, `user_file`.`user_id` as `pivot_user_id`, `user_file`.`access_count` as `pivot_access_count` from `users` inner join `user_file` on `users`.`id` = `user_file`.`user_id` where `user_file`.`file_id` = ?',0.74,1,'2017-01-03 22:51:29','2017-01-03 22:51:29'),(32,'10fc4b99aa5629fc91d31eb53b906971f08acd5d','select `users`.*, `user_case`.`case_id` as `pivot_case_id`, `user_case`.`user_id` as `pivot_user_id`, `user_case`.`access_on` as `pivot_access_on`, `user_case`.`revoke_on` as `pivot_revoke_on` from `users` inner join `user_case` on `users`.`id` = `user_case`.`user_id` where `user_case`.`case_id` = ?',0.67,1,'2017-01-03 22:51:34','2017-01-03 22:51:34'),(33,'822fd5d351d233a2bfa171bb3526a61345f66419','select * from `user_case` where `case_id` = ?',0.5,1,'2017-01-03 22:51:36','2017-01-03 22:51:36'),(34,'4cc9a4d1da5d9ccc99f8837a01267d6d870ea613','select * from `users`',0.46,1,'2017-01-03 22:51:36','2017-01-03 22:51:36'),(35,'3da4cb472976e6fd8f489c7b8875440930312e29','insert into `user_file` (`file_id`, `user_id`, `access_count`, `updated_at`, `created_at`) values (?, ?, ?, ?, ?)',0.67,1,'2017-01-03 22:51:42','2017-01-03 22:51:42'),(36,'09c7872a7c8d254c2d7ff63031c7cc9f5d869a59','insert into `user_case` (`case_id`, `user_id`, `access_on`, `revoke_on`, `access_by`, `updated_at`, `created_at`) values (?, ?, ?, ?, ?, ?, ?)',0.64,1,'2017-01-03 22:51:42','2017-01-03 22:51:42'),(37,'7964a36b0d17314701c58b356a1cd72a46e8569d','select * from `files` where `files`.`id` = ? limit 1',0.45,1,'2017-01-03 22:52:00','2017-01-03 22:52:00'),(38,'d5ff65f933159e71a03ad7c82fde4d84bf5ac9f9','select * from `user_file` where `user_id` = ? and `file_id` = ? limit 1',0.62,1,'2017-01-03 22:52:00','2017-01-03 22:52:00'),(39,'280fd29db6d860a752aeec39fbee4d99798c94a2','update `user_file` set `access_count` = ?, `updated_at` = ? where `user_id` = ? and `file_id` = ?',0.74,1,'2017-01-03 22:52:00','2017-01-03 22:52:00'),(40,'de990ad95136bdd939d30c3384dac2ba0f4fb2dc','select * from `users` where `users`.`id` in (?)',0.34,1,'2017-01-04 02:38:40','2017-01-04 02:38:40'),(41,'e7652cc41021727fef4175a094ae89e09f855d82','select * from `data_rows` where `data_rows`.`data_type_id` = ? and `data_rows`.`data_type_id` is not null and `read` = ?',0.67,1,'2017-01-04 02:55:14','2017-01-04 02:55:14');
/*!40000 ALTER TABLE `tracker_sql_queries` ENABLE KEYS */;
UNLOCK TABLES;

--
-- Table structure for table `tracker_sql_queries_log`
--

DROP TABLE IF EXISTS `tracker_sql_queries_log`;
/*!40101 SET @saved_cs_client     = @@character_set_client */;
/*!40101 SET character_set_client = utf8 */;
CREATE TABLE `tracker_sql_queries_log` (
  `id` bigint(20) unsigned NOT NULL AUTO_INCREMENT,
  `log_id` bigint(20) unsigned NOT NULL,
  `sql_query_id` bigint(20) unsigned NOT NULL,
  `created_at` timestamp NOT NULL DEFAULT CURRENT_TIMESTAMP ON UPDATE CURRENT_TIMESTAMP,
  `updated_at` timestamp NOT NULL DEFAULT '0000-00-00 00:00:00',
  PRIMARY KEY (`id`),
  KEY `tracker_sql_queries_log_log_id_index` (`log_id`),
  KEY `tracker_sql_queries_log_sql_query_id_index` (`sql_query_id`),
  KEY `tracker_sql_queries_log_created_at_index` (`created_at`),
  KEY `tracker_sql_queries_log_updated_at_index` (`updated_at`),
  CONSTRAINT `tracker_sql_queries_log_log_id_foreign` FOREIGN KEY (`log_id`) REFERENCES `tracker_log` (`id`) ON DELETE CASCADE ON UPDATE CASCADE,
  CONSTRAINT `tracker_sql_queries_log_sql_query_id_foreign` FOREIGN KEY (`sql_query_id`) REFERENCES `tracker_sql_queries` (`id`) ON DELETE CASCADE ON UPDATE CASCADE
) ENGINE=InnoDB AUTO_INCREMENT=2364 DEFAULT CHARSET=utf8 COLLATE=utf8_unicode_ci;
/*!40101 SET character_set_client = @saved_cs_client */;

--
-- Dumping data for table `tracker_sql_queries_log`
--

LOCK TABLES `tracker_sql_queries_log` WRITE;
/*!40000 ALTER TABLE `tracker_sql_queries_log` DISABLE KEYS */;
INSERT INTO `tracker_sql_queries_log` VALUES (1,1,1,'2017-01-03 22:40:41','2017-01-03 22:40:41'),(2,1,2,'2017-01-03 22:40:41','2017-01-03 22:40:41'),(3,1,3,'2017-01-03 22:40:41','2017-01-03 22:40:41'),(4,1,3,'2017-01-03 22:40:41','2017-01-03 22:40:41'),(5,1,3,'2017-01-03 22:40:41','2017-01-03 22:40:41'),(6,1,4,'2017-01-03 22:40:41','2017-01-03 22:40:41'),(7,1,5,'2017-01-03 22:40:41','2017-01-03 22:40:41'),(8,1,6,'2017-01-03 22:40:41','2017-01-03 22:40:41'),(9,1,2,'2017-01-03 22:40:41','2017-01-03 22:40:41'),(10,1,7,'2017-01-03 22:40:41','2017-01-03 22:40:41'),(11,1,8,'2017-01-03 22:40:41','2017-01-03 22:40:41'),(12,1,1,'2017-01-03 22:40:41','2017-01-03 22:40:41'),(13,2,1,'2017-01-03 22:40:44','2017-01-03 22:40:44'),(14,2,2,'2017-01-03 22:40:44','2017-01-03 22:40:44'),(15,2,3,'2017-01-03 22:40:44','2017-01-03 22:40:44'),(16,2,3,'2017-01-03 22:40:44','2017-01-03 22:40:44'),(17,2,3,'2017-01-03 22:40:44','2017-01-03 22:40:44'),(18,2,4,'2017-01-03 22:40:44','2017-01-03 22:40:44'),(19,2,5,'2017-01-03 22:40:44','2017-01-03 22:40:44'),(20,2,6,'2017-01-03 22:40:44','2017-01-03 22:40:44'),(21,2,2,'2017-01-03 22:40:44','2017-01-03 22:40:44'),(22,2,7,'2017-01-03 22:40:44','2017-01-03 22:40:44'),(23,2,8,'2017-01-03 22:40:44','2017-01-03 22:40:44'),(24,2,1,'2017-01-03 22:40:44','2017-01-03 22:40:44'),(25,3,1,'2017-01-03 22:40:45','2017-01-03 22:40:45'),(26,3,2,'2017-01-03 22:40:45','2017-01-03 22:40:45'),(27,3,9,'2017-01-03 22:40:45','2017-01-03 22:40:45'),(28,3,2,'2017-01-03 22:40:45','2017-01-03 22:40:45'),(29,3,7,'2017-01-03 22:40:45','2017-01-03 22:40:45'),(30,3,8,'2017-01-03 22:40:45','2017-01-03 22:40:45'),(31,3,10,'2017-01-03 22:40:45','2017-01-03 22:40:45'),(32,3,3,'2017-01-03 22:40:45','2017-01-03 22:40:45'),(33,3,3,'2017-01-03 22:40:45','2017-01-03 22:40:45'),(34,3,3,'2017-01-03 22:40:45','2017-01-03 22:40:45'),(35,3,4,'2017-01-03 22:40:45','2017-01-03 22:40:45'),(36,3,5,'2017-01-03 22:40:45','2017-01-03 22:40:45'),(37,3,6,'2017-01-03 22:40:45','2017-01-03 22:40:45'),(38,3,2,'2017-01-03 22:40:45','2017-01-03 22:40:45'),(39,3,7,'2017-01-03 22:40:45','2017-01-03 22:40:45'),(40,3,8,'2017-01-03 22:40:45','2017-01-03 22:40:45'),(41,3,1,'2017-01-03 22:40:45','2017-01-03 22:40:45'),(42,4,1,'2017-01-03 22:41:29','2017-01-03 22:41:29'),(43,5,1,'2017-01-03 22:41:34','2017-01-03 22:41:34'),(44,5,11,'2017-01-03 22:41:34','2017-01-03 22:41:34'),(45,6,1,'2017-01-03 22:41:34','2017-01-03 22:41:34'),(46,7,1,'2017-01-03 22:42:13','2017-01-03 22:42:13'),(47,7,2,'2017-01-03 22:42:13','2017-01-03 22:42:13'),(48,7,12,'2017-01-03 22:42:13','2017-01-03 22:42:13'),(49,7,2,'2017-01-03 22:42:13','2017-01-03 22:42:13'),(50,7,7,'2017-01-03 22:42:13','2017-01-03 22:42:13'),(51,7,8,'2017-01-03 22:42:13','2017-01-03 22:42:13'),(52,7,13,'2017-01-03 22:42:13','2017-01-03 22:42:13'),(53,7,14,'2017-01-03 22:42:13','2017-01-03 22:42:13'),(54,7,15,'2017-01-03 22:42:13','2017-01-03 22:42:13'),(55,7,3,'2017-01-03 22:42:13','2017-01-03 22:42:13'),(56,7,3,'2017-01-03 22:42:13','2017-01-03 22:42:13'),(57,7,3,'2017-01-03 22:42:13','2017-01-03 22:42:13'),(58,7,3,'2017-01-03 22:42:13','2017-01-03 22:42:13'),(59,7,3,'2017-01-03 22:42:13','2017-01-03 22:42:13'),(60,7,4,'2017-01-03 22:42:13','2017-01-03 22:42:13'),(61,7,5,'2017-01-03 22:42:13','2017-01-03 22:42:13'),(62,7,6,'2017-01-03 22:42:13','2017-01-03 22:42:13'),(63,7,2,'2017-01-03 22:42:13','2017-01-03 22:42:13'),(64,7,7,'2017-01-03 22:42:13','2017-01-03 22:42:13'),(65,7,8,'2017-01-03 22:42:13','2017-01-03 22:42:13'),(66,7,1,'2017-01-03 22:42:13','2017-01-03 22:42:13'),(67,8,1,'2017-01-03 22:43:20','2017-01-03 22:43:20'),(68,8,2,'2017-01-03 22:43:20','2017-01-03 22:43:20'),(69,8,12,'2017-01-03 22:43:20','2017-01-03 22:43:20'),(70,8,3,'2017-01-03 22:43:20','2017-01-03 22:43:20'),(71,9,1,'2017-01-03 22:43:48','2017-01-03 22:43:48'),(72,9,2,'2017-01-03 22:43:48','2017-01-03 22:43:48'),(73,9,12,'2017-01-03 22:43:48','2017-01-03 22:43:48'),(74,9,11,'2017-01-03 22:43:48','2017-01-03 22:43:48'),(75,10,1,'2017-01-03 22:43:48','2017-01-03 22:43:48'),(76,10,2,'2017-01-03 22:43:48','2017-01-03 22:43:48'),(77,10,12,'2017-01-03 22:43:48','2017-01-03 22:43:48'),(78,10,2,'2017-01-03 22:43:48','2017-01-03 22:43:48'),(79,10,7,'2017-01-03 22:43:48','2017-01-03 22:43:48'),(80,10,8,'2017-01-03 22:43:48','2017-01-03 22:43:48'),(81,10,13,'2017-01-03 22:43:48','2017-01-03 22:43:48'),(82,10,14,'2017-01-03 22:43:48','2017-01-03 22:43:48'),(83,10,15,'2017-01-03 22:43:48','2017-01-03 22:43:48'),(84,10,3,'2017-01-03 22:43:48','2017-01-03 22:43:48'),(85,10,3,'2017-01-03 22:43:48','2017-01-03 22:43:48'),(86,10,3,'2017-01-03 22:43:48','2017-01-03 22:43:48'),(87,10,3,'2017-01-03 22:43:48','2017-01-03 22:43:48'),(88,10,3,'2017-01-03 22:43:48','2017-01-03 22:43:48'),(89,10,4,'2017-01-03 22:43:48','2017-01-03 22:43:48'),(90,10,5,'2017-01-03 22:43:48','2017-01-03 22:43:48'),(91,10,6,'2017-01-03 22:43:48','2017-01-03 22:43:48'),(92,10,2,'2017-01-03 22:43:48','2017-01-03 22:43:48'),(93,10,7,'2017-01-03 22:43:48','2017-01-03 22:43:48'),(94,10,8,'2017-01-03 22:43:48','2017-01-03 22:43:48'),(95,10,1,'2017-01-03 22:43:48','2017-01-03 22:43:48'),(96,11,1,'2017-01-03 22:43:53','2017-01-03 22:43:53'),(97,11,2,'2017-01-03 22:43:53','2017-01-03 22:43:53'),(98,11,12,'2017-01-03 22:43:53','2017-01-03 22:43:53'),(99,11,3,'2017-01-03 22:43:53','2017-01-03 22:43:53'),(100,12,1,'2017-01-03 22:43:57','2017-01-03 22:43:57'),(101,12,2,'2017-01-03 22:43:57','2017-01-03 22:43:57'),(102,12,12,'2017-01-03 22:43:58','2017-01-03 22:43:58'),(103,12,3,'2017-01-03 22:43:58','2017-01-03 22:43:58'),(104,13,1,'2017-01-03 22:44:01','2017-01-03 22:44:01'),(105,13,2,'2017-01-03 22:44:01','2017-01-03 22:44:01'),(106,13,12,'2017-01-03 22:44:01','2017-01-03 22:44:01'),(107,13,3,'2017-01-03 22:44:01','2017-01-03 22:44:01'),(108,14,1,'2017-01-03 22:44:02','2017-01-03 22:44:02'),(109,14,2,'2017-01-03 22:44:02','2017-01-03 22:44:02'),(110,14,12,'2017-01-03 22:44:02','2017-01-03 22:44:02'),(111,14,2,'2017-01-03 22:44:02','2017-01-03 22:44:02'),(112,14,7,'2017-01-03 22:44:02','2017-01-03 22:44:02'),(113,14,8,'2017-01-03 22:44:02','2017-01-03 22:44:02'),(114,14,13,'2017-01-03 22:44:02','2017-01-03 22:44:02'),(115,14,14,'2017-01-03 22:44:02','2017-01-03 22:44:02'),(116,14,15,'2017-01-03 22:44:02','2017-01-03 22:44:02'),(117,14,3,'2017-01-03 22:44:02','2017-01-03 22:44:02'),(118,14,3,'2017-01-03 22:44:02','2017-01-03 22:44:02'),(119,14,3,'2017-01-03 22:44:02','2017-01-03 22:44:02'),(120,14,3,'2017-01-03 22:44:02','2017-01-03 22:44:02'),(121,14,3,'2017-01-03 22:44:02','2017-01-03 22:44:02'),(122,14,4,'2017-01-03 22:44:02','2017-01-03 22:44:02'),(123,14,5,'2017-01-03 22:44:02','2017-01-03 22:44:02'),(124,14,6,'2017-01-03 22:44:02','2017-01-03 22:44:02'),(125,14,2,'2017-01-03 22:44:02','2017-01-03 22:44:02'),(126,14,7,'2017-01-03 22:44:02','2017-01-03 22:44:02'),(127,14,8,'2017-01-03 22:44:02','2017-01-03 22:44:02'),(128,14,1,'2017-01-03 22:44:02','2017-01-03 22:44:02'),(129,15,1,'2017-01-03 22:44:04','2017-01-03 22:44:04'),(130,15,2,'2017-01-03 22:44:04','2017-01-03 22:44:04'),(131,15,12,'2017-01-03 22:44:04','2017-01-03 22:44:04'),(132,15,2,'2017-01-03 22:44:04','2017-01-03 22:44:04'),(133,15,7,'2017-01-03 22:44:04','2017-01-03 22:44:04'),(134,15,8,'2017-01-03 22:44:04','2017-01-03 22:44:04'),(135,15,9,'2017-01-03 22:44:04','2017-01-03 22:44:04'),(136,15,2,'2017-01-03 22:44:04','2017-01-03 22:44:04'),(137,15,7,'2017-01-03 22:44:04','2017-01-03 22:44:04'),(138,15,8,'2017-01-03 22:44:04','2017-01-03 22:44:04'),(139,15,10,'2017-01-03 22:44:04','2017-01-03 22:44:04'),(140,15,3,'2017-01-03 22:44:04','2017-01-03 22:44:04'),(141,15,3,'2017-01-03 22:44:04','2017-01-03 22:44:04'),(142,15,3,'2017-01-03 22:44:04','2017-01-03 22:44:04'),(143,15,3,'2017-01-03 22:44:04','2017-01-03 22:44:04'),(144,15,4,'2017-01-03 22:44:04','2017-01-03 22:44:04'),(145,15,5,'2017-01-03 22:44:04','2017-01-03 22:44:04'),(146,15,6,'2017-01-03 22:44:04','2017-01-03 22:44:04'),(147,15,2,'2017-01-03 22:44:04','2017-01-03 22:44:04'),(148,15,7,'2017-01-03 22:44:04','2017-01-03 22:44:04'),(149,15,8,'2017-01-03 22:44:04','2017-01-03 22:44:04'),(150,15,1,'2017-01-03 22:44:04','2017-01-03 22:44:04'),(151,16,1,'2017-01-03 22:44:33','2017-01-03 22:44:33'),(152,16,11,'2017-01-03 22:44:33','2017-01-03 22:44:33'),(153,17,1,'2017-01-03 22:44:33','2017-01-03 22:44:33'),(154,17,2,'2017-01-03 22:44:33','2017-01-03 22:44:33'),(155,17,3,'2017-01-03 22:44:33','2017-01-03 22:44:33'),(156,17,3,'2017-01-03 22:44:33','2017-01-03 22:44:33'),(157,17,3,'2017-01-03 22:44:33','2017-01-03 22:44:33'),(158,17,4,'2017-01-03 22:44:33','2017-01-03 22:44:33'),(159,17,5,'2017-01-03 22:44:33','2017-01-03 22:44:33'),(160,17,6,'2017-01-03 22:44:33','2017-01-03 22:44:33'),(161,17,2,'2017-01-03 22:44:33','2017-01-03 22:44:33'),(162,17,7,'2017-01-03 22:44:33','2017-01-03 22:44:33'),(163,17,8,'2017-01-03 22:44:33','2017-01-03 22:44:33'),(164,17,1,'2017-01-03 22:44:33','2017-01-03 22:44:33'),(165,18,1,'2017-01-03 22:44:36','2017-01-03 22:44:36'),(166,18,2,'2017-01-03 22:44:36','2017-01-03 22:44:36'),(167,18,12,'2017-01-03 22:44:36','2017-01-03 22:44:36'),(168,18,2,'2017-01-03 22:44:36','2017-01-03 22:44:36'),(169,18,7,'2017-01-03 22:44:36','2017-01-03 22:44:36'),(170,18,8,'2017-01-03 22:44:36','2017-01-03 22:44:36'),(171,18,13,'2017-01-03 22:44:36','2017-01-03 22:44:36'),(172,18,14,'2017-01-03 22:44:36','2017-01-03 22:44:36'),(173,18,15,'2017-01-03 22:44:36','2017-01-03 22:44:36'),(174,18,3,'2017-01-03 22:44:36','2017-01-03 22:44:36'),(175,18,3,'2017-01-03 22:44:36','2017-01-03 22:44:36'),(176,18,3,'2017-01-03 22:44:36','2017-01-03 22:44:36'),(177,18,3,'2017-01-03 22:44:36','2017-01-03 22:44:36'),(178,18,3,'2017-01-03 22:44:36','2017-01-03 22:44:36'),(179,18,4,'2017-01-03 22:44:36','2017-01-03 22:44:36'),(180,18,5,'2017-01-03 22:44:36','2017-01-03 22:44:36'),(181,18,6,'2017-01-03 22:44:36','2017-01-03 22:44:36'),(182,18,2,'2017-01-03 22:44:36','2017-01-03 22:44:36'),(183,18,7,'2017-01-03 22:44:36','2017-01-03 22:44:36'),(184,18,8,'2017-01-03 22:44:36','2017-01-03 22:44:36'),(185,18,1,'2017-01-03 22:44:36','2017-01-03 22:44:36'),(186,19,1,'2017-01-03 22:44:39','2017-01-03 22:44:39'),(187,19,2,'2017-01-03 22:44:39','2017-01-03 22:44:39'),(188,20,1,'2017-01-03 22:44:39','2017-01-03 22:44:39'),(189,20,2,'2017-01-03 22:44:39','2017-01-03 22:44:39'),(190,20,3,'2017-01-03 22:44:39','2017-01-03 22:44:39'),(191,20,3,'2017-01-03 22:44:39','2017-01-03 22:44:39'),(192,20,3,'2017-01-03 22:44:39','2017-01-03 22:44:39'),(193,20,4,'2017-01-03 22:44:39','2017-01-03 22:44:39'),(194,20,5,'2017-01-03 22:44:39','2017-01-03 22:44:39'),(195,20,6,'2017-01-03 22:44:39','2017-01-03 22:44:39'),(196,20,2,'2017-01-03 22:44:39','2017-01-03 22:44:39'),(197,20,7,'2017-01-03 22:44:39','2017-01-03 22:44:39'),(198,20,8,'2017-01-03 22:44:39','2017-01-03 22:44:39'),(199,20,1,'2017-01-03 22:44:39','2017-01-03 22:44:39'),(200,21,1,'2017-01-03 22:44:45','2017-01-03 22:44:45'),(201,21,2,'2017-01-03 22:44:45','2017-01-03 22:44:45'),(202,21,16,'2017-01-03 22:44:45','2017-01-03 22:44:45'),(203,22,1,'2017-01-03 22:44:46','2017-01-03 22:44:46'),(204,23,1,'2017-01-03 22:44:51','2017-01-03 22:44:51'),(205,23,11,'2017-01-03 22:44:51','2017-01-03 22:44:51'),(206,24,1,'2017-01-03 22:44:51','2017-01-03 22:44:51'),(207,25,1,'2017-01-03 22:44:56','2017-01-03 22:44:56'),(208,25,11,'2017-01-03 22:44:56','2017-01-03 22:44:56'),(209,26,1,'2017-01-03 22:44:57','2017-01-03 22:44:57'),(210,26,2,'2017-01-03 22:44:57','2017-01-03 22:44:57'),(211,26,3,'2017-01-03 22:44:57','2017-01-03 22:44:57'),(212,26,3,'2017-01-03 22:44:57','2017-01-03 22:44:57'),(213,26,3,'2017-01-03 22:44:57','2017-01-03 22:44:57'),(214,26,4,'2017-01-03 22:44:57','2017-01-03 22:44:57'),(215,26,5,'2017-01-03 22:44:57','2017-01-03 22:44:57'),(216,26,6,'2017-01-03 22:44:57','2017-01-03 22:44:57'),(217,26,2,'2017-01-03 22:44:57','2017-01-03 22:44:57'),(218,26,7,'2017-01-03 22:44:57','2017-01-03 22:44:57'),(219,26,8,'2017-01-03 22:44:57','2017-01-03 22:44:57'),(220,26,1,'2017-01-03 22:44:57','2017-01-03 22:44:57'),(221,27,1,'2017-01-03 22:44:59','2017-01-03 22:44:59'),(222,27,2,'2017-01-03 22:44:59','2017-01-03 22:44:59'),(223,27,3,'2017-01-03 22:44:59','2017-01-03 22:44:59'),(224,27,3,'2017-01-03 22:44:59','2017-01-03 22:44:59'),(225,27,3,'2017-01-03 22:44:59','2017-01-03 22:44:59'),(226,27,4,'2017-01-03 22:44:59','2017-01-03 22:44:59'),(227,27,5,'2017-01-03 22:44:59','2017-01-03 22:44:59'),(228,27,6,'2017-01-03 22:44:59','2017-01-03 22:44:59'),(229,27,2,'2017-01-03 22:44:59','2017-01-03 22:44:59'),(230,27,7,'2017-01-03 22:44:59','2017-01-03 22:44:59'),(231,27,8,'2017-01-03 22:44:59','2017-01-03 22:44:59'),(232,27,1,'2017-01-03 22:44:59','2017-01-03 22:44:59'),(233,28,1,'2017-01-03 22:45:02','2017-01-03 22:45:02'),(234,28,2,'2017-01-03 22:45:02','2017-01-03 22:45:02'),(235,28,12,'2017-01-03 22:45:02','2017-01-03 22:45:02'),(236,28,2,'2017-01-03 22:45:02','2017-01-03 22:45:02'),(237,28,7,'2017-01-03 22:45:02','2017-01-03 22:45:02'),(238,28,8,'2017-01-03 22:45:02','2017-01-03 22:45:02'),(239,28,13,'2017-01-03 22:45:02','2017-01-03 22:45:02'),(240,28,14,'2017-01-03 22:45:02','2017-01-03 22:45:02'),(241,28,15,'2017-01-03 22:45:02','2017-01-03 22:45:02'),(242,28,3,'2017-01-03 22:45:02','2017-01-03 22:45:02'),(243,28,3,'2017-01-03 22:45:02','2017-01-03 22:45:02'),(244,28,3,'2017-01-03 22:45:02','2017-01-03 22:45:02'),(245,28,3,'2017-01-03 22:45:02','2017-01-03 22:45:02'),(246,28,3,'2017-01-03 22:45:02','2017-01-03 22:45:02'),(247,28,4,'2017-01-03 22:45:02','2017-01-03 22:45:02'),(248,28,5,'2017-01-03 22:45:02','2017-01-03 22:45:02'),(249,28,6,'2017-01-03 22:45:02','2017-01-03 22:45:02'),(250,28,2,'2017-01-03 22:45:02','2017-01-03 22:45:02'),(251,28,7,'2017-01-03 22:45:02','2017-01-03 22:45:02'),(252,28,8,'2017-01-03 22:45:02','2017-01-03 22:45:02'),(253,28,1,'2017-01-03 22:45:02','2017-01-03 22:45:02'),(254,29,1,'2017-01-03 22:45:04','2017-01-03 22:45:04'),(255,29,2,'2017-01-03 22:45:04','2017-01-03 22:45:04'),(256,29,12,'2017-01-03 22:45:04','2017-01-03 22:45:04'),(257,29,2,'2017-01-03 22:45:04','2017-01-03 22:45:04'),(258,29,7,'2017-01-03 22:45:04','2017-01-03 22:45:04'),(259,29,8,'2017-01-03 22:45:04','2017-01-03 22:45:04'),(260,29,9,'2017-01-03 22:45:04','2017-01-03 22:45:04'),(261,29,2,'2017-01-03 22:45:04','2017-01-03 22:45:04'),(262,29,7,'2017-01-03 22:45:04','2017-01-03 22:45:04'),(263,29,8,'2017-01-03 22:45:04','2017-01-03 22:45:04'),(264,29,10,'2017-01-03 22:45:04','2017-01-03 22:45:04'),(265,29,3,'2017-01-03 22:45:04','2017-01-03 22:45:04'),(266,29,3,'2017-01-03 22:45:04','2017-01-03 22:45:04'),(267,29,3,'2017-01-03 22:45:04','2017-01-03 22:45:04'),(268,29,3,'2017-01-03 22:45:04','2017-01-03 22:45:04'),(269,29,4,'2017-01-03 22:45:04','2017-01-03 22:45:04'),(270,29,5,'2017-01-03 22:45:04','2017-01-03 22:45:04'),(271,29,6,'2017-01-03 22:45:04','2017-01-03 22:45:04'),(272,29,2,'2017-01-03 22:45:04','2017-01-03 22:45:04'),(273,29,7,'2017-01-03 22:45:04','2017-01-03 22:45:04'),(274,29,8,'2017-01-03 22:45:04','2017-01-03 22:45:04'),(275,29,1,'2017-01-03 22:45:04','2017-01-03 22:45:04'),(276,30,1,'2017-01-03 22:45:06','2017-01-03 22:45:06'),(277,30,2,'2017-01-03 22:45:06','2017-01-03 22:45:06'),(278,30,12,'2017-01-03 22:45:06','2017-01-03 22:45:06'),(279,30,2,'2017-01-03 22:45:06','2017-01-03 22:45:06'),(280,30,7,'2017-01-03 22:45:06','2017-01-03 22:45:06'),(281,30,8,'2017-01-03 22:45:06','2017-01-03 22:45:06'),(282,30,13,'2017-01-03 22:45:06','2017-01-03 22:45:06'),(283,30,14,'2017-01-03 22:45:06','2017-01-03 22:45:06'),(284,30,15,'2017-01-03 22:45:06','2017-01-03 22:45:06'),(285,30,3,'2017-01-03 22:45:06','2017-01-03 22:45:06'),(286,30,3,'2017-01-03 22:45:06','2017-01-03 22:45:06'),(287,30,3,'2017-01-03 22:45:06','2017-01-03 22:45:06'),(288,30,3,'2017-01-03 22:45:06','2017-01-03 22:45:06'),(289,30,3,'2017-01-03 22:45:06','2017-01-03 22:45:06'),(290,30,4,'2017-01-03 22:45:06','2017-01-03 22:45:06'),(291,30,5,'2017-01-03 22:45:06','2017-01-03 22:45:06'),(292,30,6,'2017-01-03 22:45:06','2017-01-03 22:45:06'),(293,30,2,'2017-01-03 22:45:06','2017-01-03 22:45:06'),(294,30,7,'2017-01-03 22:45:06','2017-01-03 22:45:06'),(295,30,8,'2017-01-03 22:45:06','2017-01-03 22:45:06'),(296,30,1,'2017-01-03 22:45:06','2017-01-03 22:45:06'),(297,31,1,'2017-01-03 22:45:10','2017-01-03 22:45:10'),(298,31,2,'2017-01-03 22:45:10','2017-01-03 22:45:10'),(299,32,1,'2017-01-03 22:45:10','2017-01-03 22:45:10'),(300,32,2,'2017-01-03 22:45:10','2017-01-03 22:45:10'),(301,32,3,'2017-01-03 22:45:10','2017-01-03 22:45:10'),(302,32,3,'2017-01-03 22:45:10','2017-01-03 22:45:10'),(303,32,3,'2017-01-03 22:45:10','2017-01-03 22:45:10'),(304,32,4,'2017-01-03 22:45:10','2017-01-03 22:45:10'),(305,32,5,'2017-01-03 22:45:10','2017-01-03 22:45:10'),(306,32,6,'2017-01-03 22:45:10','2017-01-03 22:45:10'),(307,32,2,'2017-01-03 22:45:10','2017-01-03 22:45:10'),(308,32,7,'2017-01-03 22:45:10','2017-01-03 22:45:10'),(309,32,8,'2017-01-03 22:45:10','2017-01-03 22:45:10'),(310,32,1,'2017-01-03 22:45:10','2017-01-03 22:45:10'),(311,33,1,'2017-01-03 22:45:21','2017-01-03 22:45:21'),(312,33,2,'2017-01-03 22:45:21','2017-01-03 22:45:21'),(313,33,3,'2017-01-03 22:45:21','2017-01-03 22:45:21'),(314,33,3,'2017-01-03 22:45:21','2017-01-03 22:45:21'),(315,33,3,'2017-01-03 22:45:21','2017-01-03 22:45:21'),(316,33,4,'2017-01-03 22:45:21','2017-01-03 22:45:21'),(317,33,5,'2017-01-03 22:45:21','2017-01-03 22:45:21'),(318,33,6,'2017-01-03 22:45:21','2017-01-03 22:45:21'),(319,33,2,'2017-01-03 22:45:21','2017-01-03 22:45:21'),(320,33,7,'2017-01-03 22:45:21','2017-01-03 22:45:21'),(321,33,8,'2017-01-03 22:45:21','2017-01-03 22:45:21'),(322,33,1,'2017-01-03 22:45:21','2017-01-03 22:45:21'),(323,34,1,'2017-01-03 22:45:28','2017-01-03 22:45:28'),(324,34,2,'2017-01-03 22:45:28','2017-01-03 22:45:28'),(325,35,1,'2017-01-03 22:45:28','2017-01-03 22:45:28'),(326,35,2,'2017-01-03 22:45:28','2017-01-03 22:45:28'),(327,35,3,'2017-01-03 22:45:28','2017-01-03 22:45:28'),(328,35,3,'2017-01-03 22:45:28','2017-01-03 22:45:28'),(329,35,3,'2017-01-03 22:45:28','2017-01-03 22:45:28'),(330,35,4,'2017-01-03 22:45:28','2017-01-03 22:45:28'),(331,35,5,'2017-01-03 22:45:28','2017-01-03 22:45:28'),(332,35,6,'2017-01-03 22:45:28','2017-01-03 22:45:28'),(333,35,2,'2017-01-03 22:45:28','2017-01-03 22:45:28'),(334,35,7,'2017-01-03 22:45:28','2017-01-03 22:45:28'),(335,35,8,'2017-01-03 22:45:28','2017-01-03 22:45:28'),(336,35,1,'2017-01-03 22:45:28','2017-01-03 22:45:28'),(337,36,1,'2017-01-03 22:45:35','2017-01-03 22:45:35'),(338,36,2,'2017-01-03 22:45:35','2017-01-03 22:45:35'),(339,36,3,'2017-01-03 22:45:35','2017-01-03 22:45:35'),(340,36,3,'2017-01-03 22:45:35','2017-01-03 22:45:35'),(341,36,3,'2017-01-03 22:45:35','2017-01-03 22:45:35'),(342,36,4,'2017-01-03 22:45:35','2017-01-03 22:45:35'),(343,36,5,'2017-01-03 22:45:35','2017-01-03 22:45:35'),(344,36,6,'2017-01-03 22:45:35','2017-01-03 22:45:35'),(345,36,2,'2017-01-03 22:45:35','2017-01-03 22:45:35'),(346,36,7,'2017-01-03 22:45:35','2017-01-03 22:45:35'),(347,36,8,'2017-01-03 22:45:35','2017-01-03 22:45:35'),(348,36,1,'2017-01-03 22:45:35','2017-01-03 22:45:35'),(349,37,1,'2017-01-03 22:45:37','2017-01-03 22:45:37'),(350,37,2,'2017-01-03 22:45:37','2017-01-03 22:45:37'),(351,38,1,'2017-01-03 22:45:38','2017-01-03 22:45:38'),(352,38,2,'2017-01-03 22:45:38','2017-01-03 22:45:38'),(353,39,1,'2017-01-03 22:45:38','2017-01-03 22:45:38'),(354,39,2,'2017-01-03 22:45:38','2017-01-03 22:45:38'),(355,39,3,'2017-01-03 22:45:38','2017-01-03 22:45:38'),(356,39,3,'2017-01-03 22:45:38','2017-01-03 22:45:38'),(357,39,3,'2017-01-03 22:45:38','2017-01-03 22:45:38'),(358,39,4,'2017-01-03 22:45:38','2017-01-03 22:45:38'),(359,39,5,'2017-01-03 22:45:38','2017-01-03 22:45:38'),(360,39,6,'2017-01-03 22:45:38','2017-01-03 22:45:38'),(361,39,2,'2017-01-03 22:45:38','2017-01-03 22:45:38'),(362,39,7,'2017-01-03 22:45:38','2017-01-03 22:45:38'),(363,39,8,'2017-01-03 22:45:38','2017-01-03 22:45:38'),(364,39,1,'2017-01-03 22:45:38','2017-01-03 22:45:38'),(365,40,1,'2017-01-03 22:45:43','2017-01-03 22:45:43'),(366,40,2,'2017-01-03 22:45:43','2017-01-03 22:45:43'),(367,40,3,'2017-01-03 22:45:43','2017-01-03 22:45:43'),(368,40,3,'2017-01-03 22:45:43','2017-01-03 22:45:43'),(369,40,3,'2017-01-03 22:45:43','2017-01-03 22:45:43'),(370,40,4,'2017-01-03 22:45:43','2017-01-03 22:45:43'),(371,40,5,'2017-01-03 22:45:43','2017-01-03 22:45:43'),(372,40,6,'2017-01-03 22:45:43','2017-01-03 22:45:43'),(373,40,2,'2017-01-03 22:45:43','2017-01-03 22:45:43'),(374,40,7,'2017-01-03 22:45:43','2017-01-03 22:45:43'),(375,40,8,'2017-01-03 22:45:43','2017-01-03 22:45:43'),(376,40,1,'2017-01-03 22:45:43','2017-01-03 22:45:43'),(377,41,1,'2017-01-03 22:45:46','2017-01-03 22:45:46'),(378,41,2,'2017-01-03 22:45:46','2017-01-03 22:45:46'),(379,42,1,'2017-01-03 22:45:47','2017-01-03 22:45:47'),(380,42,2,'2017-01-03 22:45:47','2017-01-03 22:45:47'),(381,43,1,'2017-01-03 22:45:47','2017-01-03 22:45:47'),(382,43,2,'2017-01-03 22:45:47','2017-01-03 22:45:47'),(383,43,3,'2017-01-03 22:45:47','2017-01-03 22:45:47'),(384,43,3,'2017-01-03 22:45:47','2017-01-03 22:45:47'),(385,43,3,'2017-01-03 22:45:47','2017-01-03 22:45:47'),(386,43,4,'2017-01-03 22:45:47','2017-01-03 22:45:47'),(387,43,5,'2017-01-03 22:45:47','2017-01-03 22:45:47'),(388,43,6,'2017-01-03 22:45:47','2017-01-03 22:45:47'),(389,43,2,'2017-01-03 22:45:47','2017-01-03 22:45:47'),(390,43,7,'2017-01-03 22:45:47','2017-01-03 22:45:47'),(391,43,8,'2017-01-03 22:45:47','2017-01-03 22:45:47'),(392,43,1,'2017-01-03 22:45:47','2017-01-03 22:45:47'),(393,44,1,'2017-01-03 22:45:51','2017-01-03 22:45:51'),(394,44,2,'2017-01-03 22:45:51','2017-01-03 22:45:51'),(395,44,3,'2017-01-03 22:45:51','2017-01-03 22:45:51'),(396,44,3,'2017-01-03 22:45:51','2017-01-03 22:45:51'),(397,44,3,'2017-01-03 22:45:51','2017-01-03 22:45:51'),(398,44,4,'2017-01-03 22:45:51','2017-01-03 22:45:51'),(399,44,5,'2017-01-03 22:45:51','2017-01-03 22:45:51'),(400,44,6,'2017-01-03 22:45:51','2017-01-03 22:45:51'),(401,44,2,'2017-01-03 22:45:51','2017-01-03 22:45:51'),(402,44,7,'2017-01-03 22:45:51','2017-01-03 22:45:51'),(403,44,8,'2017-01-03 22:45:51','2017-01-03 22:45:51'),(404,44,1,'2017-01-03 22:45:51','2017-01-03 22:45:51'),(405,45,1,'2017-01-03 22:45:58','2017-01-03 22:45:58'),(406,45,2,'2017-01-03 22:45:58','2017-01-03 22:45:58'),(407,46,1,'2017-01-03 22:45:58','2017-01-03 22:45:58'),(408,46,2,'2017-01-03 22:45:58','2017-01-03 22:45:58'),(409,46,3,'2017-01-03 22:45:58','2017-01-03 22:45:58'),(410,46,3,'2017-01-03 22:45:58','2017-01-03 22:45:58'),(411,46,3,'2017-01-03 22:45:58','2017-01-03 22:45:58'),(412,46,4,'2017-01-03 22:45:58','2017-01-03 22:45:58'),(413,46,5,'2017-01-03 22:45:58','2017-01-03 22:45:58'),(414,46,6,'2017-01-03 22:45:58','2017-01-03 22:45:58'),(415,46,2,'2017-01-03 22:45:58','2017-01-03 22:45:58'),(416,46,7,'2017-01-03 22:45:58','2017-01-03 22:45:58'),(417,46,8,'2017-01-03 22:45:58','2017-01-03 22:45:58'),(418,46,1,'2017-01-03 22:45:58','2017-01-03 22:45:58'),(419,47,1,'2017-01-03 22:45:58','2017-01-03 22:45:58'),(420,47,2,'2017-01-03 22:45:58','2017-01-03 22:45:58'),(421,48,1,'2017-01-03 22:45:58','2017-01-03 22:45:58'),(422,48,2,'2017-01-03 22:45:58','2017-01-03 22:45:58'),(423,48,3,'2017-01-03 22:45:58','2017-01-03 22:45:58'),(424,48,3,'2017-01-03 22:45:58','2017-01-03 22:45:58'),(425,48,3,'2017-01-03 22:45:58','2017-01-03 22:45:58'),(426,48,4,'2017-01-03 22:45:58','2017-01-03 22:45:58'),(427,48,5,'2017-01-03 22:45:58','2017-01-03 22:45:58'),(428,48,6,'2017-01-03 22:45:58','2017-01-03 22:45:58'),(429,48,2,'2017-01-03 22:45:58','2017-01-03 22:45:58'),(430,48,7,'2017-01-03 22:45:58','2017-01-03 22:45:58'),(431,48,8,'2017-01-03 22:45:58','2017-01-03 22:45:58'),(432,48,1,'2017-01-03 22:45:58','2017-01-03 22:45:58'),(433,49,1,'2017-01-03 22:46:16','2017-01-03 22:46:16'),(434,49,2,'2017-01-03 22:46:16','2017-01-03 22:46:16'),(435,49,3,'2017-01-03 22:46:16','2017-01-03 22:46:16'),(436,49,3,'2017-01-03 22:46:16','2017-01-03 22:46:16'),(437,49,3,'2017-01-03 22:46:16','2017-01-03 22:46:16'),(438,49,4,'2017-01-03 22:46:16','2017-01-03 22:46:16'),(439,49,5,'2017-01-03 22:46:16','2017-01-03 22:46:16'),(440,49,6,'2017-01-03 22:46:16','2017-01-03 22:46:16'),(441,49,2,'2017-01-03 22:46:16','2017-01-03 22:46:16'),(442,49,7,'2017-01-03 22:46:16','2017-01-03 22:46:16'),(443,49,8,'2017-01-03 22:46:16','2017-01-03 22:46:16'),(444,49,1,'2017-01-03 22:46:16','2017-01-03 22:46:16'),(445,50,1,'2017-01-03 22:46:18','2017-01-03 22:46:18'),(446,50,2,'2017-01-03 22:46:18','2017-01-03 22:46:18'),(447,50,3,'2017-01-03 22:46:18','2017-01-03 22:46:18'),(448,50,3,'2017-01-03 22:46:18','2017-01-03 22:46:18'),(449,50,3,'2017-01-03 22:46:18','2017-01-03 22:46:18'),(450,50,4,'2017-01-03 22:46:18','2017-01-03 22:46:18'),(451,50,5,'2017-01-03 22:46:18','2017-01-03 22:46:18'),(452,50,6,'2017-01-03 22:46:18','2017-01-03 22:46:18'),(453,50,2,'2017-01-03 22:46:18','2017-01-03 22:46:18'),(454,50,7,'2017-01-03 22:46:18','2017-01-03 22:46:18'),(455,50,8,'2017-01-03 22:46:18','2017-01-03 22:46:18'),(456,50,1,'2017-01-03 22:46:18','2017-01-03 22:46:18'),(457,51,1,'2017-01-03 22:46:19','2017-01-03 22:46:19'),(458,51,2,'2017-01-03 22:46:19','2017-01-03 22:46:19'),(459,51,9,'2017-01-03 22:46:19','2017-01-03 22:46:19'),(460,51,2,'2017-01-03 22:46:19','2017-01-03 22:46:19'),(461,51,7,'2017-01-03 22:46:19','2017-01-03 22:46:19'),(462,51,8,'2017-01-03 22:46:19','2017-01-03 22:46:19'),(463,51,10,'2017-01-03 22:46:19','2017-01-03 22:46:19'),(464,51,3,'2017-01-03 22:46:19','2017-01-03 22:46:19'),(465,51,3,'2017-01-03 22:46:19','2017-01-03 22:46:19'),(466,51,3,'2017-01-03 22:46:19','2017-01-03 22:46:19'),(467,51,4,'2017-01-03 22:46:19','2017-01-03 22:46:19'),(468,51,5,'2017-01-03 22:46:19','2017-01-03 22:46:19'),(469,51,6,'2017-01-03 22:46:19','2017-01-03 22:46:19'),(470,51,2,'2017-01-03 22:46:19','2017-01-03 22:46:19'),(471,51,7,'2017-01-03 22:46:19','2017-01-03 22:46:19'),(472,51,8,'2017-01-03 22:46:19','2017-01-03 22:46:19'),(473,51,1,'2017-01-03 22:46:19','2017-01-03 22:46:19'),(474,52,1,'2017-01-03 22:46:50','2017-01-03 22:46:50'),(475,52,2,'2017-01-03 22:46:50','2017-01-03 22:46:50'),(476,52,3,'2017-01-03 22:46:50','2017-01-03 22:46:50'),(477,52,3,'2017-01-03 22:46:50','2017-01-03 22:46:50'),(478,52,3,'2017-01-03 22:46:50','2017-01-03 22:46:50'),(479,52,4,'2017-01-03 22:46:50','2017-01-03 22:46:50'),(480,52,5,'2017-01-03 22:46:50','2017-01-03 22:46:50'),(481,52,6,'2017-01-03 22:46:50','2017-01-03 22:46:50'),(482,52,2,'2017-01-03 22:46:50','2017-01-03 22:46:50'),(483,52,7,'2017-01-03 22:46:50','2017-01-03 22:46:50'),(484,52,8,'2017-01-03 22:46:50','2017-01-03 22:46:50'),(485,52,1,'2017-01-03 22:46:50','2017-01-03 22:46:50'),(486,53,1,'2017-01-03 22:46:52','2017-01-03 22:46:52'),(487,53,2,'2017-01-03 22:46:52','2017-01-03 22:46:52'),(488,53,3,'2017-01-03 22:46:52','2017-01-03 22:46:52'),(489,53,3,'2017-01-03 22:46:52','2017-01-03 22:46:52'),(490,53,3,'2017-01-03 22:46:52','2017-01-03 22:46:52'),(491,53,4,'2017-01-03 22:46:52','2017-01-03 22:46:52'),(492,53,5,'2017-01-03 22:46:52','2017-01-03 22:46:52'),(493,53,6,'2017-01-03 22:46:52','2017-01-03 22:46:52'),(494,53,2,'2017-01-03 22:46:52','2017-01-03 22:46:52'),(495,53,7,'2017-01-03 22:46:52','2017-01-03 22:46:52'),(496,53,8,'2017-01-03 22:46:52','2017-01-03 22:46:52'),(497,53,1,'2017-01-03 22:46:52','2017-01-03 22:46:52'),(498,54,1,'2017-01-03 22:46:53','2017-01-03 22:46:53'),(499,54,2,'2017-01-03 22:46:53','2017-01-03 22:46:53'),(500,54,9,'2017-01-03 22:46:53','2017-01-03 22:46:53'),(501,54,2,'2017-01-03 22:46:53','2017-01-03 22:46:53'),(502,54,7,'2017-01-03 22:46:53','2017-01-03 22:46:53'),(503,54,8,'2017-01-03 22:46:53','2017-01-03 22:46:53'),(504,54,10,'2017-01-03 22:46:53','2017-01-03 22:46:53'),(505,54,3,'2017-01-03 22:46:53','2017-01-03 22:46:53'),(506,54,3,'2017-01-03 22:46:53','2017-01-03 22:46:53'),(507,54,3,'2017-01-03 22:46:53','2017-01-03 22:46:53'),(508,54,4,'2017-01-03 22:46:53','2017-01-03 22:46:53'),(509,54,5,'2017-01-03 22:46:53','2017-01-03 22:46:53'),(510,54,6,'2017-01-03 22:46:53','2017-01-03 22:46:53'),(511,54,2,'2017-01-03 22:46:53','2017-01-03 22:46:53'),(512,54,7,'2017-01-03 22:46:53','2017-01-03 22:46:53'),(513,54,8,'2017-01-03 22:46:53','2017-01-03 22:46:53'),(514,54,1,'2017-01-03 22:46:53','2017-01-03 22:46:53'),(515,55,1,'2017-01-03 22:46:58','2017-01-03 22:46:58'),(516,55,2,'2017-01-03 22:46:58','2017-01-03 22:46:58'),(517,56,1,'2017-01-03 22:46:58','2017-01-03 22:46:58'),(518,56,2,'2017-01-03 22:46:58','2017-01-03 22:46:58'),(519,56,3,'2017-01-03 22:46:58','2017-01-03 22:46:58'),(520,56,3,'2017-01-03 22:46:58','2017-01-03 22:46:58'),(521,56,3,'2017-01-03 22:46:58','2017-01-03 22:46:58'),(522,56,4,'2017-01-03 22:46:58','2017-01-03 22:46:58'),(523,56,5,'2017-01-03 22:46:58','2017-01-03 22:46:58'),(524,56,6,'2017-01-03 22:46:58','2017-01-03 22:46:58'),(525,56,2,'2017-01-03 22:46:58','2017-01-03 22:46:58'),(526,56,7,'2017-01-03 22:46:58','2017-01-03 22:46:58'),(527,56,8,'2017-01-03 22:46:58','2017-01-03 22:46:58'),(528,56,1,'2017-01-03 22:46:58','2017-01-03 22:46:58'),(529,57,1,'2017-01-03 22:47:02','2017-01-03 22:47:02'),(530,57,2,'2017-01-03 22:47:02','2017-01-03 22:47:02'),(531,58,1,'2017-01-03 22:47:05','2017-01-03 22:47:05'),(532,58,2,'2017-01-03 22:47:05','2017-01-03 22:47:05'),(533,59,1,'2017-01-03 22:47:05','2017-01-03 22:47:05'),(534,59,2,'2017-01-03 22:47:05','2017-01-03 22:47:05'),(535,59,3,'2017-01-03 22:47:05','2017-01-03 22:47:05'),(536,59,3,'2017-01-03 22:47:05','2017-01-03 22:47:05'),(537,59,3,'2017-01-03 22:47:05','2017-01-03 22:47:05'),(538,59,4,'2017-01-03 22:47:05','2017-01-03 22:47:05'),(539,59,5,'2017-01-03 22:47:05','2017-01-03 22:47:05'),(540,59,6,'2017-01-03 22:47:05','2017-01-03 22:47:05'),(541,59,2,'2017-01-03 22:47:05','2017-01-03 22:47:05'),(542,59,7,'2017-01-03 22:47:05','2017-01-03 22:47:05'),(543,59,8,'2017-01-03 22:47:05','2017-01-03 22:47:05'),(544,59,1,'2017-01-03 22:47:05','2017-01-03 22:47:05'),(545,60,1,'2017-01-03 22:47:06','2017-01-03 22:47:06'),(546,60,2,'2017-01-03 22:47:06','2017-01-03 22:47:06'),(547,61,1,'2017-01-03 22:47:06','2017-01-03 22:47:06'),(548,61,2,'2017-01-03 22:47:06','2017-01-03 22:47:06'),(549,61,3,'2017-01-03 22:47:06','2017-01-03 22:47:06'),(550,61,3,'2017-01-03 22:47:06','2017-01-03 22:47:06'),(551,61,3,'2017-01-03 22:47:06','2017-01-03 22:47:06'),(552,61,4,'2017-01-03 22:47:06','2017-01-03 22:47:06'),(553,61,5,'2017-01-03 22:47:06','2017-01-03 22:47:06'),(554,61,6,'2017-01-03 22:47:06','2017-01-03 22:47:06'),(555,61,2,'2017-01-03 22:47:06','2017-01-03 22:47:06'),(556,61,7,'2017-01-03 22:47:06','2017-01-03 22:47:06'),(557,61,8,'2017-01-03 22:47:06','2017-01-03 22:47:06'),(558,61,1,'2017-01-03 22:47:06','2017-01-03 22:47:06'),(559,62,1,'2017-01-03 22:47:22','2017-01-03 22:47:22'),(560,62,2,'2017-01-03 22:47:22','2017-01-03 22:47:22'),(561,63,1,'2017-01-03 22:47:22','2017-01-03 22:47:22'),(562,63,2,'2017-01-03 22:47:22','2017-01-03 22:47:22'),(563,63,3,'2017-01-03 22:47:22','2017-01-03 22:47:22'),(564,63,3,'2017-01-03 22:47:22','2017-01-03 22:47:22'),(565,63,3,'2017-01-03 22:47:22','2017-01-03 22:47:22'),(566,63,4,'2017-01-03 22:47:22','2017-01-03 22:47:22'),(567,63,5,'2017-01-03 22:47:22','2017-01-03 22:47:22'),(568,63,6,'2017-01-03 22:47:22','2017-01-03 22:47:22'),(569,63,2,'2017-01-03 22:47:22','2017-01-03 22:47:22'),(570,63,7,'2017-01-03 22:47:22','2017-01-03 22:47:22'),(571,63,8,'2017-01-03 22:47:22','2017-01-03 22:47:22'),(572,63,1,'2017-01-03 22:47:22','2017-01-03 22:47:22'),(573,64,1,'2017-01-03 22:47:55','2017-01-03 22:47:55'),(574,64,2,'2017-01-03 22:47:55','2017-01-03 22:47:55'),(575,64,3,'2017-01-03 22:47:55','2017-01-03 22:47:55'),(576,64,3,'2017-01-03 22:47:55','2017-01-03 22:47:55'),(577,64,3,'2017-01-03 22:47:55','2017-01-03 22:47:55'),(578,64,4,'2017-01-03 22:47:55','2017-01-03 22:47:55'),(579,64,5,'2017-01-03 22:47:55','2017-01-03 22:47:55'),(580,64,6,'2017-01-03 22:47:55','2017-01-03 22:47:55'),(581,64,2,'2017-01-03 22:47:55','2017-01-03 22:47:55'),(582,64,7,'2017-01-03 22:47:55','2017-01-03 22:47:55'),(583,64,8,'2017-01-03 22:47:55','2017-01-03 22:47:55'),(584,64,1,'2017-01-03 22:47:55','2017-01-03 22:47:55'),(585,65,1,'2017-01-03 22:49:32','2017-01-03 22:49:32'),(586,66,1,'2017-01-03 22:49:47','2017-01-03 22:49:47'),(587,67,1,'2017-01-03 22:50:00','2017-01-03 22:50:00'),(588,67,17,'2017-01-03 22:50:00','2017-01-03 22:50:00'),(589,67,18,'2017-01-03 22:50:00','2017-01-03 22:50:00'),(590,67,2,'2017-01-03 22:50:00','2017-01-03 22:50:00'),(591,67,19,'2017-01-03 22:50:00','2017-01-03 22:50:00'),(592,67,20,'2017-01-03 22:50:00','2017-01-03 22:50:00'),(593,68,1,'2017-01-03 22:50:01','2017-01-03 22:50:01'),(594,68,2,'2017-01-03 22:50:01','2017-01-03 22:50:01'),(595,68,3,'2017-01-03 22:50:01','2017-01-03 22:50:01'),(596,68,3,'2017-01-03 22:50:01','2017-01-03 22:50:01'),(597,68,3,'2017-01-03 22:50:01','2017-01-03 22:50:01'),(598,69,1,'2017-01-03 22:50:45','2017-01-03 22:50:45'),(599,69,2,'2017-01-03 22:50:45','2017-01-03 22:50:45'),(600,69,12,'2017-01-03 22:50:45','2017-01-03 22:50:45'),(601,69,2,'2017-01-03 22:50:45','2017-01-03 22:50:45'),(602,69,7,'2017-01-03 22:50:45','2017-01-03 22:50:45'),(603,69,8,'2017-01-03 22:50:45','2017-01-03 22:50:45'),(604,69,13,'2017-01-03 22:50:45','2017-01-03 22:50:45'),(605,69,14,'2017-01-03 22:50:45','2017-01-03 22:50:45'),(606,69,15,'2017-01-03 22:50:45','2017-01-03 22:50:45'),(607,69,3,'2017-01-03 22:50:45','2017-01-03 22:50:45'),(608,69,3,'2017-01-03 22:50:45','2017-01-03 22:50:45'),(609,69,3,'2017-01-03 22:50:45','2017-01-03 22:50:45'),(610,69,3,'2017-01-03 22:50:45','2017-01-03 22:50:45'),(611,69,3,'2017-01-03 22:50:45','2017-01-03 22:50:45'),(612,69,4,'2017-01-03 22:50:45','2017-01-03 22:50:45'),(613,69,5,'2017-01-03 22:50:45','2017-01-03 22:50:45'),(614,69,6,'2017-01-03 22:50:45','2017-01-03 22:50:45'),(615,69,2,'2017-01-03 22:50:45','2017-01-03 22:50:45'),(616,69,7,'2017-01-03 22:50:45','2017-01-03 22:50:45'),(617,69,8,'2017-01-03 22:50:45','2017-01-03 22:50:45'),(618,69,1,'2017-01-03 22:50:45','2017-01-03 22:50:45'),(619,70,1,'2017-01-03 22:50:48','2017-01-03 22:50:48'),(620,70,2,'2017-01-03 22:50:48','2017-01-03 22:50:48'),(621,70,12,'2017-01-03 22:50:48','2017-01-03 22:50:48'),(622,70,2,'2017-01-03 22:50:48','2017-01-03 22:50:48'),(623,70,7,'2017-01-03 22:50:48','2017-01-03 22:50:48'),(624,70,8,'2017-01-03 22:50:48','2017-01-03 22:50:48'),(625,70,21,'2017-01-03 22:50:48','2017-01-03 22:50:48'),(626,70,9,'2017-01-03 22:50:48','2017-01-03 22:50:48'),(627,70,2,'2017-01-03 22:50:48','2017-01-03 22:50:48'),(628,70,7,'2017-01-03 22:50:48','2017-01-03 22:50:48'),(629,70,8,'2017-01-03 22:50:48','2017-01-03 22:50:48'),(630,70,22,'2017-01-03 22:50:48','2017-01-03 22:50:48'),(631,70,7,'2017-01-03 22:50:48','2017-01-03 22:50:48'),(632,70,7,'2017-01-03 22:50:48','2017-01-03 22:50:48'),(633,70,7,'2017-01-03 22:50:48','2017-01-03 22:50:48'),(634,70,3,'2017-01-03 22:50:48','2017-01-03 22:50:48'),(635,70,3,'2017-01-03 22:50:48','2017-01-03 22:50:48'),(636,70,3,'2017-01-03 22:50:48','2017-01-03 22:50:48'),(637,70,3,'2017-01-03 22:50:48','2017-01-03 22:50:48'),(638,70,4,'2017-01-03 22:50:48','2017-01-03 22:50:48'),(639,70,5,'2017-01-03 22:50:48','2017-01-03 22:50:48'),(640,70,6,'2017-01-03 22:50:48','2017-01-03 22:50:48'),(641,70,2,'2017-01-03 22:50:48','2017-01-03 22:50:48'),(642,70,7,'2017-01-03 22:50:48','2017-01-03 22:50:48'),(643,70,8,'2017-01-03 22:50:48','2017-01-03 22:50:48'),(644,70,1,'2017-01-03 22:50:48','2017-01-03 22:50:48'),(645,71,1,'2017-01-03 22:50:51','2017-01-03 22:50:51'),(646,71,2,'2017-01-03 22:50:51','2017-01-03 22:50:51'),(647,71,12,'2017-01-03 22:50:51','2017-01-03 22:50:51'),(648,71,2,'2017-01-03 22:50:51','2017-01-03 22:50:51'),(649,71,7,'2017-01-03 22:50:51','2017-01-03 22:50:51'),(650,71,8,'2017-01-03 22:50:51','2017-01-03 22:50:51'),(651,71,21,'2017-01-03 22:50:51','2017-01-03 22:50:51'),(652,71,9,'2017-01-03 22:50:51','2017-01-03 22:50:51'),(653,71,2,'2017-01-03 22:50:51','2017-01-03 22:50:51'),(654,71,7,'2017-01-03 22:50:51','2017-01-03 22:50:51'),(655,71,8,'2017-01-03 22:50:51','2017-01-03 22:50:51'),(656,71,2,'2017-01-03 22:50:51','2017-01-03 22:50:51'),(657,71,23,'2017-01-03 22:50:51','2017-01-03 22:50:51'),(658,71,3,'2017-01-03 22:50:51','2017-01-03 22:50:51'),(659,71,3,'2017-01-03 22:50:51','2017-01-03 22:50:51'),(660,71,3,'2017-01-03 22:50:51','2017-01-03 22:50:51'),(661,71,3,'2017-01-03 22:50:51','2017-01-03 22:50:51'),(662,71,4,'2017-01-03 22:50:51','2017-01-03 22:50:51'),(663,71,5,'2017-01-03 22:50:51','2017-01-03 22:50:51'),(664,71,6,'2017-01-03 22:50:51','2017-01-03 22:50:51'),(665,71,2,'2017-01-03 22:50:51','2017-01-03 22:50:51'),(666,71,7,'2017-01-03 22:50:51','2017-01-03 22:50:51'),(667,71,8,'2017-01-03 22:50:51','2017-01-03 22:50:51'),(668,71,1,'2017-01-03 22:50:51','2017-01-03 22:50:51'),(669,72,1,'2017-01-03 22:50:56','2017-01-03 22:50:56'),(670,72,2,'2017-01-03 22:50:56','2017-01-03 22:50:56'),(671,72,12,'2017-01-03 22:50:56','2017-01-03 22:50:56'),(672,72,2,'2017-01-03 22:50:56','2017-01-03 22:50:56'),(673,72,7,'2017-01-03 22:50:56','2017-01-03 22:50:56'),(674,72,8,'2017-01-03 22:50:56','2017-01-03 22:50:56'),(675,72,21,'2017-01-03 22:50:56','2017-01-03 22:50:56'),(676,72,9,'2017-01-03 22:50:56','2017-01-03 22:50:56'),(677,72,2,'2017-01-03 22:50:56','2017-01-03 22:50:56'),(678,72,7,'2017-01-03 22:50:56','2017-01-03 22:50:56'),(679,72,8,'2017-01-03 22:50:56','2017-01-03 22:50:56'),(680,72,2,'2017-01-03 22:50:56','2017-01-03 22:50:56'),(681,72,24,'2017-01-03 22:50:56','2017-01-03 22:50:56'),(682,72,25,'2017-01-03 22:50:56','2017-01-03 22:50:56'),(683,73,1,'2017-01-03 22:50:56','2017-01-03 22:50:56'),(684,73,2,'2017-01-03 22:50:56','2017-01-03 22:50:56'),(685,73,12,'2017-01-03 22:50:56','2017-01-03 22:50:56'),(686,73,2,'2017-01-03 22:50:56','2017-01-03 22:50:56'),(687,73,7,'2017-01-03 22:50:56','2017-01-03 22:50:56'),(688,73,8,'2017-01-03 22:50:56','2017-01-03 22:50:56'),(689,73,21,'2017-01-03 22:50:56','2017-01-03 22:50:56'),(690,73,9,'2017-01-03 22:50:56','2017-01-03 22:50:56'),(691,73,2,'2017-01-03 22:50:56','2017-01-03 22:50:56'),(692,73,7,'2017-01-03 22:50:56','2017-01-03 22:50:56'),(693,73,8,'2017-01-03 22:50:56','2017-01-03 22:50:56'),(694,73,22,'2017-01-03 22:50:56','2017-01-03 22:50:56'),(695,73,7,'2017-01-03 22:50:56','2017-01-03 22:50:56'),(696,73,7,'2017-01-03 22:50:56','2017-01-03 22:50:56'),(697,73,7,'2017-01-03 22:50:56','2017-01-03 22:50:56'),(698,73,3,'2017-01-03 22:50:56','2017-01-03 22:50:56'),(699,73,3,'2017-01-03 22:50:56','2017-01-03 22:50:56'),(700,73,3,'2017-01-03 22:50:56','2017-01-03 22:50:56'),(701,73,3,'2017-01-03 22:50:56','2017-01-03 22:50:56'),(702,73,4,'2017-01-03 22:50:56','2017-01-03 22:50:56'),(703,73,5,'2017-01-03 22:50:56','2017-01-03 22:50:56'),(704,73,6,'2017-01-03 22:50:56','2017-01-03 22:50:56'),(705,73,2,'2017-01-03 22:50:56','2017-01-03 22:50:56'),(706,73,7,'2017-01-03 22:50:56','2017-01-03 22:50:56'),(707,73,8,'2017-01-03 22:50:56','2017-01-03 22:50:56'),(708,73,1,'2017-01-03 22:50:56','2017-01-03 22:50:56'),(709,74,1,'2017-01-03 22:50:58','2017-01-03 22:50:58'),(710,74,2,'2017-01-03 22:50:58','2017-01-03 22:50:58'),(711,74,12,'2017-01-03 22:50:58','2017-01-03 22:50:58'),(712,74,2,'2017-01-03 22:50:58','2017-01-03 22:50:58'),(713,74,7,'2017-01-03 22:50:58','2017-01-03 22:50:58'),(714,74,8,'2017-01-03 22:50:58','2017-01-03 22:50:58'),(715,74,9,'2017-01-03 22:50:58','2017-01-03 22:50:58'),(716,74,2,'2017-01-03 22:50:58','2017-01-03 22:50:58'),(717,74,7,'2017-01-03 22:50:58','2017-01-03 22:50:58'),(718,74,8,'2017-01-03 22:50:58','2017-01-03 22:50:58'),(719,74,10,'2017-01-03 22:50:58','2017-01-03 22:50:58'),(720,74,3,'2017-01-03 22:50:58','2017-01-03 22:50:58'),(721,74,3,'2017-01-03 22:50:58','2017-01-03 22:50:58'),(722,74,3,'2017-01-03 22:50:58','2017-01-03 22:50:58'),(723,74,3,'2017-01-03 22:50:58','2017-01-03 22:50:58'),(724,74,4,'2017-01-03 22:50:58','2017-01-03 22:50:58'),(725,74,5,'2017-01-03 22:50:58','2017-01-03 22:50:58'),(726,74,6,'2017-01-03 22:50:58','2017-01-03 22:50:58'),(727,74,2,'2017-01-03 22:50:58','2017-01-03 22:50:58'),(728,74,7,'2017-01-03 22:50:58','2017-01-03 22:50:58'),(729,74,8,'2017-01-03 22:50:58','2017-01-03 22:50:58'),(730,74,1,'2017-01-03 22:50:58','2017-01-03 22:50:58'),(731,75,1,'2017-01-03 22:51:00','2017-01-03 22:51:00'),(732,75,2,'2017-01-03 22:51:00','2017-01-03 22:51:00'),(733,75,12,'2017-01-03 22:51:00','2017-01-03 22:51:00'),(734,75,2,'2017-01-03 22:51:00','2017-01-03 22:51:00'),(735,75,7,'2017-01-03 22:51:00','2017-01-03 22:51:00'),(736,75,8,'2017-01-03 22:51:00','2017-01-03 22:51:00'),(737,75,9,'2017-01-03 22:51:00','2017-01-03 22:51:00'),(738,75,2,'2017-01-03 22:51:00','2017-01-03 22:51:00'),(739,75,7,'2017-01-03 22:51:00','2017-01-03 22:51:00'),(740,75,8,'2017-01-03 22:51:00','2017-01-03 22:51:00'),(741,75,3,'2017-01-03 22:51:00','2017-01-03 22:51:00'),(742,75,3,'2017-01-03 22:51:00','2017-01-03 22:51:00'),(743,75,3,'2017-01-03 22:51:00','2017-01-03 22:51:00'),(744,75,3,'2017-01-03 22:51:00','2017-01-03 22:51:00'),(745,75,4,'2017-01-03 22:51:00','2017-01-03 22:51:00'),(746,75,5,'2017-01-03 22:51:00','2017-01-03 22:51:00'),(747,75,6,'2017-01-03 22:51:00','2017-01-03 22:51:00'),(748,75,2,'2017-01-03 22:51:00','2017-01-03 22:51:00'),(749,75,7,'2017-01-03 22:51:00','2017-01-03 22:51:00'),(750,75,8,'2017-01-03 22:51:00','2017-01-03 22:51:00'),(751,75,1,'2017-01-03 22:51:00','2017-01-03 22:51:00'),(752,76,1,'2017-01-03 22:51:14','2017-01-03 22:51:14'),(753,76,2,'2017-01-03 22:51:14','2017-01-03 22:51:14'),(754,76,12,'2017-01-03 22:51:14','2017-01-03 22:51:14'),(755,76,2,'2017-01-03 22:51:14','2017-01-03 22:51:14'),(756,76,7,'2017-01-03 22:51:14','2017-01-03 22:51:14'),(757,76,8,'2017-01-03 22:51:14','2017-01-03 22:51:14'),(758,76,9,'2017-01-03 22:51:14','2017-01-03 22:51:14'),(759,76,2,'2017-01-03 22:51:14','2017-01-03 22:51:14'),(760,76,7,'2017-01-03 22:51:14','2017-01-03 22:51:14'),(761,76,8,'2017-01-03 22:51:14','2017-01-03 22:51:14'),(762,76,26,'2017-01-03 22:51:15','2017-01-03 22:51:15'),(763,77,1,'2017-01-03 22:51:15','2017-01-03 22:51:15'),(764,77,2,'2017-01-03 22:51:15','2017-01-03 22:51:15'),(765,77,12,'2017-01-03 22:51:15','2017-01-03 22:51:15'),(766,77,2,'2017-01-03 22:51:15','2017-01-03 22:51:15'),(767,77,7,'2017-01-03 22:51:15','2017-01-03 22:51:15'),(768,77,8,'2017-01-03 22:51:15','2017-01-03 22:51:15'),(769,77,9,'2017-01-03 22:51:15','2017-01-03 22:51:15'),(770,77,2,'2017-01-03 22:51:15','2017-01-03 22:51:15'),(771,77,7,'2017-01-03 22:51:15','2017-01-03 22:51:15'),(772,77,8,'2017-01-03 22:51:15','2017-01-03 22:51:15'),(773,77,27,'2017-01-03 22:51:15','2017-01-03 22:51:15'),(774,77,3,'2017-01-03 22:51:15','2017-01-03 22:51:15'),(775,77,3,'2017-01-03 22:51:15','2017-01-03 22:51:15'),(776,77,3,'2017-01-03 22:51:15','2017-01-03 22:51:15'),(777,77,3,'2017-01-03 22:51:15','2017-01-03 22:51:15'),(778,77,4,'2017-01-03 22:51:15','2017-01-03 22:51:15'),(779,77,5,'2017-01-03 22:51:15','2017-01-03 22:51:15'),(780,77,6,'2017-01-03 22:51:15','2017-01-03 22:51:15'),(781,77,2,'2017-01-03 22:51:15','2017-01-03 22:51:15'),(782,77,7,'2017-01-03 22:51:15','2017-01-03 22:51:15'),(783,77,8,'2017-01-03 22:51:15','2017-01-03 22:51:15'),(784,77,1,'2017-01-03 22:51:15','2017-01-03 22:51:15'),(785,78,1,'2017-01-03 22:51:18','2017-01-03 22:51:18'),(786,78,2,'2017-01-03 22:51:18','2017-01-03 22:51:18'),(787,78,12,'2017-01-03 22:51:18','2017-01-03 22:51:18'),(788,78,2,'2017-01-03 22:51:18','2017-01-03 22:51:18'),(789,78,7,'2017-01-03 22:51:18','2017-01-03 22:51:18'),(790,78,8,'2017-01-03 22:51:18','2017-01-03 22:51:18'),(791,78,9,'2017-01-03 22:51:18','2017-01-03 22:51:18'),(792,78,2,'2017-01-03 22:51:18','2017-01-03 22:51:18'),(793,78,7,'2017-01-03 22:51:18','2017-01-03 22:51:18'),(794,78,8,'2017-01-03 22:51:18','2017-01-03 22:51:18'),(795,78,27,'2017-01-03 22:51:18','2017-01-03 22:51:18'),(796,78,28,'2017-01-03 22:51:18','2017-01-03 22:51:18'),(797,78,3,'2017-01-03 22:51:18','2017-01-03 22:51:18'),(798,78,3,'2017-01-03 22:51:18','2017-01-03 22:51:18'),(799,78,3,'2017-01-03 22:51:18','2017-01-03 22:51:18'),(800,78,3,'2017-01-03 22:51:18','2017-01-03 22:51:18'),(801,78,4,'2017-01-03 22:51:18','2017-01-03 22:51:18'),(802,78,5,'2017-01-03 22:51:18','2017-01-03 22:51:18'),(803,78,6,'2017-01-03 22:51:18','2017-01-03 22:51:18'),(804,78,2,'2017-01-03 22:51:18','2017-01-03 22:51:18'),(805,78,7,'2017-01-03 22:51:18','2017-01-03 22:51:18'),(806,78,8,'2017-01-03 22:51:18','2017-01-03 22:51:18'),(807,78,1,'2017-01-03 22:51:18','2017-01-03 22:51:18'),(808,79,1,'2017-01-03 22:51:20','2017-01-03 22:51:20'),(809,79,2,'2017-01-03 22:51:20','2017-01-03 22:51:20'),(810,79,12,'2017-01-03 22:51:20','2017-01-03 22:51:20'),(811,79,2,'2017-01-03 22:51:20','2017-01-03 22:51:20'),(812,79,7,'2017-01-03 22:51:20','2017-01-03 22:51:20'),(813,79,8,'2017-01-03 22:51:20','2017-01-03 22:51:20'),(814,79,9,'2017-01-03 22:51:20','2017-01-03 22:51:20'),(815,79,2,'2017-01-03 22:51:20','2017-01-03 22:51:20'),(816,79,7,'2017-01-03 22:51:20','2017-01-03 22:51:20'),(817,79,8,'2017-01-03 22:51:20','2017-01-03 22:51:20'),(818,79,27,'2017-01-03 22:51:20','2017-01-03 22:51:20'),(819,79,3,'2017-01-03 22:51:20','2017-01-03 22:51:20'),(820,79,3,'2017-01-03 22:51:20','2017-01-03 22:51:20'),(821,79,3,'2017-01-03 22:51:20','2017-01-03 22:51:20'),(822,79,3,'2017-01-03 22:51:20','2017-01-03 22:51:20'),(823,79,4,'2017-01-03 22:51:20','2017-01-03 22:51:20'),(824,79,5,'2017-01-03 22:51:20','2017-01-03 22:51:20'),(825,79,6,'2017-01-03 22:51:20','2017-01-03 22:51:20'),(826,79,2,'2017-01-03 22:51:20','2017-01-03 22:51:20'),(827,79,7,'2017-01-03 22:51:20','2017-01-03 22:51:20'),(828,79,8,'2017-01-03 22:51:20','2017-01-03 22:51:20'),(829,79,1,'2017-01-03 22:51:20','2017-01-03 22:51:20'),(830,80,1,'2017-01-03 22:51:21','2017-01-03 22:51:21'),(831,80,2,'2017-01-03 22:51:21','2017-01-03 22:51:21'),(832,80,12,'2017-01-03 22:51:21','2017-01-03 22:51:21'),(833,80,2,'2017-01-03 22:51:21','2017-01-03 22:51:21'),(834,80,7,'2017-01-03 22:51:21','2017-01-03 22:51:21'),(835,80,8,'2017-01-03 22:51:21','2017-01-03 22:51:21'),(836,80,9,'2017-01-03 22:51:21','2017-01-03 22:51:21'),(837,80,2,'2017-01-03 22:51:21','2017-01-03 22:51:21'),(838,80,7,'2017-01-03 22:51:21','2017-01-03 22:51:21'),(839,80,8,'2017-01-03 22:51:21','2017-01-03 22:51:21'),(840,80,27,'2017-01-03 22:51:21','2017-01-03 22:51:21'),(841,80,3,'2017-01-03 22:51:21','2017-01-03 22:51:21'),(842,80,3,'2017-01-03 22:51:21','2017-01-03 22:51:21'),(843,80,3,'2017-01-03 22:51:21','2017-01-03 22:51:21'),(844,80,3,'2017-01-03 22:51:21','2017-01-03 22:51:21'),(845,80,4,'2017-01-03 22:51:21','2017-01-03 22:51:21'),(846,80,5,'2017-01-03 22:51:21','2017-01-03 22:51:21'),(847,80,6,'2017-01-03 22:51:21','2017-01-03 22:51:21'),(848,80,2,'2017-01-03 22:51:21','2017-01-03 22:51:21'),(849,80,7,'2017-01-03 22:51:21','2017-01-03 22:51:21'),(850,80,8,'2017-01-03 22:51:21','2017-01-03 22:51:21'),(851,80,1,'2017-01-03 22:51:21','2017-01-03 22:51:21'),(852,81,1,'2017-01-03 22:51:26','2017-01-03 22:51:26'),(853,81,2,'2017-01-03 22:51:26','2017-01-03 22:51:26'),(854,81,12,'2017-01-03 22:51:26','2017-01-03 22:51:26'),(855,81,2,'2017-01-03 22:51:26','2017-01-03 22:51:26'),(856,81,7,'2017-01-03 22:51:26','2017-01-03 22:51:26'),(857,81,8,'2017-01-03 22:51:26','2017-01-03 22:51:26'),(858,81,9,'2017-01-03 22:51:26','2017-01-03 22:51:26'),(859,81,2,'2017-01-03 22:51:26','2017-01-03 22:51:26'),(860,81,7,'2017-01-03 22:51:26','2017-01-03 22:51:26'),(861,81,8,'2017-01-03 22:51:26','2017-01-03 22:51:26'),(862,81,27,'2017-01-03 22:51:26','2017-01-03 22:51:26'),(863,81,29,'2017-01-03 22:51:26','2017-01-03 22:51:26'),(864,81,30,'2017-01-03 22:51:26','2017-01-03 22:51:26'),(865,82,1,'2017-01-03 22:51:29','2017-01-03 22:51:29'),(866,82,2,'2017-01-03 22:51:29','2017-01-03 22:51:29'),(867,82,12,'2017-01-03 22:51:29','2017-01-03 22:51:29'),(868,82,2,'2017-01-03 22:51:29','2017-01-03 22:51:29'),(869,82,7,'2017-01-03 22:51:29','2017-01-03 22:51:29'),(870,82,8,'2017-01-03 22:51:29','2017-01-03 22:51:29'),(871,82,9,'2017-01-03 22:51:29','2017-01-03 22:51:29'),(872,82,2,'2017-01-03 22:51:29','2017-01-03 22:51:29'),(873,82,7,'2017-01-03 22:51:29','2017-01-03 22:51:29'),(874,82,8,'2017-01-03 22:51:29','2017-01-03 22:51:29'),(875,82,27,'2017-01-03 22:51:29','2017-01-03 22:51:29'),(876,82,28,'2017-01-03 22:51:29','2017-01-03 22:51:29'),(877,82,31,'2017-01-03 22:51:29','2017-01-03 22:51:29'),(878,82,3,'2017-01-03 22:51:29','2017-01-03 22:51:29'),(879,82,3,'2017-01-03 22:51:29','2017-01-03 22:51:29'),(880,82,3,'2017-01-03 22:51:29','2017-01-03 22:51:29'),(881,82,3,'2017-01-03 22:51:29','2017-01-03 22:51:29'),(882,82,4,'2017-01-03 22:51:29','2017-01-03 22:51:29'),(883,82,5,'2017-01-03 22:51:29','2017-01-03 22:51:29'),(884,82,6,'2017-01-03 22:51:29','2017-01-03 22:51:29'),(885,82,2,'2017-01-03 22:51:29','2017-01-03 22:51:29'),(886,82,7,'2017-01-03 22:51:29','2017-01-03 22:51:29'),(887,82,8,'2017-01-03 22:51:29','2017-01-03 22:51:29'),(888,82,1,'2017-01-03 22:51:29','2017-01-03 22:51:29'),(889,83,1,'2017-01-03 22:51:30','2017-01-03 22:51:30'),(890,83,2,'2017-01-03 22:51:30','2017-01-03 22:51:30'),(891,83,12,'2017-01-03 22:51:30','2017-01-03 22:51:30'),(892,83,2,'2017-01-03 22:51:30','2017-01-03 22:51:30'),(893,83,7,'2017-01-03 22:51:30','2017-01-03 22:51:30'),(894,83,8,'2017-01-03 22:51:30','2017-01-03 22:51:30'),(895,83,9,'2017-01-03 22:51:30','2017-01-03 22:51:30'),(896,83,2,'2017-01-03 22:51:30','2017-01-03 22:51:30'),(897,83,7,'2017-01-03 22:51:30','2017-01-03 22:51:30'),(898,83,8,'2017-01-03 22:51:30','2017-01-03 22:51:30'),(899,83,10,'2017-01-03 22:51:30','2017-01-03 22:51:30'),(900,83,3,'2017-01-03 22:51:30','2017-01-03 22:51:30'),(901,83,3,'2017-01-03 22:51:30','2017-01-03 22:51:30'),(902,83,3,'2017-01-03 22:51:30','2017-01-03 22:51:30'),(903,83,3,'2017-01-03 22:51:30','2017-01-03 22:51:30'),(904,83,4,'2017-01-03 22:51:30','2017-01-03 22:51:30'),(905,83,5,'2017-01-03 22:51:30','2017-01-03 22:51:30'),(906,83,6,'2017-01-03 22:51:30','2017-01-03 22:51:30'),(907,83,2,'2017-01-03 22:51:30','2017-01-03 22:51:30'),(908,83,7,'2017-01-03 22:51:30','2017-01-03 22:51:30'),(909,83,8,'2017-01-03 22:51:30','2017-01-03 22:51:30'),(910,83,1,'2017-01-03 22:51:30','2017-01-03 22:51:30'),(911,84,1,'2017-01-03 22:51:32','2017-01-03 22:51:32'),(912,84,2,'2017-01-03 22:51:32','2017-01-03 22:51:32'),(913,84,12,'2017-01-03 22:51:32','2017-01-03 22:51:32'),(914,84,2,'2017-01-03 22:51:32','2017-01-03 22:51:32'),(915,84,7,'2017-01-03 22:51:32','2017-01-03 22:51:32'),(916,84,8,'2017-01-03 22:51:32','2017-01-03 22:51:32'),(917,84,9,'2017-01-03 22:51:32','2017-01-03 22:51:32'),(918,84,2,'2017-01-03 22:51:32','2017-01-03 22:51:32'),(919,84,7,'2017-01-03 22:51:32','2017-01-03 22:51:32'),(920,84,8,'2017-01-03 22:51:32','2017-01-03 22:51:32'),(921,84,27,'2017-01-03 22:51:32','2017-01-03 22:51:32'),(922,84,3,'2017-01-03 22:51:32','2017-01-03 22:51:32'),(923,84,3,'2017-01-03 22:51:32','2017-01-03 22:51:32'),(924,84,3,'2017-01-03 22:51:32','2017-01-03 22:51:32'),(925,84,3,'2017-01-03 22:51:32','2017-01-03 22:51:32'),(926,84,4,'2017-01-03 22:51:32','2017-01-03 22:51:32'),(927,84,5,'2017-01-03 22:51:32','2017-01-03 22:51:32'),(928,84,6,'2017-01-03 22:51:32','2017-01-03 22:51:32'),(929,84,2,'2017-01-03 22:51:32','2017-01-03 22:51:32'),(930,84,7,'2017-01-03 22:51:32','2017-01-03 22:51:32'),(931,84,8,'2017-01-03 22:51:32','2017-01-03 22:51:32'),(932,84,1,'2017-01-03 22:51:32','2017-01-03 22:51:32'),(933,85,1,'2017-01-03 22:51:34','2017-01-03 22:51:34'),(934,85,2,'2017-01-03 22:51:34','2017-01-03 22:51:34'),(935,85,12,'2017-01-03 22:51:34','2017-01-03 22:51:34'),(936,85,2,'2017-01-03 22:51:34','2017-01-03 22:51:34'),(937,85,7,'2017-01-03 22:51:34','2017-01-03 22:51:34'),(938,85,8,'2017-01-03 22:51:34','2017-01-03 22:51:34'),(939,85,9,'2017-01-03 22:51:34','2017-01-03 22:51:34'),(940,85,2,'2017-01-03 22:51:34','2017-01-03 22:51:34'),(941,85,7,'2017-01-03 22:51:34','2017-01-03 22:51:34'),(942,85,8,'2017-01-03 22:51:34','2017-01-03 22:51:34'),(943,85,27,'2017-01-03 22:51:34','2017-01-03 22:51:34'),(944,85,32,'2017-01-03 22:51:34','2017-01-03 22:51:34'),(945,85,3,'2017-01-03 22:51:34','2017-01-03 22:51:34'),(946,85,3,'2017-01-03 22:51:34','2017-01-03 22:51:34'),(947,85,3,'2017-01-03 22:51:34','2017-01-03 22:51:34'),(948,85,3,'2017-01-03 22:51:34','2017-01-03 22:51:34'),(949,85,4,'2017-01-03 22:51:34','2017-01-03 22:51:34'),(950,85,5,'2017-01-03 22:51:34','2017-01-03 22:51:34'),(951,85,6,'2017-01-03 22:51:34','2017-01-03 22:51:34'),(952,85,2,'2017-01-03 22:51:34','2017-01-03 22:51:34'),(953,85,7,'2017-01-03 22:51:34','2017-01-03 22:51:34'),(954,85,8,'2017-01-03 22:51:34','2017-01-03 22:51:34'),(955,85,1,'2017-01-03 22:51:34','2017-01-03 22:51:34'),(956,86,1,'2017-01-03 22:51:36','2017-01-03 22:51:36'),(957,86,2,'2017-01-03 22:51:36','2017-01-03 22:51:36'),(958,86,12,'2017-01-03 22:51:36','2017-01-03 22:51:36'),(959,86,2,'2017-01-03 22:51:36','2017-01-03 22:51:36'),(960,86,7,'2017-01-03 22:51:36','2017-01-03 22:51:36'),(961,86,8,'2017-01-03 22:51:36','2017-01-03 22:51:36'),(962,86,9,'2017-01-03 22:51:36','2017-01-03 22:51:36'),(963,86,2,'2017-01-03 22:51:36','2017-01-03 22:51:36'),(964,86,7,'2017-01-03 22:51:36','2017-01-03 22:51:36'),(965,86,8,'2017-01-03 22:51:36','2017-01-03 22:51:36'),(966,86,27,'2017-01-03 22:51:36','2017-01-03 22:51:36'),(967,86,33,'2017-01-03 22:51:36','2017-01-03 22:51:36'),(968,86,34,'2017-01-03 22:51:36','2017-01-03 22:51:36'),(969,86,3,'2017-01-03 22:51:36','2017-01-03 22:51:36'),(970,86,3,'2017-01-03 22:51:36','2017-01-03 22:51:36'),(971,86,3,'2017-01-03 22:51:36','2017-01-03 22:51:36'),(972,86,3,'2017-01-03 22:51:36','2017-01-03 22:51:36'),(973,86,4,'2017-01-03 22:51:36','2017-01-03 22:51:36'),(974,86,5,'2017-01-03 22:51:36','2017-01-03 22:51:36'),(975,86,6,'2017-01-03 22:51:36','2017-01-03 22:51:36'),(976,86,2,'2017-01-03 22:51:36','2017-01-03 22:51:36'),(977,86,7,'2017-01-03 22:51:36','2017-01-03 22:51:36'),(978,86,8,'2017-01-03 22:51:36','2017-01-03 22:51:36'),(979,86,1,'2017-01-03 22:51:36','2017-01-03 22:51:36'),(980,87,1,'2017-01-03 22:51:42','2017-01-03 22:51:42'),(981,87,2,'2017-01-03 22:51:42','2017-01-03 22:51:42'),(982,87,12,'2017-01-03 22:51:42','2017-01-03 22:51:42'),(983,87,2,'2017-01-03 22:51:42','2017-01-03 22:51:42'),(984,87,7,'2017-01-03 22:51:42','2017-01-03 22:51:42'),(985,87,8,'2017-01-03 22:51:42','2017-01-03 22:51:42'),(986,87,9,'2017-01-03 22:51:42','2017-01-03 22:51:42'),(987,87,2,'2017-01-03 22:51:42','2017-01-03 22:51:42'),(988,87,7,'2017-01-03 22:51:42','2017-01-03 22:51:42'),(989,87,8,'2017-01-03 22:51:42','2017-01-03 22:51:42'),(990,87,27,'2017-01-03 22:51:42','2017-01-03 22:51:42'),(991,87,28,'2017-01-03 22:51:42','2017-01-03 22:51:42'),(992,87,2,'2017-01-03 22:51:42','2017-01-03 22:51:42'),(993,87,35,'2017-01-03 22:51:42','2017-01-03 22:51:42'),(994,87,36,'2017-01-03 22:51:42','2017-01-03 22:51:42'),(995,88,1,'2017-01-03 22:51:42','2017-01-03 22:51:42'),(996,88,2,'2017-01-03 22:51:42','2017-01-03 22:51:42'),(997,88,12,'2017-01-03 22:51:42','2017-01-03 22:51:42'),(998,88,2,'2017-01-03 22:51:42','2017-01-03 22:51:42'),(999,88,7,'2017-01-03 22:51:42','2017-01-03 22:51:42'),(1000,88,8,'2017-01-03 22:51:42','2017-01-03 22:51:42'),(1001,88,9,'2017-01-03 22:51:42','2017-01-03 22:51:42'),(1002,88,2,'2017-01-03 22:51:42','2017-01-03 22:51:42'),(1003,88,7,'2017-01-03 22:51:42','2017-01-03 22:51:42'),(1004,88,8,'2017-01-03 22:51:42','2017-01-03 22:51:42'),(1005,88,27,'2017-01-03 22:51:42','2017-01-03 22:51:42'),(1006,88,33,'2017-01-03 22:51:42','2017-01-03 22:51:42'),(1007,88,34,'2017-01-03 22:51:42','2017-01-03 22:51:42'),(1008,88,3,'2017-01-03 22:51:42','2017-01-03 22:51:42'),(1009,88,3,'2017-01-03 22:51:42','2017-01-03 22:51:42'),(1010,88,3,'2017-01-03 22:51:42','2017-01-03 22:51:42'),(1011,88,3,'2017-01-03 22:51:42','2017-01-03 22:51:42'),(1012,88,4,'2017-01-03 22:51:42','2017-01-03 22:51:42'),(1013,88,5,'2017-01-03 22:51:42','2017-01-03 22:51:42'),(1014,88,6,'2017-01-03 22:51:42','2017-01-03 22:51:42'),(1015,88,2,'2017-01-03 22:51:42','2017-01-03 22:51:42'),(1016,88,7,'2017-01-03 22:51:42','2017-01-03 22:51:42'),(1017,88,8,'2017-01-03 22:51:42','2017-01-03 22:51:42'),(1018,88,1,'2017-01-03 22:51:42','2017-01-03 22:51:42'),(1019,89,1,'2017-01-03 22:51:44','2017-01-03 22:51:44'),(1020,89,2,'2017-01-03 22:51:44','2017-01-03 22:51:44'),(1021,89,12,'2017-01-03 22:51:44','2017-01-03 22:51:44'),(1022,89,2,'2017-01-03 22:51:44','2017-01-03 22:51:44'),(1023,89,7,'2017-01-03 22:51:44','2017-01-03 22:51:44'),(1024,89,8,'2017-01-03 22:51:44','2017-01-03 22:51:44'),(1025,89,9,'2017-01-03 22:51:44','2017-01-03 22:51:44'),(1026,89,2,'2017-01-03 22:51:44','2017-01-03 22:51:44'),(1027,89,7,'2017-01-03 22:51:44','2017-01-03 22:51:44'),(1028,89,8,'2017-01-03 22:51:44','2017-01-03 22:51:44'),(1029,89,27,'2017-01-03 22:51:45','2017-01-03 22:51:45'),(1030,89,32,'2017-01-03 22:51:45','2017-01-03 22:51:45'),(1031,89,3,'2017-01-03 22:51:45','2017-01-03 22:51:45'),(1032,89,3,'2017-01-03 22:51:45','2017-01-03 22:51:45'),(1033,89,3,'2017-01-03 22:51:45','2017-01-03 22:51:45'),(1034,89,3,'2017-01-03 22:51:45','2017-01-03 22:51:45'),(1035,89,4,'2017-01-03 22:51:45','2017-01-03 22:51:45'),(1036,89,5,'2017-01-03 22:51:45','2017-01-03 22:51:45'),(1037,89,6,'2017-01-03 22:51:45','2017-01-03 22:51:45'),(1038,89,2,'2017-01-03 22:51:45','2017-01-03 22:51:45'),(1039,89,7,'2017-01-03 22:51:45','2017-01-03 22:51:45'),(1040,89,8,'2017-01-03 22:51:45','2017-01-03 22:51:45'),(1041,89,1,'2017-01-03 22:51:45','2017-01-03 22:51:45'),(1042,90,1,'2017-01-03 22:51:50','2017-01-03 22:51:50'),(1043,90,2,'2017-01-03 22:51:50','2017-01-03 22:51:50'),(1044,90,3,'2017-01-03 22:51:50','2017-01-03 22:51:50'),(1045,90,3,'2017-01-03 22:51:50','2017-01-03 22:51:50'),(1046,90,3,'2017-01-03 22:51:50','2017-01-03 22:51:50'),(1047,90,4,'2017-01-03 22:51:50','2017-01-03 22:51:50'),(1048,90,5,'2017-01-03 22:51:50','2017-01-03 22:51:50'),(1049,90,6,'2017-01-03 22:51:50','2017-01-03 22:51:50'),(1050,90,2,'2017-01-03 22:51:50','2017-01-03 22:51:50'),(1051,90,7,'2017-01-03 22:51:50','2017-01-03 22:51:50'),(1052,90,8,'2017-01-03 22:51:50','2017-01-03 22:51:50'),(1053,90,1,'2017-01-03 22:51:50','2017-01-03 22:51:50'),(1054,91,1,'2017-01-03 22:51:53','2017-01-03 22:51:53'),(1055,91,2,'2017-01-03 22:51:53','2017-01-03 22:51:53'),(1056,91,9,'2017-01-03 22:51:53','2017-01-03 22:51:53'),(1057,91,2,'2017-01-03 22:51:53','2017-01-03 22:51:53'),(1058,91,7,'2017-01-03 22:51:53','2017-01-03 22:51:53'),(1059,91,8,'2017-01-03 22:51:53','2017-01-03 22:51:53'),(1060,91,10,'2017-01-03 22:51:53','2017-01-03 22:51:53'),(1061,91,3,'2017-01-03 22:51:53','2017-01-03 22:51:53'),(1062,91,3,'2017-01-03 22:51:53','2017-01-03 22:51:53'),(1063,91,3,'2017-01-03 22:51:53','2017-01-03 22:51:53'),(1064,91,4,'2017-01-03 22:51:53','2017-01-03 22:51:53'),(1065,91,5,'2017-01-03 22:51:53','2017-01-03 22:51:53'),(1066,91,6,'2017-01-03 22:51:53','2017-01-03 22:51:53'),(1067,91,2,'2017-01-03 22:51:53','2017-01-03 22:51:53'),(1068,91,7,'2017-01-03 22:51:53','2017-01-03 22:51:53'),(1069,91,8,'2017-01-03 22:51:53','2017-01-03 22:51:53'),(1070,91,1,'2017-01-03 22:51:53','2017-01-03 22:51:53'),(1071,92,1,'2017-01-03 22:51:55','2017-01-03 22:51:55'),(1072,92,2,'2017-01-03 22:51:55','2017-01-03 22:51:55'),(1073,92,9,'2017-01-03 22:51:55','2017-01-03 22:51:55'),(1074,92,2,'2017-01-03 22:51:55','2017-01-03 22:51:55'),(1075,92,7,'2017-01-03 22:51:55','2017-01-03 22:51:55'),(1076,92,8,'2017-01-03 22:51:55','2017-01-03 22:51:55'),(1077,92,27,'2017-01-03 22:51:55','2017-01-03 22:51:55'),(1078,92,29,'2017-01-03 22:51:55','2017-01-03 22:51:55'),(1079,92,3,'2017-01-03 22:51:55','2017-01-03 22:51:55'),(1080,92,3,'2017-01-03 22:51:55','2017-01-03 22:51:55'),(1081,92,3,'2017-01-03 22:51:55','2017-01-03 22:51:55'),(1082,92,4,'2017-01-03 22:51:55','2017-01-03 22:51:55'),(1083,92,5,'2017-01-03 22:51:55','2017-01-03 22:51:55'),(1084,92,6,'2017-01-03 22:51:55','2017-01-03 22:51:55'),(1085,92,2,'2017-01-03 22:51:55','2017-01-03 22:51:55'),(1086,92,7,'2017-01-03 22:51:55','2017-01-03 22:51:55'),(1087,92,8,'2017-01-03 22:51:55','2017-01-03 22:51:55'),(1088,92,1,'2017-01-03 22:51:55','2017-01-03 22:51:55'),(1089,93,1,'2017-01-03 22:51:57','2017-01-03 22:51:57'),(1090,93,2,'2017-01-03 22:51:57','2017-01-03 22:51:57'),(1091,93,9,'2017-01-03 22:51:57','2017-01-03 22:51:57'),(1092,93,2,'2017-01-03 22:51:57','2017-01-03 22:51:57'),(1093,93,7,'2017-01-03 22:51:57','2017-01-03 22:51:57'),(1094,93,8,'2017-01-03 22:51:57','2017-01-03 22:51:57'),(1095,93,27,'2017-01-03 22:51:57','2017-01-03 22:51:57'),(1096,93,28,'2017-01-03 22:51:57','2017-01-03 22:51:57'),(1097,93,29,'2017-01-03 22:51:57','2017-01-03 22:51:57'),(1098,93,31,'2017-01-03 22:51:57','2017-01-03 22:51:57'),(1099,93,3,'2017-01-03 22:51:57','2017-01-03 22:51:57'),(1100,93,3,'2017-01-03 22:51:57','2017-01-03 22:51:57'),(1101,93,3,'2017-01-03 22:51:57','2017-01-03 22:51:57'),(1102,93,4,'2017-01-03 22:51:57','2017-01-03 22:51:57'),(1103,93,5,'2017-01-03 22:51:57','2017-01-03 22:51:57'),(1104,93,6,'2017-01-03 22:51:57','2017-01-03 22:51:57'),(1105,93,2,'2017-01-03 22:51:57','2017-01-03 22:51:57'),(1106,93,7,'2017-01-03 22:51:57','2017-01-03 22:51:57'),(1107,93,8,'2017-01-03 22:51:57','2017-01-03 22:51:57'),(1108,93,1,'2017-01-03 22:51:57','2017-01-03 22:51:57'),(1109,94,1,'2017-01-03 22:52:00','2017-01-03 22:52:00'),(1110,94,2,'2017-01-03 22:52:00','2017-01-03 22:52:00'),(1111,94,9,'2017-01-03 22:52:00','2017-01-03 22:52:00'),(1112,94,2,'2017-01-03 22:52:00','2017-01-03 22:52:00'),(1113,94,7,'2017-01-03 22:52:00','2017-01-03 22:52:00'),(1114,94,8,'2017-01-03 22:52:00','2017-01-03 22:52:00'),(1115,94,37,'2017-01-03 22:52:00','2017-01-03 22:52:00'),(1116,94,29,'2017-01-03 22:52:00','2017-01-03 22:52:00'),(1117,94,31,'2017-01-03 22:52:00','2017-01-03 22:52:00'),(1118,94,38,'2017-01-03 22:52:00','2017-01-03 22:52:00'),(1119,94,39,'2017-01-03 22:52:00','2017-01-03 22:52:00'),(1120,95,1,'2017-01-03 22:52:01','2017-01-03 22:52:01'),(1121,95,2,'2017-01-03 22:52:01','2017-01-03 22:52:01'),(1122,95,9,'2017-01-03 22:52:01','2017-01-03 22:52:01'),(1123,95,2,'2017-01-03 22:52:01','2017-01-03 22:52:01'),(1124,95,7,'2017-01-03 22:52:01','2017-01-03 22:52:01'),(1125,95,8,'2017-01-03 22:52:01','2017-01-03 22:52:01'),(1126,95,37,'2017-01-03 22:52:01','2017-01-03 22:52:01'),(1127,95,29,'2017-01-03 22:52:01','2017-01-03 22:52:01'),(1128,95,31,'2017-01-03 22:52:01','2017-01-03 22:52:01'),(1129,95,38,'2017-01-03 22:52:01','2017-01-03 22:52:01'),(1130,95,39,'2017-01-03 22:52:01','2017-01-03 22:52:01'),(1131,96,1,'2017-01-03 22:52:02','2017-01-03 22:52:02'),(1132,96,2,'2017-01-03 22:52:02','2017-01-03 22:52:02'),(1133,96,9,'2017-01-03 22:52:02','2017-01-03 22:52:02'),(1134,96,2,'2017-01-03 22:52:02','2017-01-03 22:52:02'),(1135,96,7,'2017-01-03 22:52:02','2017-01-03 22:52:02'),(1136,96,8,'2017-01-03 22:52:02','2017-01-03 22:52:02'),(1137,96,37,'2017-01-03 22:52:02','2017-01-03 22:52:02'),(1138,96,29,'2017-01-03 22:52:02','2017-01-03 22:52:02'),(1139,96,31,'2017-01-03 22:52:02','2017-01-03 22:52:02'),(1140,97,1,'2017-01-03 22:52:02','2017-01-03 22:52:02'),(1141,97,2,'2017-01-03 22:52:02','2017-01-03 22:52:02'),(1142,97,9,'2017-01-03 22:52:02','2017-01-03 22:52:02'),(1143,97,2,'2017-01-03 22:52:02','2017-01-03 22:52:02'),(1144,97,7,'2017-01-03 22:52:02','2017-01-03 22:52:02'),(1145,97,8,'2017-01-03 22:52:02','2017-01-03 22:52:02'),(1146,97,27,'2017-01-03 22:52:02','2017-01-03 22:52:02'),(1147,97,28,'2017-01-03 22:52:02','2017-01-03 22:52:02'),(1148,97,29,'2017-01-03 22:52:02','2017-01-03 22:52:02'),(1149,97,31,'2017-01-03 22:52:02','2017-01-03 22:52:02'),(1150,97,3,'2017-01-03 22:52:02','2017-01-03 22:52:02'),(1151,97,3,'2017-01-03 22:52:02','2017-01-03 22:52:02'),(1152,97,3,'2017-01-03 22:52:02','2017-01-03 22:52:02'),(1153,97,4,'2017-01-03 22:52:03','2017-01-03 22:52:03'),(1154,97,5,'2017-01-03 22:52:03','2017-01-03 22:52:03'),(1155,97,6,'2017-01-03 22:52:03','2017-01-03 22:52:03'),(1156,97,2,'2017-01-03 22:52:03','2017-01-03 22:52:03'),(1157,97,7,'2017-01-03 22:52:03','2017-01-03 22:52:03'),(1158,97,8,'2017-01-03 22:52:03','2017-01-03 22:52:03'),(1159,97,1,'2017-01-03 22:52:03','2017-01-03 22:52:03'),(1160,98,1,'2017-01-03 22:56:31','2017-01-03 22:56:31'),(1161,98,2,'2017-01-03 22:56:31','2017-01-03 22:56:31'),(1162,98,3,'2017-01-03 22:56:31','2017-01-03 22:56:31'),(1163,98,3,'2017-01-03 22:56:31','2017-01-03 22:56:31'),(1164,98,3,'2017-01-03 22:56:31','2017-01-03 22:56:31'),(1165,98,4,'2017-01-03 22:56:31','2017-01-03 22:56:31'),(1166,98,5,'2017-01-03 22:56:31','2017-01-03 22:56:31'),(1167,98,6,'2017-01-03 22:56:31','2017-01-03 22:56:31'),(1168,98,2,'2017-01-03 22:56:31','2017-01-03 22:56:31'),(1169,98,7,'2017-01-03 22:56:31','2017-01-03 22:56:31'),(1170,98,8,'2017-01-03 22:56:31','2017-01-03 22:56:31'),(1171,98,1,'2017-01-03 22:56:31','2017-01-03 22:56:31'),(1172,99,1,'2017-01-03 22:56:33','2017-01-03 22:56:33'),(1173,99,2,'2017-01-03 22:56:33','2017-01-03 22:56:33'),(1174,99,9,'2017-01-03 22:56:33','2017-01-03 22:56:33'),(1175,99,2,'2017-01-03 22:56:33','2017-01-03 22:56:33'),(1176,99,7,'2017-01-03 22:56:33','2017-01-03 22:56:33'),(1177,99,8,'2017-01-03 22:56:33','2017-01-03 22:56:33'),(1178,99,10,'2017-01-03 22:56:33','2017-01-03 22:56:33'),(1179,99,3,'2017-01-03 22:56:33','2017-01-03 22:56:33'),(1180,99,3,'2017-01-03 22:56:33','2017-01-03 22:56:33'),(1181,99,3,'2017-01-03 22:56:33','2017-01-03 22:56:33'),(1182,99,4,'2017-01-03 22:56:33','2017-01-03 22:56:33'),(1183,99,5,'2017-01-03 22:56:33','2017-01-03 22:56:33'),(1184,99,6,'2017-01-03 22:56:33','2017-01-03 22:56:33'),(1185,99,2,'2017-01-03 22:56:33','2017-01-03 22:56:33'),(1186,99,7,'2017-01-03 22:56:33','2017-01-03 22:56:33'),(1187,99,8,'2017-01-03 22:56:33','2017-01-03 22:56:33'),(1188,99,1,'2017-01-03 22:56:33','2017-01-03 22:56:33'),(1189,100,1,'2017-01-03 22:56:34','2017-01-03 22:56:34'),(1190,100,2,'2017-01-03 22:56:34','2017-01-03 22:56:34'),(1191,100,9,'2017-01-03 22:56:34','2017-01-03 22:56:34'),(1192,100,2,'2017-01-03 22:56:34','2017-01-03 22:56:34'),(1193,100,7,'2017-01-03 22:56:34','2017-01-03 22:56:34'),(1194,100,8,'2017-01-03 22:56:34','2017-01-03 22:56:34'),(1195,100,27,'2017-01-03 22:56:34','2017-01-03 22:56:34'),(1196,100,29,'2017-01-03 22:56:34','2017-01-03 22:56:34'),(1197,100,3,'2017-01-03 22:56:34','2017-01-03 22:56:34'),(1198,100,3,'2017-01-03 22:56:35','2017-01-03 22:56:35'),(1199,100,3,'2017-01-03 22:56:35','2017-01-03 22:56:35'),(1200,100,4,'2017-01-03 22:56:35','2017-01-03 22:56:35'),(1201,100,5,'2017-01-03 22:56:35','2017-01-03 22:56:35'),(1202,100,6,'2017-01-03 22:56:35','2017-01-03 22:56:35'),(1203,100,2,'2017-01-03 22:56:35','2017-01-03 22:56:35'),(1204,100,7,'2017-01-03 22:56:35','2017-01-03 22:56:35'),(1205,100,8,'2017-01-03 22:56:35','2017-01-03 22:56:35'),(1206,100,1,'2017-01-03 22:56:35','2017-01-03 22:56:35'),(1207,101,1,'2017-01-04 01:33:03','2017-01-04 01:33:03'),(1208,102,1,'2017-01-04 01:33:08','2017-01-04 01:33:08'),(1209,102,11,'2017-01-04 01:33:08','2017-01-04 01:33:08'),(1210,103,1,'2017-01-04 01:33:08','2017-01-04 01:33:08'),(1211,103,2,'2017-01-04 01:33:08','2017-01-04 01:33:08'),(1212,103,3,'2017-01-04 01:33:08','2017-01-04 01:33:08'),(1213,103,3,'2017-01-04 01:33:08','2017-01-04 01:33:08'),(1214,103,3,'2017-01-04 01:33:08','2017-01-04 01:33:08'),(1215,103,4,'2017-01-04 01:33:08','2017-01-04 01:33:08'),(1216,103,5,'2017-01-04 01:33:08','2017-01-04 01:33:08'),(1217,103,6,'2017-01-04 01:33:08','2017-01-04 01:33:08'),(1218,103,2,'2017-01-04 01:33:08','2017-01-04 01:33:08'),(1219,103,7,'2017-01-04 01:33:08','2017-01-04 01:33:08'),(1220,103,8,'2017-01-04 01:33:08','2017-01-04 01:33:08'),(1221,103,1,'2017-01-04 01:33:08','2017-01-04 01:33:08'),(1222,104,1,'2017-01-04 01:33:15','2017-01-04 01:33:15'),(1223,104,2,'2017-01-04 01:33:15','2017-01-04 01:33:15'),(1224,104,12,'2017-01-04 01:33:15','2017-01-04 01:33:15'),(1225,104,3,'2017-01-04 01:33:15','2017-01-04 01:33:15'),(1226,105,1,'2017-01-04 01:39:59','2017-01-04 01:39:59'),(1227,106,1,'2017-01-04 01:40:06','2017-01-04 01:40:06'),(1228,106,12,'2017-01-04 01:40:06','2017-01-04 01:40:06'),(1229,107,1,'2017-01-04 01:40:06','2017-01-04 01:40:06'),(1230,107,12,'2017-01-04 01:40:06','2017-01-04 01:40:06'),(1231,107,3,'2017-01-04 01:40:06','2017-01-04 01:40:06'),(1232,108,1,'2017-01-04 01:40:12','2017-01-04 01:40:12'),(1233,108,12,'2017-01-04 01:40:12','2017-01-04 01:40:12'),(1234,108,11,'2017-01-04 01:40:12','2017-01-04 01:40:12'),(1235,109,1,'2017-01-04 01:40:12','2017-01-04 01:40:12'),(1236,109,12,'2017-01-04 01:40:12','2017-01-04 01:40:12'),(1237,109,3,'2017-01-04 01:40:12','2017-01-04 01:40:12'),(1238,110,1,'2017-01-04 01:40:15','2017-01-04 01:40:15'),(1239,110,12,'2017-01-04 01:40:15','2017-01-04 01:40:15'),(1240,110,11,'2017-01-04 01:40:15','2017-01-04 01:40:15'),(1241,111,1,'2017-01-04 01:40:15','2017-01-04 01:40:15'),(1242,111,2,'2017-01-04 01:40:15','2017-01-04 01:40:15'),(1243,111,9,'2017-01-04 01:40:15','2017-01-04 01:40:15'),(1244,111,2,'2017-01-04 01:40:15','2017-01-04 01:40:15'),(1245,111,7,'2017-01-04 01:40:15','2017-01-04 01:40:15'),(1246,111,8,'2017-01-04 01:40:15','2017-01-04 01:40:15'),(1247,111,27,'2017-01-04 01:40:15','2017-01-04 01:40:15'),(1248,111,29,'2017-01-04 01:40:15','2017-01-04 01:40:15'),(1249,111,3,'2017-01-04 01:40:15','2017-01-04 01:40:15'),(1250,111,3,'2017-01-04 01:40:15','2017-01-04 01:40:15'),(1251,111,3,'2017-01-04 01:40:15','2017-01-04 01:40:15'),(1252,111,4,'2017-01-04 01:40:15','2017-01-04 01:40:15'),(1253,111,5,'2017-01-04 01:40:15','2017-01-04 01:40:15'),(1254,111,6,'2017-01-04 01:40:15','2017-01-04 01:40:15'),(1255,111,2,'2017-01-04 01:40:15','2017-01-04 01:40:15'),(1256,111,7,'2017-01-04 01:40:15','2017-01-04 01:40:15'),(1257,111,8,'2017-01-04 01:40:15','2017-01-04 01:40:15'),(1258,111,1,'2017-01-04 01:40:15','2017-01-04 01:40:15'),(1259,112,1,'2017-01-04 01:40:17','2017-01-04 01:40:17'),(1260,112,2,'2017-01-04 01:40:17','2017-01-04 01:40:17'),(1261,112,3,'2017-01-04 01:40:17','2017-01-04 01:40:17'),(1262,112,3,'2017-01-04 01:40:17','2017-01-04 01:40:17'),(1263,112,3,'2017-01-04 01:40:17','2017-01-04 01:40:17'),(1264,112,4,'2017-01-04 01:40:17','2017-01-04 01:40:17'),(1265,112,5,'2017-01-04 01:40:17','2017-01-04 01:40:17'),(1266,112,6,'2017-01-04 01:40:17','2017-01-04 01:40:17'),(1267,112,2,'2017-01-04 01:40:17','2017-01-04 01:40:17'),(1268,112,7,'2017-01-04 01:40:17','2017-01-04 01:40:17'),(1269,112,8,'2017-01-04 01:40:17','2017-01-04 01:40:17'),(1270,112,1,'2017-01-04 01:40:17','2017-01-04 01:40:17'),(1271,113,1,'2017-01-04 01:40:18','2017-01-04 01:40:18'),(1272,113,2,'2017-01-04 01:40:18','2017-01-04 01:40:18'),(1273,113,9,'2017-01-04 01:40:18','2017-01-04 01:40:18'),(1274,113,2,'2017-01-04 01:40:18','2017-01-04 01:40:18'),(1275,113,7,'2017-01-04 01:40:18','2017-01-04 01:40:18'),(1276,113,8,'2017-01-04 01:40:18','2017-01-04 01:40:18'),(1277,113,10,'2017-01-04 01:40:18','2017-01-04 01:40:18'),(1278,113,3,'2017-01-04 01:40:18','2017-01-04 01:40:18'),(1279,113,3,'2017-01-04 01:40:18','2017-01-04 01:40:18'),(1280,113,3,'2017-01-04 01:40:18','2017-01-04 01:40:18'),(1281,113,4,'2017-01-04 01:40:18','2017-01-04 01:40:18'),(1282,113,5,'2017-01-04 01:40:18','2017-01-04 01:40:18'),(1283,113,6,'2017-01-04 01:40:18','2017-01-04 01:40:18'),(1284,113,2,'2017-01-04 01:40:18','2017-01-04 01:40:18'),(1285,113,7,'2017-01-04 01:40:18','2017-01-04 01:40:18'),(1286,113,8,'2017-01-04 01:40:18','2017-01-04 01:40:18'),(1287,113,1,'2017-01-04 01:40:18','2017-01-04 01:40:18'),(1288,114,1,'2017-01-04 01:40:22','2017-01-04 01:40:22'),(1289,114,2,'2017-01-04 01:40:22','2017-01-04 01:40:22'),(1290,114,12,'2017-01-04 01:40:22','2017-01-04 01:40:22'),(1291,114,2,'2017-01-04 01:40:22','2017-01-04 01:40:22'),(1292,114,7,'2017-01-04 01:40:22','2017-01-04 01:40:22'),(1293,114,8,'2017-01-04 01:40:22','2017-01-04 01:40:22'),(1294,114,13,'2017-01-04 01:40:22','2017-01-04 01:40:22'),(1295,114,14,'2017-01-04 01:40:22','2017-01-04 01:40:22'),(1296,114,15,'2017-01-04 01:40:22','2017-01-04 01:40:22'),(1297,114,3,'2017-01-04 01:40:22','2017-01-04 01:40:22'),(1298,114,3,'2017-01-04 01:40:22','2017-01-04 01:40:22'),(1299,114,3,'2017-01-04 01:40:22','2017-01-04 01:40:22'),(1300,114,3,'2017-01-04 01:40:22','2017-01-04 01:40:22'),(1301,114,3,'2017-01-04 01:40:22','2017-01-04 01:40:22'),(1302,114,4,'2017-01-04 01:40:22','2017-01-04 01:40:22'),(1303,114,5,'2017-01-04 01:40:22','2017-01-04 01:40:22'),(1304,114,6,'2017-01-04 01:40:22','2017-01-04 01:40:22'),(1305,114,2,'2017-01-04 01:40:22','2017-01-04 01:40:22'),(1306,114,7,'2017-01-04 01:40:22','2017-01-04 01:40:22'),(1307,114,8,'2017-01-04 01:40:22','2017-01-04 01:40:22'),(1308,114,1,'2017-01-04 01:40:22','2017-01-04 01:40:22'),(1309,115,1,'2017-01-04 01:40:24','2017-01-04 01:40:24'),(1310,115,2,'2017-01-04 01:40:24','2017-01-04 01:40:24'),(1311,115,12,'2017-01-04 01:40:25','2017-01-04 01:40:25'),(1312,115,2,'2017-01-04 01:40:25','2017-01-04 01:40:25'),(1313,115,7,'2017-01-04 01:40:25','2017-01-04 01:40:25'),(1314,115,8,'2017-01-04 01:40:25','2017-01-04 01:40:25'),(1315,115,21,'2017-01-04 01:40:25','2017-01-04 01:40:25'),(1316,115,9,'2017-01-04 01:40:25','2017-01-04 01:40:25'),(1317,115,2,'2017-01-04 01:40:25','2017-01-04 01:40:25'),(1318,115,7,'2017-01-04 01:40:25','2017-01-04 01:40:25'),(1319,115,8,'2017-01-04 01:40:25','2017-01-04 01:40:25'),(1320,115,22,'2017-01-04 01:40:25','2017-01-04 01:40:25'),(1321,115,7,'2017-01-04 01:40:25','2017-01-04 01:40:25'),(1322,115,7,'2017-01-04 01:40:25','2017-01-04 01:40:25'),(1323,115,7,'2017-01-04 01:40:25','2017-01-04 01:40:25'),(1324,115,3,'2017-01-04 01:40:25','2017-01-04 01:40:25'),(1325,115,3,'2017-01-04 01:40:25','2017-01-04 01:40:25'),(1326,115,3,'2017-01-04 01:40:25','2017-01-04 01:40:25'),(1327,115,3,'2017-01-04 01:40:25','2017-01-04 01:40:25'),(1328,115,4,'2017-01-04 01:40:25','2017-01-04 01:40:25'),(1329,115,5,'2017-01-04 01:40:25','2017-01-04 01:40:25'),(1330,115,6,'2017-01-04 01:40:25','2017-01-04 01:40:25'),(1331,115,2,'2017-01-04 01:40:25','2017-01-04 01:40:25'),(1332,115,7,'2017-01-04 01:40:25','2017-01-04 01:40:25'),(1333,115,8,'2017-01-04 01:40:25','2017-01-04 01:40:25'),(1334,115,1,'2017-01-04 01:40:25','2017-01-04 01:40:25'),(1335,116,1,'2017-01-04 01:41:00','2017-01-04 01:41:00'),(1336,116,2,'2017-01-04 01:41:00','2017-01-04 01:41:00'),(1337,116,12,'2017-01-04 01:41:00','2017-01-04 01:41:00'),(1338,116,2,'2017-01-04 01:41:00','2017-01-04 01:41:00'),(1339,116,7,'2017-01-04 01:41:00','2017-01-04 01:41:00'),(1340,116,8,'2017-01-04 01:41:00','2017-01-04 01:41:00'),(1341,116,21,'2017-01-04 01:41:00','2017-01-04 01:41:00'),(1342,116,9,'2017-01-04 01:41:00','2017-01-04 01:41:00'),(1343,116,2,'2017-01-04 01:41:00','2017-01-04 01:41:00'),(1344,116,7,'2017-01-04 01:41:00','2017-01-04 01:41:00'),(1345,116,8,'2017-01-04 01:41:00','2017-01-04 01:41:00'),(1346,116,22,'2017-01-04 01:41:00','2017-01-04 01:41:00'),(1347,116,7,'2017-01-04 01:41:00','2017-01-04 01:41:00'),(1348,116,7,'2017-01-04 01:41:00','2017-01-04 01:41:00'),(1349,116,7,'2017-01-04 01:41:00','2017-01-04 01:41:00'),(1350,116,3,'2017-01-04 01:41:00','2017-01-04 01:41:00'),(1351,116,3,'2017-01-04 01:41:00','2017-01-04 01:41:00'),(1352,116,3,'2017-01-04 01:41:00','2017-01-04 01:41:00'),(1353,116,3,'2017-01-04 01:41:00','2017-01-04 01:41:00'),(1354,116,4,'2017-01-04 01:41:00','2017-01-04 01:41:00'),(1355,116,5,'2017-01-04 01:41:00','2017-01-04 01:41:00'),(1356,116,6,'2017-01-04 01:41:00','2017-01-04 01:41:00'),(1357,116,2,'2017-01-04 01:41:00','2017-01-04 01:41:00'),(1358,116,7,'2017-01-04 01:41:00','2017-01-04 01:41:00'),(1359,116,8,'2017-01-04 01:41:00','2017-01-04 01:41:00'),(1360,116,1,'2017-01-04 01:41:00','2017-01-04 01:41:00'),(1361,117,1,'2017-01-04 01:43:41','2017-01-04 01:43:41'),(1362,117,2,'2017-01-04 01:43:41','2017-01-04 01:43:41'),(1363,117,12,'2017-01-04 01:43:41','2017-01-04 01:43:41'),(1364,117,2,'2017-01-04 01:43:41','2017-01-04 01:43:41'),(1365,117,7,'2017-01-04 01:43:41','2017-01-04 01:43:41'),(1366,117,8,'2017-01-04 01:43:41','2017-01-04 01:43:41'),(1367,117,21,'2017-01-04 01:43:41','2017-01-04 01:43:41'),(1368,117,9,'2017-01-04 01:43:41','2017-01-04 01:43:41'),(1369,117,2,'2017-01-04 01:43:41','2017-01-04 01:43:41'),(1370,117,7,'2017-01-04 01:43:41','2017-01-04 01:43:41'),(1371,117,8,'2017-01-04 01:43:41','2017-01-04 01:43:41'),(1372,117,22,'2017-01-04 01:43:41','2017-01-04 01:43:41'),(1373,117,7,'2017-01-04 01:43:42','2017-01-04 01:43:42'),(1374,117,7,'2017-01-04 01:43:42','2017-01-04 01:43:42'),(1375,117,7,'2017-01-04 01:43:42','2017-01-04 01:43:42'),(1376,117,3,'2017-01-04 01:43:42','2017-01-04 01:43:42'),(1377,117,3,'2017-01-04 01:43:42','2017-01-04 01:43:42'),(1378,117,3,'2017-01-04 01:43:42','2017-01-04 01:43:42'),(1379,117,3,'2017-01-04 01:43:42','2017-01-04 01:43:42'),(1380,117,4,'2017-01-04 01:43:42','2017-01-04 01:43:42'),(1381,117,5,'2017-01-04 01:43:42','2017-01-04 01:43:42'),(1382,117,6,'2017-01-04 01:43:42','2017-01-04 01:43:42'),(1383,117,2,'2017-01-04 01:43:42','2017-01-04 01:43:42'),(1384,117,7,'2017-01-04 01:43:42','2017-01-04 01:43:42'),(1385,117,8,'2017-01-04 01:43:42','2017-01-04 01:43:42'),(1386,117,1,'2017-01-04 01:43:42','2017-01-04 01:43:42'),(1387,118,1,'2017-01-04 01:45:06','2017-01-04 01:45:06'),(1388,118,2,'2017-01-04 01:45:06','2017-01-04 01:45:06'),(1389,118,12,'2017-01-04 01:45:06','2017-01-04 01:45:06'),(1390,118,2,'2017-01-04 01:45:06','2017-01-04 01:45:06'),(1391,118,7,'2017-01-04 01:45:06','2017-01-04 01:45:06'),(1392,118,8,'2017-01-04 01:45:06','2017-01-04 01:45:06'),(1393,118,21,'2017-01-04 01:45:06','2017-01-04 01:45:06'),(1394,118,9,'2017-01-04 01:45:06','2017-01-04 01:45:06'),(1395,118,2,'2017-01-04 01:45:06','2017-01-04 01:45:06'),(1396,118,7,'2017-01-04 01:45:06','2017-01-04 01:45:06'),(1397,118,8,'2017-01-04 01:45:06','2017-01-04 01:45:06'),(1398,118,22,'2017-01-04 01:45:06','2017-01-04 01:45:06'),(1399,118,7,'2017-01-04 01:45:06','2017-01-04 01:45:06'),(1400,118,7,'2017-01-04 01:45:06','2017-01-04 01:45:06'),(1401,118,7,'2017-01-04 01:45:06','2017-01-04 01:45:06'),(1402,118,3,'2017-01-04 01:45:06','2017-01-04 01:45:06'),(1403,118,3,'2017-01-04 01:45:06','2017-01-04 01:45:06'),(1404,118,3,'2017-01-04 01:45:06','2017-01-04 01:45:06'),(1405,118,3,'2017-01-04 01:45:06','2017-01-04 01:45:06'),(1406,118,4,'2017-01-04 01:45:06','2017-01-04 01:45:06'),(1407,118,5,'2017-01-04 01:45:06','2017-01-04 01:45:06'),(1408,118,6,'2017-01-04 01:45:06','2017-01-04 01:45:06'),(1409,118,2,'2017-01-04 01:45:06','2017-01-04 01:45:06'),(1410,118,7,'2017-01-04 01:45:06','2017-01-04 01:45:06'),(1411,118,8,'2017-01-04 01:45:06','2017-01-04 01:45:06'),(1412,118,1,'2017-01-04 01:45:06','2017-01-04 01:45:06'),(1413,119,1,'2017-01-04 01:45:53','2017-01-04 01:45:53'),(1414,119,2,'2017-01-04 01:45:53','2017-01-04 01:45:53'),(1415,119,12,'2017-01-04 01:45:53','2017-01-04 01:45:53'),(1416,119,2,'2017-01-04 01:45:53','2017-01-04 01:45:53'),(1417,119,7,'2017-01-04 01:45:53','2017-01-04 01:45:53'),(1418,119,8,'2017-01-04 01:45:53','2017-01-04 01:45:53'),(1419,119,13,'2017-01-04 01:45:53','2017-01-04 01:45:53'),(1420,119,14,'2017-01-04 01:45:53','2017-01-04 01:45:53'),(1421,119,15,'2017-01-04 01:45:53','2017-01-04 01:45:53'),(1422,119,3,'2017-01-04 01:45:53','2017-01-04 01:45:53'),(1423,119,3,'2017-01-04 01:45:53','2017-01-04 01:45:53'),(1424,119,3,'2017-01-04 01:45:53','2017-01-04 01:45:53'),(1425,119,3,'2017-01-04 01:45:53','2017-01-04 01:45:53'),(1426,119,3,'2017-01-04 01:45:53','2017-01-04 01:45:53'),(1427,119,4,'2017-01-04 01:45:53','2017-01-04 01:45:53'),(1428,119,5,'2017-01-04 01:45:53','2017-01-04 01:45:53'),(1429,119,6,'2017-01-04 01:45:53','2017-01-04 01:45:53'),(1430,119,2,'2017-01-04 01:45:53','2017-01-04 01:45:53'),(1431,119,7,'2017-01-04 01:45:53','2017-01-04 01:45:53'),(1432,119,8,'2017-01-04 01:45:53','2017-01-04 01:45:53'),(1433,119,1,'2017-01-04 01:45:53','2017-01-04 01:45:53'),(1434,120,1,'2017-01-04 01:45:55','2017-01-04 01:45:55'),(1435,120,2,'2017-01-04 01:45:55','2017-01-04 01:45:55'),(1436,120,12,'2017-01-04 01:45:55','2017-01-04 01:45:55'),(1437,120,2,'2017-01-04 01:45:55','2017-01-04 01:45:55'),(1438,120,7,'2017-01-04 01:45:55','2017-01-04 01:45:55'),(1439,120,8,'2017-01-04 01:45:55','2017-01-04 01:45:55'),(1440,120,9,'2017-01-04 01:45:55','2017-01-04 01:45:55'),(1441,120,2,'2017-01-04 01:45:55','2017-01-04 01:45:55'),(1442,120,7,'2017-01-04 01:45:55','2017-01-04 01:45:55'),(1443,120,8,'2017-01-04 01:45:55','2017-01-04 01:45:55'),(1444,120,10,'2017-01-04 01:45:55','2017-01-04 01:45:55'),(1445,120,3,'2017-01-04 01:45:55','2017-01-04 01:45:55'),(1446,120,3,'2017-01-04 01:45:55','2017-01-04 01:45:55'),(1447,120,3,'2017-01-04 01:45:56','2017-01-04 01:45:56'),(1448,120,3,'2017-01-04 01:45:56','2017-01-04 01:45:56'),(1449,120,4,'2017-01-04 01:45:56','2017-01-04 01:45:56'),(1450,120,5,'2017-01-04 01:45:56','2017-01-04 01:45:56'),(1451,120,6,'2017-01-04 01:45:56','2017-01-04 01:45:56'),(1452,120,2,'2017-01-04 01:45:56','2017-01-04 01:45:56'),(1453,120,7,'2017-01-04 01:45:56','2017-01-04 01:45:56'),(1454,120,8,'2017-01-04 01:45:56','2017-01-04 01:45:56'),(1455,120,1,'2017-01-04 01:45:56','2017-01-04 01:45:56'),(1456,121,1,'2017-01-04 01:46:12','2017-01-04 01:46:12'),(1457,121,2,'2017-01-04 01:46:12','2017-01-04 01:46:12'),(1458,121,12,'2017-01-04 01:46:12','2017-01-04 01:46:12'),(1459,121,2,'2017-01-04 01:46:12','2017-01-04 01:46:12'),(1460,121,7,'2017-01-04 01:46:12','2017-01-04 01:46:12'),(1461,121,8,'2017-01-04 01:46:12','2017-01-04 01:46:12'),(1462,121,9,'2017-01-04 01:46:12','2017-01-04 01:46:12'),(1463,121,2,'2017-01-04 01:46:12','2017-01-04 01:46:12'),(1464,121,7,'2017-01-04 01:46:12','2017-01-04 01:46:12'),(1465,121,8,'2017-01-04 01:46:12','2017-01-04 01:46:12'),(1466,121,10,'2017-01-04 01:46:12','2017-01-04 01:46:12'),(1467,121,3,'2017-01-04 01:46:12','2017-01-04 01:46:12'),(1468,121,3,'2017-01-04 01:46:12','2017-01-04 01:46:12'),(1469,121,3,'2017-01-04 01:46:12','2017-01-04 01:46:12'),(1470,121,3,'2017-01-04 01:46:12','2017-01-04 01:46:12'),(1471,121,4,'2017-01-04 01:46:12','2017-01-04 01:46:12'),(1472,121,5,'2017-01-04 01:46:12','2017-01-04 01:46:12'),(1473,121,6,'2017-01-04 01:46:12','2017-01-04 01:46:12'),(1474,121,2,'2017-01-04 01:46:12','2017-01-04 01:46:12'),(1475,121,7,'2017-01-04 01:46:12','2017-01-04 01:46:12'),(1476,121,8,'2017-01-04 01:46:12','2017-01-04 01:46:12'),(1477,121,1,'2017-01-04 01:46:12','2017-01-04 01:46:12'),(1478,122,1,'2017-01-04 01:46:25','2017-01-04 01:46:25'),(1479,122,2,'2017-01-04 01:46:25','2017-01-04 01:46:25'),(1480,122,12,'2017-01-04 01:46:25','2017-01-04 01:46:25'),(1481,122,2,'2017-01-04 01:46:25','2017-01-04 01:46:25'),(1482,122,7,'2017-01-04 01:46:25','2017-01-04 01:46:25'),(1483,122,8,'2017-01-04 01:46:25','2017-01-04 01:46:25'),(1484,122,9,'2017-01-04 01:46:25','2017-01-04 01:46:25'),(1485,122,2,'2017-01-04 01:46:25','2017-01-04 01:46:25'),(1486,122,7,'2017-01-04 01:46:25','2017-01-04 01:46:25'),(1487,122,8,'2017-01-04 01:46:25','2017-01-04 01:46:25'),(1488,122,10,'2017-01-04 01:46:25','2017-01-04 01:46:25'),(1489,122,3,'2017-01-04 01:46:25','2017-01-04 01:46:25'),(1490,122,3,'2017-01-04 01:46:25','2017-01-04 01:46:25'),(1491,122,3,'2017-01-04 01:46:25','2017-01-04 01:46:25'),(1492,122,3,'2017-01-04 01:46:25','2017-01-04 01:46:25'),(1493,122,4,'2017-01-04 01:46:25','2017-01-04 01:46:25'),(1494,122,5,'2017-01-04 01:46:25','2017-01-04 01:46:25'),(1495,122,6,'2017-01-04 01:46:25','2017-01-04 01:46:25'),(1496,122,2,'2017-01-04 01:46:25','2017-01-04 01:46:25'),(1497,122,7,'2017-01-04 01:46:25','2017-01-04 01:46:25'),(1498,122,8,'2017-01-04 01:46:25','2017-01-04 01:46:25'),(1499,122,1,'2017-01-04 01:46:25','2017-01-04 01:46:25'),(1500,123,1,'2017-01-04 01:46:49','2017-01-04 01:46:49'),(1501,123,2,'2017-01-04 01:46:49','2017-01-04 01:46:49'),(1502,123,12,'2017-01-04 01:46:49','2017-01-04 01:46:49'),(1503,123,2,'2017-01-04 01:46:49','2017-01-04 01:46:49'),(1504,123,7,'2017-01-04 01:46:49','2017-01-04 01:46:49'),(1505,123,8,'2017-01-04 01:46:49','2017-01-04 01:46:49'),(1506,123,9,'2017-01-04 01:46:49','2017-01-04 01:46:49'),(1507,123,2,'2017-01-04 01:46:49','2017-01-04 01:46:49'),(1508,123,7,'2017-01-04 01:46:49','2017-01-04 01:46:49'),(1509,123,8,'2017-01-04 01:46:49','2017-01-04 01:46:49'),(1510,123,10,'2017-01-04 01:46:49','2017-01-04 01:46:49'),(1511,123,3,'2017-01-04 01:46:49','2017-01-04 01:46:49'),(1512,123,3,'2017-01-04 01:46:49','2017-01-04 01:46:49'),(1513,123,3,'2017-01-04 01:46:49','2017-01-04 01:46:49'),(1514,123,3,'2017-01-04 01:46:49','2017-01-04 01:46:49'),(1515,123,4,'2017-01-04 01:46:49','2017-01-04 01:46:49'),(1516,123,5,'2017-01-04 01:46:49','2017-01-04 01:46:49'),(1517,123,6,'2017-01-04 01:46:49','2017-01-04 01:46:49'),(1518,123,2,'2017-01-04 01:46:49','2017-01-04 01:46:49'),(1519,123,7,'2017-01-04 01:46:49','2017-01-04 01:46:49'),(1520,123,8,'2017-01-04 01:46:49','2017-01-04 01:46:49'),(1521,123,1,'2017-01-04 01:46:49','2017-01-04 01:46:49'),(1522,124,1,'2017-01-04 01:51:40','2017-01-04 01:51:40'),(1523,124,2,'2017-01-04 01:51:40','2017-01-04 01:51:40'),(1524,124,12,'2017-01-04 01:51:40','2017-01-04 01:51:40'),(1525,124,2,'2017-01-04 01:51:40','2017-01-04 01:51:40'),(1526,124,7,'2017-01-04 01:51:40','2017-01-04 01:51:40'),(1527,124,8,'2017-01-04 01:51:40','2017-01-04 01:51:40'),(1528,124,9,'2017-01-04 01:51:40','2017-01-04 01:51:40'),(1529,124,2,'2017-01-04 01:51:40','2017-01-04 01:51:40'),(1530,124,7,'2017-01-04 01:51:40','2017-01-04 01:51:40'),(1531,124,8,'2017-01-04 01:51:40','2017-01-04 01:51:40'),(1532,124,10,'2017-01-04 01:51:40','2017-01-04 01:51:40'),(1533,124,3,'2017-01-04 01:51:40','2017-01-04 01:51:40'),(1534,124,3,'2017-01-04 01:51:40','2017-01-04 01:51:40'),(1535,124,3,'2017-01-04 01:51:40','2017-01-04 01:51:40'),(1536,124,3,'2017-01-04 01:51:40','2017-01-04 01:51:40'),(1537,124,4,'2017-01-04 01:51:40','2017-01-04 01:51:40'),(1538,124,5,'2017-01-04 01:51:41','2017-01-04 01:51:41'),(1539,124,6,'2017-01-04 01:51:41','2017-01-04 01:51:41'),(1540,124,2,'2017-01-04 01:51:41','2017-01-04 01:51:41'),(1541,124,7,'2017-01-04 01:51:41','2017-01-04 01:51:41'),(1542,124,8,'2017-01-04 01:51:41','2017-01-04 01:51:41'),(1543,124,1,'2017-01-04 01:51:41','2017-01-04 01:51:41'),(1544,125,1,'2017-01-04 01:58:32','2017-01-04 01:58:32'),(1545,125,2,'2017-01-04 01:58:32','2017-01-04 01:58:32'),(1546,125,12,'2017-01-04 01:58:32','2017-01-04 01:58:32'),(1547,125,2,'2017-01-04 01:58:32','2017-01-04 01:58:32'),(1548,125,7,'2017-01-04 01:58:32','2017-01-04 01:58:32'),(1549,125,8,'2017-01-04 01:58:32','2017-01-04 01:58:32'),(1550,125,9,'2017-01-04 01:58:32','2017-01-04 01:58:32'),(1551,125,2,'2017-01-04 01:58:32','2017-01-04 01:58:32'),(1552,125,7,'2017-01-04 01:58:32','2017-01-04 01:58:32'),(1553,125,8,'2017-01-04 01:58:32','2017-01-04 01:58:32'),(1554,125,10,'2017-01-04 01:58:32','2017-01-04 01:58:32'),(1555,125,3,'2017-01-04 01:58:32','2017-01-04 01:58:32'),(1556,125,3,'2017-01-04 01:58:32','2017-01-04 01:58:32'),(1557,125,3,'2017-01-04 01:58:32','2017-01-04 01:58:32'),(1558,125,3,'2017-01-04 01:58:32','2017-01-04 01:58:32'),(1559,125,4,'2017-01-04 01:58:32','2017-01-04 01:58:32'),(1560,125,5,'2017-01-04 01:58:32','2017-01-04 01:58:32'),(1561,125,6,'2017-01-04 01:58:32','2017-01-04 01:58:32'),(1562,125,2,'2017-01-04 01:58:32','2017-01-04 01:58:32'),(1563,125,7,'2017-01-04 01:58:32','2017-01-04 01:58:32'),(1564,125,8,'2017-01-04 01:58:32','2017-01-04 01:58:32'),(1565,125,1,'2017-01-04 01:58:32','2017-01-04 01:58:32'),(1566,126,1,'2017-01-04 01:58:44','2017-01-04 01:58:44'),(1567,126,2,'2017-01-04 01:58:44','2017-01-04 01:58:44'),(1568,126,12,'2017-01-04 01:58:44','2017-01-04 01:58:44'),(1569,126,2,'2017-01-04 01:58:44','2017-01-04 01:58:44'),(1570,126,7,'2017-01-04 01:58:44','2017-01-04 01:58:44'),(1571,126,8,'2017-01-04 01:58:44','2017-01-04 01:58:44'),(1572,126,9,'2017-01-04 01:58:44','2017-01-04 01:58:44'),(1573,126,2,'2017-01-04 01:58:44','2017-01-04 01:58:44'),(1574,126,7,'2017-01-04 01:58:44','2017-01-04 01:58:44'),(1575,126,8,'2017-01-04 01:58:44','2017-01-04 01:58:44'),(1576,126,10,'2017-01-04 01:58:44','2017-01-04 01:58:44'),(1577,126,3,'2017-01-04 01:58:44','2017-01-04 01:58:44'),(1578,126,3,'2017-01-04 01:58:44','2017-01-04 01:58:44'),(1579,126,3,'2017-01-04 01:58:44','2017-01-04 01:58:44'),(1580,126,3,'2017-01-04 01:58:44','2017-01-04 01:58:44'),(1581,126,4,'2017-01-04 01:58:44','2017-01-04 01:58:44'),(1582,126,5,'2017-01-04 01:58:44','2017-01-04 01:58:44'),(1583,126,6,'2017-01-04 01:58:44','2017-01-04 01:58:44'),(1584,126,2,'2017-01-04 01:58:44','2017-01-04 01:58:44'),(1585,126,7,'2017-01-04 01:58:44','2017-01-04 01:58:44'),(1586,126,8,'2017-01-04 01:58:44','2017-01-04 01:58:44'),(1587,126,1,'2017-01-04 01:58:44','2017-01-04 01:58:44'),(1588,127,1,'2017-01-04 02:15:29','2017-01-04 02:15:29'),(1589,127,2,'2017-01-04 02:15:29','2017-01-04 02:15:29'),(1590,127,12,'2017-01-04 02:15:29','2017-01-04 02:15:29'),(1591,127,2,'2017-01-04 02:15:29','2017-01-04 02:15:29'),(1592,127,7,'2017-01-04 02:15:29','2017-01-04 02:15:29'),(1593,127,8,'2017-01-04 02:15:29','2017-01-04 02:15:29'),(1594,127,9,'2017-01-04 02:15:29','2017-01-04 02:15:29'),(1595,127,2,'2017-01-04 02:15:29','2017-01-04 02:15:29'),(1596,127,7,'2017-01-04 02:15:29','2017-01-04 02:15:29'),(1597,127,8,'2017-01-04 02:15:29','2017-01-04 02:15:29'),(1598,127,10,'2017-01-04 02:15:29','2017-01-04 02:15:29'),(1599,127,3,'2017-01-04 02:15:29','2017-01-04 02:15:29'),(1600,127,3,'2017-01-04 02:15:29','2017-01-04 02:15:29'),(1601,127,3,'2017-01-04 02:15:30','2017-01-04 02:15:30'),(1602,127,3,'2017-01-04 02:15:30','2017-01-04 02:15:30'),(1603,127,4,'2017-01-04 02:15:30','2017-01-04 02:15:30'),(1604,127,5,'2017-01-04 02:15:30','2017-01-04 02:15:30'),(1605,127,6,'2017-01-04 02:15:30','2017-01-04 02:15:30'),(1606,127,2,'2017-01-04 02:15:30','2017-01-04 02:15:30'),(1607,127,7,'2017-01-04 02:15:30','2017-01-04 02:15:30'),(1608,127,8,'2017-01-04 02:15:30','2017-01-04 02:15:30'),(1609,127,1,'2017-01-04 02:15:30','2017-01-04 02:15:30'),(1610,128,1,'2017-01-04 02:15:40','2017-01-04 02:15:40'),(1611,128,2,'2017-01-04 02:15:40','2017-01-04 02:15:40'),(1612,128,12,'2017-01-04 02:15:40','2017-01-04 02:15:40'),(1613,128,2,'2017-01-04 02:15:40','2017-01-04 02:15:40'),(1614,128,7,'2017-01-04 02:15:40','2017-01-04 02:15:40'),(1615,128,8,'2017-01-04 02:15:40','2017-01-04 02:15:40'),(1616,128,13,'2017-01-04 02:15:40','2017-01-04 02:15:40'),(1617,128,14,'2017-01-04 02:15:40','2017-01-04 02:15:40'),(1618,128,15,'2017-01-04 02:15:40','2017-01-04 02:15:40'),(1619,128,3,'2017-01-04 02:15:40','2017-01-04 02:15:40'),(1620,128,3,'2017-01-04 02:15:41','2017-01-04 02:15:41'),(1621,128,3,'2017-01-04 02:15:41','2017-01-04 02:15:41'),(1622,128,3,'2017-01-04 02:15:41','2017-01-04 02:15:41'),(1623,128,3,'2017-01-04 02:15:41','2017-01-04 02:15:41'),(1624,128,4,'2017-01-04 02:15:41','2017-01-04 02:15:41'),(1625,128,5,'2017-01-04 02:15:41','2017-01-04 02:15:41'),(1626,128,6,'2017-01-04 02:15:41','2017-01-04 02:15:41'),(1627,128,2,'2017-01-04 02:15:41','2017-01-04 02:15:41'),(1628,128,7,'2017-01-04 02:15:41','2017-01-04 02:15:41'),(1629,128,8,'2017-01-04 02:15:41','2017-01-04 02:15:41'),(1630,128,1,'2017-01-04 02:15:41','2017-01-04 02:15:41'),(1631,129,1,'2017-01-04 02:15:43','2017-01-04 02:15:43'),(1632,129,2,'2017-01-04 02:15:43','2017-01-04 02:15:43'),(1633,129,9,'2017-01-04 02:15:43','2017-01-04 02:15:43'),(1634,129,2,'2017-01-04 02:15:43','2017-01-04 02:15:43'),(1635,129,7,'2017-01-04 02:15:43','2017-01-04 02:15:43'),(1636,129,8,'2017-01-04 02:15:43','2017-01-04 02:15:43'),(1637,129,10,'2017-01-04 02:15:43','2017-01-04 02:15:43'),(1638,130,1,'2017-01-04 02:17:14','2017-01-04 02:17:14'),(1639,130,2,'2017-01-04 02:17:14','2017-01-04 02:17:14'),(1640,130,9,'2017-01-04 02:17:14','2017-01-04 02:17:14'),(1641,130,2,'2017-01-04 02:17:14','2017-01-04 02:17:14'),(1642,130,7,'2017-01-04 02:17:14','2017-01-04 02:17:14'),(1643,130,8,'2017-01-04 02:17:14','2017-01-04 02:17:14'),(1644,130,10,'2017-01-04 02:17:14','2017-01-04 02:17:14'),(1645,131,1,'2017-01-04 02:17:46','2017-01-04 02:17:46'),(1646,131,2,'2017-01-04 02:17:46','2017-01-04 02:17:46'),(1647,131,9,'2017-01-04 02:17:46','2017-01-04 02:17:46'),(1648,131,2,'2017-01-04 02:17:46','2017-01-04 02:17:46'),(1649,131,7,'2017-01-04 02:17:46','2017-01-04 02:17:46'),(1650,131,8,'2017-01-04 02:17:46','2017-01-04 02:17:46'),(1651,131,10,'2017-01-04 02:17:46','2017-01-04 02:17:46'),(1652,132,1,'2017-01-04 02:19:04','2017-01-04 02:19:04'),(1653,132,2,'2017-01-04 02:19:04','2017-01-04 02:19:04'),(1654,132,9,'2017-01-04 02:19:04','2017-01-04 02:19:04'),(1655,132,2,'2017-01-04 02:19:04','2017-01-04 02:19:04'),(1656,132,7,'2017-01-04 02:19:04','2017-01-04 02:19:04'),(1657,132,8,'2017-01-04 02:19:04','2017-01-04 02:19:04'),(1658,132,10,'2017-01-04 02:19:04','2017-01-04 02:19:04'),(1659,133,1,'2017-01-04 02:19:45','2017-01-04 02:19:45'),(1660,133,2,'2017-01-04 02:19:45','2017-01-04 02:19:45'),(1661,133,9,'2017-01-04 02:19:45','2017-01-04 02:19:45'),(1662,133,2,'2017-01-04 02:19:45','2017-01-04 02:19:45'),(1663,133,7,'2017-01-04 02:19:45','2017-01-04 02:19:45'),(1664,133,8,'2017-01-04 02:19:45','2017-01-04 02:19:45'),(1665,133,10,'2017-01-04 02:19:45','2017-01-04 02:19:45'),(1666,134,1,'2017-01-04 02:21:38','2017-01-04 02:21:38'),(1667,134,2,'2017-01-04 02:21:38','2017-01-04 02:21:38'),(1668,134,9,'2017-01-04 02:21:38','2017-01-04 02:21:38'),(1669,134,2,'2017-01-04 02:21:38','2017-01-04 02:21:38'),(1670,134,7,'2017-01-04 02:21:38','2017-01-04 02:21:38'),(1671,134,8,'2017-01-04 02:21:38','2017-01-04 02:21:38'),(1672,134,10,'2017-01-04 02:21:38','2017-01-04 02:21:38'),(1673,135,1,'2017-01-04 02:21:40','2017-01-04 02:21:40'),(1674,135,2,'2017-01-04 02:21:40','2017-01-04 02:21:40'),(1675,135,9,'2017-01-04 02:21:40','2017-01-04 02:21:40'),(1676,135,2,'2017-01-04 02:21:40','2017-01-04 02:21:40'),(1677,135,7,'2017-01-04 02:21:40','2017-01-04 02:21:40'),(1678,135,8,'2017-01-04 02:21:40','2017-01-04 02:21:40'),(1679,135,10,'2017-01-04 02:21:40','2017-01-04 02:21:40'),(1680,136,1,'2017-01-04 02:21:51','2017-01-04 02:21:51'),(1681,136,2,'2017-01-04 02:21:51','2017-01-04 02:21:51'),(1682,136,9,'2017-01-04 02:21:51','2017-01-04 02:21:51'),(1683,136,2,'2017-01-04 02:21:51','2017-01-04 02:21:51'),(1684,136,7,'2017-01-04 02:21:51','2017-01-04 02:21:51'),(1685,136,8,'2017-01-04 02:21:51','2017-01-04 02:21:51'),(1686,136,10,'2017-01-04 02:21:51','2017-01-04 02:21:51'),(1687,137,1,'2017-01-04 02:21:53','2017-01-04 02:21:53'),(1688,137,2,'2017-01-04 02:21:53','2017-01-04 02:21:53'),(1689,137,9,'2017-01-04 02:21:53','2017-01-04 02:21:53'),(1690,137,2,'2017-01-04 02:21:53','2017-01-04 02:21:53'),(1691,137,7,'2017-01-04 02:21:53','2017-01-04 02:21:53'),(1692,137,8,'2017-01-04 02:21:53','2017-01-04 02:21:53'),(1693,137,10,'2017-01-04 02:21:53','2017-01-04 02:21:53'),(1694,138,1,'2017-01-04 02:21:55','2017-01-04 02:21:55'),(1695,138,2,'2017-01-04 02:21:55','2017-01-04 02:21:55'),(1696,138,12,'2017-01-04 02:21:55','2017-01-04 02:21:55'),(1697,138,2,'2017-01-04 02:21:55','2017-01-04 02:21:55'),(1698,138,7,'2017-01-04 02:21:55','2017-01-04 02:21:55'),(1699,138,8,'2017-01-04 02:21:55','2017-01-04 02:21:55'),(1700,138,21,'2017-01-04 02:21:55','2017-01-04 02:21:55'),(1701,138,9,'2017-01-04 02:21:55','2017-01-04 02:21:55'),(1702,138,2,'2017-01-04 02:21:55','2017-01-04 02:21:55'),(1703,138,7,'2017-01-04 02:21:55','2017-01-04 02:21:55'),(1704,138,8,'2017-01-04 02:21:55','2017-01-04 02:21:55'),(1705,138,22,'2017-01-04 02:21:55','2017-01-04 02:21:55'),(1706,138,7,'2017-01-04 02:21:55','2017-01-04 02:21:55'),(1707,138,7,'2017-01-04 02:21:55','2017-01-04 02:21:55'),(1708,138,7,'2017-01-04 02:21:55','2017-01-04 02:21:55'),(1709,138,3,'2017-01-04 02:21:55','2017-01-04 02:21:55'),(1710,138,3,'2017-01-04 02:21:55','2017-01-04 02:21:55'),(1711,138,3,'2017-01-04 02:21:55','2017-01-04 02:21:55'),(1712,138,3,'2017-01-04 02:21:55','2017-01-04 02:21:55'),(1713,138,4,'2017-01-04 02:21:55','2017-01-04 02:21:55'),(1714,138,5,'2017-01-04 02:21:55','2017-01-04 02:21:55'),(1715,138,6,'2017-01-04 02:21:55','2017-01-04 02:21:55'),(1716,138,2,'2017-01-04 02:21:55','2017-01-04 02:21:55'),(1717,138,7,'2017-01-04 02:21:55','2017-01-04 02:21:55'),(1718,138,8,'2017-01-04 02:21:55','2017-01-04 02:21:55'),(1719,138,1,'2017-01-04 02:21:55','2017-01-04 02:21:55'),(1720,139,1,'2017-01-04 02:21:57','2017-01-04 02:21:57'),(1721,139,2,'2017-01-04 02:21:57','2017-01-04 02:21:57'),(1722,139,12,'2017-01-04 02:21:57','2017-01-04 02:21:57'),(1723,139,2,'2017-01-04 02:21:57','2017-01-04 02:21:57'),(1724,139,7,'2017-01-04 02:21:57','2017-01-04 02:21:57'),(1725,139,8,'2017-01-04 02:21:57','2017-01-04 02:21:57'),(1726,139,13,'2017-01-04 02:21:57','2017-01-04 02:21:57'),(1727,139,14,'2017-01-04 02:21:57','2017-01-04 02:21:57'),(1728,139,15,'2017-01-04 02:21:57','2017-01-04 02:21:57'),(1729,139,3,'2017-01-04 02:21:57','2017-01-04 02:21:57'),(1730,139,3,'2017-01-04 02:21:57','2017-01-04 02:21:57'),(1731,139,3,'2017-01-04 02:21:57','2017-01-04 02:21:57'),(1732,139,3,'2017-01-04 02:21:57','2017-01-04 02:21:57'),(1733,139,3,'2017-01-04 02:21:57','2017-01-04 02:21:57'),(1734,139,4,'2017-01-04 02:21:57','2017-01-04 02:21:57'),(1735,139,5,'2017-01-04 02:21:57','2017-01-04 02:21:57'),(1736,139,6,'2017-01-04 02:21:57','2017-01-04 02:21:57'),(1737,139,2,'2017-01-04 02:21:57','2017-01-04 02:21:57'),(1738,139,7,'2017-01-04 02:21:57','2017-01-04 02:21:57'),(1739,139,8,'2017-01-04 02:21:57','2017-01-04 02:21:57'),(1740,139,1,'2017-01-04 02:21:57','2017-01-04 02:21:57'),(1741,140,1,'2017-01-04 02:21:57','2017-01-04 02:21:57'),(1742,140,2,'2017-01-04 02:21:57','2017-01-04 02:21:57'),(1743,140,9,'2017-01-04 02:21:57','2017-01-04 02:21:57'),(1744,140,2,'2017-01-04 02:21:57','2017-01-04 02:21:57'),(1745,140,7,'2017-01-04 02:21:57','2017-01-04 02:21:57'),(1746,140,8,'2017-01-04 02:21:57','2017-01-04 02:21:57'),(1747,140,10,'2017-01-04 02:21:57','2017-01-04 02:21:57'),(1748,141,1,'2017-01-04 02:22:48','2017-01-04 02:22:48'),(1749,141,2,'2017-01-04 02:22:48','2017-01-04 02:22:48'),(1750,141,9,'2017-01-04 02:22:48','2017-01-04 02:22:48'),(1751,141,2,'2017-01-04 02:22:48','2017-01-04 02:22:48'),(1752,141,7,'2017-01-04 02:22:48','2017-01-04 02:22:48'),(1753,141,8,'2017-01-04 02:22:48','2017-01-04 02:22:48'),(1754,141,10,'2017-01-04 02:22:48','2017-01-04 02:22:48'),(1755,141,3,'2017-01-04 02:22:48','2017-01-04 02:22:48'),(1756,141,3,'2017-01-04 02:22:48','2017-01-04 02:22:48'),(1757,141,3,'2017-01-04 02:22:48','2017-01-04 02:22:48'),(1758,141,4,'2017-01-04 02:22:48','2017-01-04 02:22:48'),(1759,141,5,'2017-01-04 02:22:48','2017-01-04 02:22:48'),(1760,141,6,'2017-01-04 02:22:48','2017-01-04 02:22:48'),(1761,141,2,'2017-01-04 02:22:48','2017-01-04 02:22:48'),(1762,141,7,'2017-01-04 02:22:48','2017-01-04 02:22:48'),(1763,141,8,'2017-01-04 02:22:48','2017-01-04 02:22:48'),(1764,141,1,'2017-01-04 02:22:48','2017-01-04 02:22:48'),(1765,142,1,'2017-01-04 02:22:56','2017-01-04 02:22:56'),(1766,143,1,'2017-01-04 02:23:00','2017-01-04 02:23:00'),(1767,143,11,'2017-01-04 02:23:00','2017-01-04 02:23:00'),(1768,144,1,'2017-01-04 02:23:00','2017-01-04 02:23:00'),(1769,144,2,'2017-01-04 02:23:00','2017-01-04 02:23:00'),(1770,144,3,'2017-01-04 02:23:00','2017-01-04 02:23:00'),(1771,144,3,'2017-01-04 02:23:00','2017-01-04 02:23:00'),(1772,144,3,'2017-01-04 02:23:00','2017-01-04 02:23:00'),(1773,144,4,'2017-01-04 02:23:00','2017-01-04 02:23:00'),(1774,144,5,'2017-01-04 02:23:00','2017-01-04 02:23:00'),(1775,144,6,'2017-01-04 02:23:00','2017-01-04 02:23:00'),(1776,144,2,'2017-01-04 02:23:00','2017-01-04 02:23:00'),(1777,144,7,'2017-01-04 02:23:00','2017-01-04 02:23:00'),(1778,144,8,'2017-01-04 02:23:00','2017-01-04 02:23:00'),(1779,144,1,'2017-01-04 02:23:00','2017-01-04 02:23:00'),(1780,145,1,'2017-01-04 02:23:58','2017-01-04 02:23:58'),(1781,145,2,'2017-01-04 02:23:58','2017-01-04 02:23:58'),(1782,145,9,'2017-01-04 02:23:58','2017-01-04 02:23:58'),(1783,145,2,'2017-01-04 02:23:58','2017-01-04 02:23:58'),(1784,145,7,'2017-01-04 02:23:58','2017-01-04 02:23:58'),(1785,145,8,'2017-01-04 02:23:58','2017-01-04 02:23:58'),(1786,145,10,'2017-01-04 02:23:58','2017-01-04 02:23:58'),(1787,145,3,'2017-01-04 02:23:58','2017-01-04 02:23:58'),(1788,145,3,'2017-01-04 02:23:58','2017-01-04 02:23:58'),(1789,145,3,'2017-01-04 02:23:59','2017-01-04 02:23:59'),(1790,145,4,'2017-01-04 02:23:59','2017-01-04 02:23:59'),(1791,145,5,'2017-01-04 02:23:59','2017-01-04 02:23:59'),(1792,145,6,'2017-01-04 02:23:59','2017-01-04 02:23:59'),(1793,145,2,'2017-01-04 02:23:59','2017-01-04 02:23:59'),(1794,145,7,'2017-01-04 02:23:59','2017-01-04 02:23:59'),(1795,145,8,'2017-01-04 02:23:59','2017-01-04 02:23:59'),(1796,145,1,'2017-01-04 02:23:59','2017-01-04 02:23:59'),(1797,146,1,'2017-01-04 02:24:18','2017-01-04 02:24:18'),(1798,146,2,'2017-01-04 02:24:18','2017-01-04 02:24:18'),(1799,146,9,'2017-01-04 02:24:18','2017-01-04 02:24:18'),(1800,146,2,'2017-01-04 02:24:18','2017-01-04 02:24:18'),(1801,146,7,'2017-01-04 02:24:18','2017-01-04 02:24:18'),(1802,146,8,'2017-01-04 02:24:18','2017-01-04 02:24:18'),(1803,146,10,'2017-01-04 02:24:18','2017-01-04 02:24:18'),(1804,146,3,'2017-01-04 02:24:18','2017-01-04 02:24:18'),(1805,146,3,'2017-01-04 02:24:18','2017-01-04 02:24:18'),(1806,146,3,'2017-01-04 02:24:18','2017-01-04 02:24:18'),(1807,146,4,'2017-01-04 02:24:18','2017-01-04 02:24:18'),(1808,146,5,'2017-01-04 02:24:18','2017-01-04 02:24:18'),(1809,146,6,'2017-01-04 02:24:18','2017-01-04 02:24:18'),(1810,146,2,'2017-01-04 02:24:18','2017-01-04 02:24:18'),(1811,146,7,'2017-01-04 02:24:18','2017-01-04 02:24:18'),(1812,146,8,'2017-01-04 02:24:18','2017-01-04 02:24:18'),(1813,146,1,'2017-01-04 02:24:18','2017-01-04 02:24:18'),(1814,147,1,'2017-01-04 02:28:19','2017-01-04 02:28:19'),(1815,147,2,'2017-01-04 02:28:19','2017-01-04 02:28:19'),(1816,147,16,'2017-01-04 02:28:19','2017-01-04 02:28:19'),(1817,148,1,'2017-01-04 02:28:21','2017-01-04 02:28:21'),(1818,149,1,'2017-01-04 02:28:26','2017-01-04 02:28:26'),(1819,149,11,'2017-01-04 02:28:26','2017-01-04 02:28:26'),(1820,150,1,'2017-01-04 02:28:27','2017-01-04 02:28:27'),(1821,150,2,'2017-01-04 02:28:27','2017-01-04 02:28:27'),(1822,150,3,'2017-01-04 02:28:27','2017-01-04 02:28:27'),(1823,150,3,'2017-01-04 02:28:27','2017-01-04 02:28:27'),(1824,150,3,'2017-01-04 02:28:27','2017-01-04 02:28:27'),(1825,150,4,'2017-01-04 02:28:27','2017-01-04 02:28:27'),(1826,150,5,'2017-01-04 02:28:27','2017-01-04 02:28:27'),(1827,150,6,'2017-01-04 02:28:27','2017-01-04 02:28:27'),(1828,150,2,'2017-01-04 02:28:27','2017-01-04 02:28:27'),(1829,150,7,'2017-01-04 02:28:27','2017-01-04 02:28:27'),(1830,150,8,'2017-01-04 02:28:27','2017-01-04 02:28:27'),(1831,150,1,'2017-01-04 02:28:27','2017-01-04 02:28:27'),(1832,151,1,'2017-01-04 02:28:29','2017-01-04 02:28:29'),(1833,151,2,'2017-01-04 02:28:29','2017-01-04 02:28:29'),(1834,151,9,'2017-01-04 02:28:29','2017-01-04 02:28:29'),(1835,151,2,'2017-01-04 02:28:29','2017-01-04 02:28:29'),(1836,151,7,'2017-01-04 02:28:29','2017-01-04 02:28:29'),(1837,151,8,'2017-01-04 02:28:29','2017-01-04 02:28:29'),(1838,151,10,'2017-01-04 02:28:29','2017-01-04 02:28:29'),(1839,151,3,'2017-01-04 02:28:29','2017-01-04 02:28:29'),(1840,151,3,'2017-01-04 02:28:29','2017-01-04 02:28:29'),(1841,151,3,'2017-01-04 02:28:29','2017-01-04 02:28:29'),(1842,151,4,'2017-01-04 02:28:29','2017-01-04 02:28:29'),(1843,151,5,'2017-01-04 02:28:29','2017-01-04 02:28:29'),(1844,151,6,'2017-01-04 02:28:29','2017-01-04 02:28:29'),(1845,151,2,'2017-01-04 02:28:29','2017-01-04 02:28:29'),(1846,151,7,'2017-01-04 02:28:29','2017-01-04 02:28:29'),(1847,151,8,'2017-01-04 02:28:29','2017-01-04 02:28:29'),(1848,151,1,'2017-01-04 02:28:29','2017-01-04 02:28:29'),(1849,152,1,'2017-01-04 02:28:31','2017-01-04 02:28:31'),(1850,152,2,'2017-01-04 02:28:31','2017-01-04 02:28:31'),(1851,152,9,'2017-01-04 02:28:31','2017-01-04 02:28:31'),(1852,152,2,'2017-01-04 02:28:31','2017-01-04 02:28:31'),(1853,152,7,'2017-01-04 02:28:31','2017-01-04 02:28:31'),(1854,152,8,'2017-01-04 02:28:31','2017-01-04 02:28:31'),(1855,152,27,'2017-01-04 02:28:31','2017-01-04 02:28:31'),(1856,152,29,'2017-01-04 02:28:31','2017-01-04 02:28:31'),(1857,152,3,'2017-01-04 02:28:31','2017-01-04 02:28:31'),(1858,152,3,'2017-01-04 02:28:31','2017-01-04 02:28:31'),(1859,152,3,'2017-01-04 02:28:31','2017-01-04 02:28:31'),(1860,152,4,'2017-01-04 02:28:31','2017-01-04 02:28:31'),(1861,152,5,'2017-01-04 02:28:31','2017-01-04 02:28:31'),(1862,152,6,'2017-01-04 02:28:31','2017-01-04 02:28:31'),(1863,152,2,'2017-01-04 02:28:31','2017-01-04 02:28:31'),(1864,152,7,'2017-01-04 02:28:31','2017-01-04 02:28:31'),(1865,152,8,'2017-01-04 02:28:31','2017-01-04 02:28:31'),(1866,152,1,'2017-01-04 02:28:31','2017-01-04 02:28:31'),(1867,153,1,'2017-01-04 02:28:34','2017-01-04 02:28:34'),(1868,153,2,'2017-01-04 02:28:34','2017-01-04 02:28:34'),(1869,153,9,'2017-01-04 02:28:34','2017-01-04 02:28:34'),(1870,153,2,'2017-01-04 02:28:34','2017-01-04 02:28:34'),(1871,153,7,'2017-01-04 02:28:34','2017-01-04 02:28:34'),(1872,153,8,'2017-01-04 02:28:34','2017-01-04 02:28:34'),(1873,153,27,'2017-01-04 02:28:34','2017-01-04 02:28:34'),(1874,153,28,'2017-01-04 02:28:34','2017-01-04 02:28:34'),(1875,153,29,'2017-01-04 02:28:34','2017-01-04 02:28:34'),(1876,153,31,'2017-01-04 02:28:34','2017-01-04 02:28:34'),(1877,153,3,'2017-01-04 02:28:34','2017-01-04 02:28:34'),(1878,153,3,'2017-01-04 02:28:34','2017-01-04 02:28:34'),(1879,153,3,'2017-01-04 02:28:34','2017-01-04 02:28:34'),(1880,153,4,'2017-01-04 02:28:34','2017-01-04 02:28:34'),(1881,153,5,'2017-01-04 02:28:34','2017-01-04 02:28:34'),(1882,153,6,'2017-01-04 02:28:34','2017-01-04 02:28:34'),(1883,153,2,'2017-01-04 02:28:34','2017-01-04 02:28:34'),(1884,153,7,'2017-01-04 02:28:34','2017-01-04 02:28:34'),(1885,153,8,'2017-01-04 02:28:34','2017-01-04 02:28:34'),(1886,153,1,'2017-01-04 02:28:34','2017-01-04 02:28:34'),(1887,154,1,'2017-01-04 02:38:40','2017-01-04 02:38:40'),(1888,154,2,'2017-01-04 02:38:40','2017-01-04 02:38:40'),(1889,154,40,'2017-01-04 02:38:40','2017-01-04 02:38:40'),(1890,154,40,'2017-01-04 02:38:40','2017-01-04 02:38:40'),(1891,154,12,'2017-01-04 02:38:40','2017-01-04 02:38:40'),(1892,154,3,'2017-01-04 02:38:40','2017-01-04 02:38:40'),(1893,155,1,'2017-01-04 02:39:56','2017-01-04 02:39:56'),(1894,155,2,'2017-01-04 02:39:56','2017-01-04 02:39:56'),(1895,155,12,'2017-01-04 02:39:56','2017-01-04 02:39:56'),(1896,155,3,'2017-01-04 02:39:56','2017-01-04 02:39:56'),(1897,156,1,'2017-01-04 02:40:01','2017-01-04 02:40:01'),(1898,156,2,'2017-01-04 02:40:01','2017-01-04 02:40:01'),(1899,156,12,'2017-01-04 02:40:01','2017-01-04 02:40:01'),(1900,156,2,'2017-01-04 02:40:01','2017-01-04 02:40:01'),(1901,156,7,'2017-01-04 02:40:01','2017-01-04 02:40:01'),(1902,156,8,'2017-01-04 02:40:01','2017-01-04 02:40:01'),(1903,156,13,'2017-01-04 02:40:01','2017-01-04 02:40:01'),(1904,156,14,'2017-01-04 02:40:01','2017-01-04 02:40:01'),(1905,156,15,'2017-01-04 02:40:01','2017-01-04 02:40:01'),(1906,156,3,'2017-01-04 02:40:01','2017-01-04 02:40:01'),(1907,156,3,'2017-01-04 02:40:01','2017-01-04 02:40:01'),(1908,156,3,'2017-01-04 02:40:01','2017-01-04 02:40:01'),(1909,156,3,'2017-01-04 02:40:01','2017-01-04 02:40:01'),(1910,156,3,'2017-01-04 02:40:01','2017-01-04 02:40:01'),(1911,156,4,'2017-01-04 02:40:01','2017-01-04 02:40:01'),(1912,156,5,'2017-01-04 02:40:01','2017-01-04 02:40:01'),(1913,156,6,'2017-01-04 02:40:01','2017-01-04 02:40:01'),(1914,156,2,'2017-01-04 02:40:01','2017-01-04 02:40:01'),(1915,156,7,'2017-01-04 02:40:01','2017-01-04 02:40:01'),(1916,156,8,'2017-01-04 02:40:01','2017-01-04 02:40:01'),(1917,156,1,'2017-01-04 02:40:01','2017-01-04 02:40:01'),(1918,157,1,'2017-01-04 02:40:03','2017-01-04 02:40:03'),(1919,157,2,'2017-01-04 02:40:03','2017-01-04 02:40:03'),(1920,157,12,'2017-01-04 02:40:03','2017-01-04 02:40:03'),(1921,157,2,'2017-01-04 02:40:03','2017-01-04 02:40:03'),(1922,157,7,'2017-01-04 02:40:03','2017-01-04 02:40:03'),(1923,157,8,'2017-01-04 02:40:03','2017-01-04 02:40:03'),(1924,157,9,'2017-01-04 02:40:03','2017-01-04 02:40:03'),(1925,157,2,'2017-01-04 02:40:03','2017-01-04 02:40:03'),(1926,157,7,'2017-01-04 02:40:03','2017-01-04 02:40:03'),(1927,157,8,'2017-01-04 02:40:03','2017-01-04 02:40:03'),(1928,157,10,'2017-01-04 02:40:03','2017-01-04 02:40:03'),(1929,157,3,'2017-01-04 02:40:03','2017-01-04 02:40:03'),(1930,157,3,'2017-01-04 02:40:03','2017-01-04 02:40:03'),(1931,157,3,'2017-01-04 02:40:03','2017-01-04 02:40:03'),(1932,157,3,'2017-01-04 02:40:03','2017-01-04 02:40:03'),(1933,157,4,'2017-01-04 02:40:03','2017-01-04 02:40:03'),(1934,157,5,'2017-01-04 02:40:03','2017-01-04 02:40:03'),(1935,157,6,'2017-01-04 02:40:03','2017-01-04 02:40:03'),(1936,157,2,'2017-01-04 02:40:03','2017-01-04 02:40:03'),(1937,157,7,'2017-01-04 02:40:03','2017-01-04 02:40:03'),(1938,157,8,'2017-01-04 02:40:03','2017-01-04 02:40:03'),(1939,157,1,'2017-01-04 02:40:03','2017-01-04 02:40:03'),(1940,158,1,'2017-01-04 02:42:27','2017-01-04 02:42:27'),(1941,158,2,'2017-01-04 02:42:27','2017-01-04 02:42:27'),(1942,158,12,'2017-01-04 02:42:27','2017-01-04 02:42:27'),(1943,158,2,'2017-01-04 02:42:27','2017-01-04 02:42:27'),(1944,158,7,'2017-01-04 02:42:27','2017-01-04 02:42:27'),(1945,158,8,'2017-01-04 02:42:27','2017-01-04 02:42:27'),(1946,158,13,'2017-01-04 02:42:27','2017-01-04 02:42:27'),(1947,158,14,'2017-01-04 02:42:27','2017-01-04 02:42:27'),(1948,158,15,'2017-01-04 02:42:27','2017-01-04 02:42:27'),(1949,158,3,'2017-01-04 02:42:27','2017-01-04 02:42:27'),(1950,158,3,'2017-01-04 02:42:27','2017-01-04 02:42:27'),(1951,158,3,'2017-01-04 02:42:27','2017-01-04 02:42:27'),(1952,158,3,'2017-01-04 02:42:27','2017-01-04 02:42:27'),(1953,158,3,'2017-01-04 02:42:27','2017-01-04 02:42:27'),(1954,158,4,'2017-01-04 02:42:27','2017-01-04 02:42:27'),(1955,158,5,'2017-01-04 02:42:27','2017-01-04 02:42:27'),(1956,158,6,'2017-01-04 02:42:27','2017-01-04 02:42:27'),(1957,158,2,'2017-01-04 02:42:27','2017-01-04 02:42:27'),(1958,158,7,'2017-01-04 02:42:27','2017-01-04 02:42:27'),(1959,158,8,'2017-01-04 02:42:27','2017-01-04 02:42:27'),(1960,158,1,'2017-01-04 02:42:27','2017-01-04 02:42:27'),(1961,159,1,'2017-01-04 02:42:34','2017-01-04 02:42:34'),(1962,159,2,'2017-01-04 02:42:34','2017-01-04 02:42:34'),(1963,159,12,'2017-01-04 02:42:34','2017-01-04 02:42:34'),(1964,159,2,'2017-01-04 02:42:34','2017-01-04 02:42:34'),(1965,159,7,'2017-01-04 02:42:34','2017-01-04 02:42:34'),(1966,159,8,'2017-01-04 02:42:34','2017-01-04 02:42:34'),(1967,159,16,'2017-01-04 02:42:34','2017-01-04 02:42:34'),(1968,160,1,'2017-01-04 02:42:36','2017-01-04 02:42:36'),(1969,160,40,'2017-01-04 02:42:36','2017-01-04 02:42:36'),(1970,161,1,'2017-01-04 02:42:42','2017-01-04 02:42:42'),(1971,161,11,'2017-01-04 02:42:42','2017-01-04 02:42:42'),(1972,162,1,'2017-01-04 02:42:42','2017-01-04 02:42:42'),(1973,162,2,'2017-01-04 02:42:42','2017-01-04 02:42:42'),(1974,162,3,'2017-01-04 02:42:42','2017-01-04 02:42:42'),(1975,162,3,'2017-01-04 02:42:42','2017-01-04 02:42:42'),(1976,162,3,'2017-01-04 02:42:42','2017-01-04 02:42:42'),(1977,162,4,'2017-01-04 02:42:42','2017-01-04 02:42:42'),(1978,162,5,'2017-01-04 02:42:42','2017-01-04 02:42:42'),(1979,162,6,'2017-01-04 02:42:42','2017-01-04 02:42:42'),(1980,162,2,'2017-01-04 02:42:42','2017-01-04 02:42:42'),(1981,162,7,'2017-01-04 02:42:42','2017-01-04 02:42:42'),(1982,162,8,'2017-01-04 02:42:42','2017-01-04 02:42:42'),(1983,162,1,'2017-01-04 02:42:42','2017-01-04 02:42:42'),(1984,163,1,'2017-01-04 02:42:49','2017-01-04 02:42:49'),(1985,163,2,'2017-01-04 02:42:49','2017-01-04 02:42:49'),(1986,163,12,'2017-01-04 02:42:49','2017-01-04 02:42:49'),(1987,163,2,'2017-01-04 02:42:49','2017-01-04 02:42:49'),(1988,163,7,'2017-01-04 02:42:49','2017-01-04 02:42:49'),(1989,163,8,'2017-01-04 02:42:49','2017-01-04 02:42:49'),(1990,163,13,'2017-01-04 02:42:49','2017-01-04 02:42:49'),(1991,163,14,'2017-01-04 02:42:49','2017-01-04 02:42:49'),(1992,163,15,'2017-01-04 02:42:49','2017-01-04 02:42:49'),(1993,163,3,'2017-01-04 02:42:49','2017-01-04 02:42:49'),(1994,163,3,'2017-01-04 02:42:49','2017-01-04 02:42:49'),(1995,163,3,'2017-01-04 02:42:49','2017-01-04 02:42:49'),(1996,163,3,'2017-01-04 02:42:49','2017-01-04 02:42:49'),(1997,163,3,'2017-01-04 02:42:49','2017-01-04 02:42:49'),(1998,163,4,'2017-01-04 02:42:49','2017-01-04 02:42:49'),(1999,163,5,'2017-01-04 02:42:49','2017-01-04 02:42:49'),(2000,163,6,'2017-01-04 02:42:49','2017-01-04 02:42:49'),(2001,163,2,'2017-01-04 02:42:49','2017-01-04 02:42:49'),(2002,163,7,'2017-01-04 02:42:49','2017-01-04 02:42:49'),(2003,163,8,'2017-01-04 02:42:49','2017-01-04 02:42:49'),(2004,163,1,'2017-01-04 02:42:49','2017-01-04 02:42:49'),(2005,164,1,'2017-01-04 02:44:59','2017-01-04 02:44:59'),(2006,164,2,'2017-01-04 02:44:59','2017-01-04 02:44:59'),(2007,164,12,'2017-01-04 02:44:59','2017-01-04 02:44:59'),(2008,164,3,'2017-01-04 02:44:59','2017-01-04 02:44:59'),(2009,165,1,'2017-01-04 02:45:10','2017-01-04 02:45:10'),(2010,165,2,'2017-01-04 02:45:10','2017-01-04 02:45:10'),(2011,165,12,'2017-01-04 02:45:10','2017-01-04 02:45:10'),(2012,165,2,'2017-01-04 02:45:10','2017-01-04 02:45:10'),(2013,165,7,'2017-01-04 02:45:10','2017-01-04 02:45:10'),(2014,165,8,'2017-01-04 02:45:10','2017-01-04 02:45:10'),(2015,165,13,'2017-01-04 02:45:10','2017-01-04 02:45:10'),(2016,165,14,'2017-01-04 02:45:10','2017-01-04 02:45:10'),(2017,165,15,'2017-01-04 02:45:10','2017-01-04 02:45:10'),(2018,165,3,'2017-01-04 02:45:10','2017-01-04 02:45:10'),(2019,165,3,'2017-01-04 02:45:10','2017-01-04 02:45:10'),(2020,165,3,'2017-01-04 02:45:10','2017-01-04 02:45:10'),(2021,165,3,'2017-01-04 02:45:10','2017-01-04 02:45:10'),(2022,165,3,'2017-01-04 02:45:10','2017-01-04 02:45:10'),(2023,165,4,'2017-01-04 02:45:10','2017-01-04 02:45:10'),(2024,165,5,'2017-01-04 02:45:10','2017-01-04 02:45:10'),(2025,165,6,'2017-01-04 02:45:10','2017-01-04 02:45:10'),(2026,165,2,'2017-01-04 02:45:10','2017-01-04 02:45:10'),(2027,165,7,'2017-01-04 02:45:10','2017-01-04 02:45:10'),(2028,165,8,'2017-01-04 02:45:10','2017-01-04 02:45:10'),(2029,165,1,'2017-01-04 02:45:10','2017-01-04 02:45:10'),(2030,166,1,'2017-01-04 02:45:12','2017-01-04 02:45:12'),(2031,166,2,'2017-01-04 02:45:12','2017-01-04 02:45:12'),(2032,166,12,'2017-01-04 02:45:12','2017-01-04 02:45:12'),(2033,166,2,'2017-01-04 02:45:12','2017-01-04 02:45:12'),(2034,166,7,'2017-01-04 02:45:12','2017-01-04 02:45:12'),(2035,166,8,'2017-01-04 02:45:12','2017-01-04 02:45:12'),(2036,166,9,'2017-01-04 02:45:12','2017-01-04 02:45:12'),(2037,166,2,'2017-01-04 02:45:12','2017-01-04 02:45:12'),(2038,166,7,'2017-01-04 02:45:12','2017-01-04 02:45:12'),(2039,166,8,'2017-01-04 02:45:12','2017-01-04 02:45:12'),(2040,166,10,'2017-01-04 02:45:12','2017-01-04 02:45:12'),(2041,166,3,'2017-01-04 02:45:12','2017-01-04 02:45:12'),(2042,166,3,'2017-01-04 02:45:12','2017-01-04 02:45:12'),(2043,166,3,'2017-01-04 02:45:12','2017-01-04 02:45:12'),(2044,166,3,'2017-01-04 02:45:12','2017-01-04 02:45:12'),(2045,166,4,'2017-01-04 02:45:12','2017-01-04 02:45:12'),(2046,166,5,'2017-01-04 02:45:12','2017-01-04 02:45:12'),(2047,166,6,'2017-01-04 02:45:12','2017-01-04 02:45:12'),(2048,166,2,'2017-01-04 02:45:12','2017-01-04 02:45:12'),(2049,166,7,'2017-01-04 02:45:12','2017-01-04 02:45:12'),(2050,166,8,'2017-01-04 02:45:12','2017-01-04 02:45:12'),(2051,166,1,'2017-01-04 02:45:12','2017-01-04 02:45:12'),(2052,167,1,'2017-01-04 02:45:14','2017-01-04 02:45:14'),(2053,167,2,'2017-01-04 02:45:14','2017-01-04 02:45:14'),(2054,167,12,'2017-01-04 02:45:14','2017-01-04 02:45:14'),(2055,167,2,'2017-01-04 02:45:14','2017-01-04 02:45:14'),(2056,167,7,'2017-01-04 02:45:14','2017-01-04 02:45:14'),(2057,167,8,'2017-01-04 02:45:14','2017-01-04 02:45:14'),(2058,167,21,'2017-01-04 02:45:14','2017-01-04 02:45:14'),(2059,167,9,'2017-01-04 02:45:14','2017-01-04 02:45:14'),(2060,167,2,'2017-01-04 02:45:14','2017-01-04 02:45:14'),(2061,167,7,'2017-01-04 02:45:14','2017-01-04 02:45:14'),(2062,167,8,'2017-01-04 02:45:14','2017-01-04 02:45:14'),(2063,167,22,'2017-01-04 02:45:14','2017-01-04 02:45:14'),(2064,167,7,'2017-01-04 02:45:14','2017-01-04 02:45:14'),(2065,167,7,'2017-01-04 02:45:14','2017-01-04 02:45:14'),(2066,167,7,'2017-01-04 02:45:14','2017-01-04 02:45:14'),(2067,167,3,'2017-01-04 02:45:14','2017-01-04 02:45:14'),(2068,167,3,'2017-01-04 02:45:14','2017-01-04 02:45:14'),(2069,167,3,'2017-01-04 02:45:14','2017-01-04 02:45:14'),(2070,167,3,'2017-01-04 02:45:14','2017-01-04 02:45:14'),(2071,167,4,'2017-01-04 02:45:14','2017-01-04 02:45:14'),(2072,167,5,'2017-01-04 02:45:14','2017-01-04 02:45:14'),(2073,167,6,'2017-01-04 02:45:14','2017-01-04 02:45:14'),(2074,167,2,'2017-01-04 02:45:14','2017-01-04 02:45:14'),(2075,167,7,'2017-01-04 02:45:14','2017-01-04 02:45:14'),(2076,167,8,'2017-01-04 02:45:14','2017-01-04 02:45:14'),(2077,167,1,'2017-01-04 02:45:14','2017-01-04 02:45:14'),(2078,168,1,'2017-01-04 02:45:16','2017-01-04 02:45:16'),(2079,168,2,'2017-01-04 02:45:16','2017-01-04 02:45:16'),(2080,168,12,'2017-01-04 02:45:16','2017-01-04 02:45:16'),(2081,168,3,'2017-01-04 02:45:16','2017-01-04 02:45:16'),(2082,169,1,'2017-01-04 02:45:25','2017-01-04 02:45:25'),(2083,169,2,'2017-01-04 02:45:25','2017-01-04 02:45:25'),(2084,169,12,'2017-01-04 02:45:25','2017-01-04 02:45:25'),(2085,169,11,'2017-01-04 02:45:25','2017-01-04 02:45:25'),(2086,170,1,'2017-01-04 02:45:25','2017-01-04 02:45:25'),(2087,170,2,'2017-01-04 02:45:25','2017-01-04 02:45:25'),(2088,170,12,'2017-01-04 02:45:25','2017-01-04 02:45:25'),(2089,170,2,'2017-01-04 02:45:25','2017-01-04 02:45:25'),(2090,170,7,'2017-01-04 02:45:25','2017-01-04 02:45:25'),(2091,170,8,'2017-01-04 02:45:25','2017-01-04 02:45:25'),(2092,170,13,'2017-01-04 02:45:25','2017-01-04 02:45:25'),(2093,170,14,'2017-01-04 02:45:25','2017-01-04 02:45:25'),(2094,170,15,'2017-01-04 02:45:25','2017-01-04 02:45:25'),(2095,170,3,'2017-01-04 02:45:25','2017-01-04 02:45:25'),(2096,170,3,'2017-01-04 02:45:25','2017-01-04 02:45:25'),(2097,170,3,'2017-01-04 02:45:25','2017-01-04 02:45:25'),(2098,170,3,'2017-01-04 02:45:25','2017-01-04 02:45:25'),(2099,170,3,'2017-01-04 02:45:25','2017-01-04 02:45:25'),(2100,170,4,'2017-01-04 02:45:25','2017-01-04 02:45:25'),(2101,170,5,'2017-01-04 02:45:25','2017-01-04 02:45:25'),(2102,170,6,'2017-01-04 02:45:25','2017-01-04 02:45:25'),(2103,170,2,'2017-01-04 02:45:25','2017-01-04 02:45:25'),(2104,170,7,'2017-01-04 02:45:25','2017-01-04 02:45:25'),(2105,170,8,'2017-01-04 02:45:25','2017-01-04 02:45:25'),(2106,170,1,'2017-01-04 02:45:25','2017-01-04 02:45:25'),(2107,171,1,'2017-01-04 02:45:34','2017-01-04 02:45:34'),(2108,171,2,'2017-01-04 02:45:34','2017-01-04 02:45:34'),(2109,171,12,'2017-01-04 02:45:34','2017-01-04 02:45:34'),(2110,171,2,'2017-01-04 02:45:34','2017-01-04 02:45:34'),(2111,171,7,'2017-01-04 02:45:34','2017-01-04 02:45:34'),(2112,171,8,'2017-01-04 02:45:34','2017-01-04 02:45:34'),(2113,171,13,'2017-01-04 02:45:34','2017-01-04 02:45:34'),(2114,171,14,'2017-01-04 02:45:34','2017-01-04 02:45:34'),(2115,171,15,'2017-01-04 02:45:34','2017-01-04 02:45:34'),(2116,171,3,'2017-01-04 02:45:34','2017-01-04 02:45:34'),(2117,171,3,'2017-01-04 02:45:34','2017-01-04 02:45:34'),(2118,171,3,'2017-01-04 02:45:34','2017-01-04 02:45:34'),(2119,171,3,'2017-01-04 02:45:34','2017-01-04 02:45:34'),(2120,171,3,'2017-01-04 02:45:34','2017-01-04 02:45:34'),(2121,171,4,'2017-01-04 02:45:34','2017-01-04 02:45:34'),(2122,171,5,'2017-01-04 02:45:34','2017-01-04 02:45:34'),(2123,171,6,'2017-01-04 02:45:34','2017-01-04 02:45:34'),(2124,171,2,'2017-01-04 02:45:34','2017-01-04 02:45:34'),(2125,171,7,'2017-01-04 02:45:34','2017-01-04 02:45:34'),(2126,171,8,'2017-01-04 02:45:34','2017-01-04 02:45:34'),(2127,171,1,'2017-01-04 02:45:34','2017-01-04 02:45:34'),(2128,172,1,'2017-01-04 02:46:33','2017-01-04 02:46:33'),(2129,172,2,'2017-01-04 02:46:33','2017-01-04 02:46:33'),(2130,172,12,'2017-01-04 02:46:33','2017-01-04 02:46:33'),(2131,172,2,'2017-01-04 02:46:33','2017-01-04 02:46:33'),(2132,172,7,'2017-01-04 02:46:33','2017-01-04 02:46:33'),(2133,172,8,'2017-01-04 02:46:33','2017-01-04 02:46:33'),(2134,172,13,'2017-01-04 02:46:33','2017-01-04 02:46:33'),(2135,172,14,'2017-01-04 02:46:33','2017-01-04 02:46:33'),(2136,172,15,'2017-01-04 02:46:33','2017-01-04 02:46:33'),(2137,172,3,'2017-01-04 02:46:33','2017-01-04 02:46:33'),(2138,172,3,'2017-01-04 02:46:33','2017-01-04 02:46:33'),(2139,172,3,'2017-01-04 02:46:33','2017-01-04 02:46:33'),(2140,172,3,'2017-01-04 02:46:33','2017-01-04 02:46:33'),(2141,172,3,'2017-01-04 02:46:33','2017-01-04 02:46:33'),(2142,172,4,'2017-01-04 02:46:33','2017-01-04 02:46:33'),(2143,172,5,'2017-01-04 02:46:33','2017-01-04 02:46:33'),(2144,172,6,'2017-01-04 02:46:33','2017-01-04 02:46:33'),(2145,172,2,'2017-01-04 02:46:33','2017-01-04 02:46:33'),(2146,172,7,'2017-01-04 02:46:33','2017-01-04 02:46:33'),(2147,172,8,'2017-01-04 02:46:33','2017-01-04 02:46:33'),(2148,172,1,'2017-01-04 02:46:33','2017-01-04 02:46:33'),(2149,173,1,'2017-01-04 02:51:00','2017-01-04 02:51:00'),(2150,173,2,'2017-01-04 02:51:00','2017-01-04 02:51:00'),(2151,173,40,'2017-01-04 02:51:00','2017-01-04 02:51:00'),(2152,173,3,'2017-01-04 02:51:00','2017-01-04 02:51:00'),(2153,173,3,'2017-01-04 02:51:00','2017-01-04 02:51:00'),(2154,173,3,'2017-01-04 02:51:00','2017-01-04 02:51:00'),(2155,173,4,'2017-01-04 02:51:00','2017-01-04 02:51:00'),(2156,173,5,'2017-01-04 02:51:01','2017-01-04 02:51:01'),(2157,173,6,'2017-01-04 02:51:01','2017-01-04 02:51:01'),(2158,173,2,'2017-01-04 02:51:01','2017-01-04 02:51:01'),(2159,173,7,'2017-01-04 02:51:01','2017-01-04 02:51:01'),(2160,173,8,'2017-01-04 02:51:01','2017-01-04 02:51:01'),(2161,173,1,'2017-01-04 02:51:01','2017-01-04 02:51:01'),(2162,174,1,'2017-01-04 02:54:58','2017-01-04 02:54:58'),(2163,174,2,'2017-01-04 02:54:58','2017-01-04 02:54:58'),(2164,174,40,'2017-01-04 02:54:58','2017-01-04 02:54:58'),(2165,174,12,'2017-01-04 02:54:58','2017-01-04 02:54:58'),(2166,174,2,'2017-01-04 02:54:58','2017-01-04 02:54:58'),(2167,174,7,'2017-01-04 02:54:58','2017-01-04 02:54:58'),(2168,174,8,'2017-01-04 02:54:58','2017-01-04 02:54:58'),(2169,174,13,'2017-01-04 02:54:58','2017-01-04 02:54:58'),(2170,174,14,'2017-01-04 02:54:58','2017-01-04 02:54:58'),(2171,174,15,'2017-01-04 02:54:58','2017-01-04 02:54:58'),(2172,174,3,'2017-01-04 02:54:58','2017-01-04 02:54:58'),(2173,174,3,'2017-01-04 02:54:58','2017-01-04 02:54:58'),(2174,174,3,'2017-01-04 02:54:58','2017-01-04 02:54:58'),(2175,174,3,'2017-01-04 02:54:58','2017-01-04 02:54:58'),(2176,174,3,'2017-01-04 02:54:58','2017-01-04 02:54:58'),(2177,174,4,'2017-01-04 02:54:58','2017-01-04 02:54:58'),(2178,174,5,'2017-01-04 02:54:58','2017-01-04 02:54:58'),(2179,174,6,'2017-01-04 02:54:58','2017-01-04 02:54:58'),(2180,174,2,'2017-01-04 02:54:58','2017-01-04 02:54:58'),(2181,174,7,'2017-01-04 02:54:58','2017-01-04 02:54:58'),(2182,174,8,'2017-01-04 02:54:58','2017-01-04 02:54:58'),(2183,174,1,'2017-01-04 02:54:58','2017-01-04 02:54:58'),(2184,175,1,'2017-01-04 02:55:07','2017-01-04 02:55:07'),(2185,175,2,'2017-01-04 02:55:07','2017-01-04 02:55:07'),(2186,175,12,'2017-01-04 02:55:07','2017-01-04 02:55:07'),(2187,175,2,'2017-01-04 02:55:07','2017-01-04 02:55:07'),(2188,175,7,'2017-01-04 02:55:07','2017-01-04 02:55:07'),(2189,175,8,'2017-01-04 02:55:07','2017-01-04 02:55:07'),(2190,175,13,'2017-01-04 02:55:07','2017-01-04 02:55:07'),(2191,175,14,'2017-01-04 02:55:07','2017-01-04 02:55:07'),(2192,175,15,'2017-01-04 02:55:07','2017-01-04 02:55:07'),(2193,175,3,'2017-01-04 02:55:07','2017-01-04 02:55:07'),(2194,175,3,'2017-01-04 02:55:07','2017-01-04 02:55:07'),(2195,175,3,'2017-01-04 02:55:07','2017-01-04 02:55:07'),(2196,175,3,'2017-01-04 02:55:07','2017-01-04 02:55:07'),(2197,175,3,'2017-01-04 02:55:07','2017-01-04 02:55:07'),(2198,175,4,'2017-01-04 02:55:07','2017-01-04 02:55:07'),(2199,175,5,'2017-01-04 02:55:07','2017-01-04 02:55:07'),(2200,175,6,'2017-01-04 02:55:07','2017-01-04 02:55:07'),(2201,175,2,'2017-01-04 02:55:07','2017-01-04 02:55:07'),(2202,175,7,'2017-01-04 02:55:07','2017-01-04 02:55:07'),(2203,175,8,'2017-01-04 02:55:07','2017-01-04 02:55:07'),(2204,175,1,'2017-01-04 02:55:07','2017-01-04 02:55:07'),(2205,176,1,'2017-01-04 02:55:09','2017-01-04 02:55:09'),(2206,176,2,'2017-01-04 02:55:09','2017-01-04 02:55:09'),(2207,176,12,'2017-01-04 02:55:09','2017-01-04 02:55:09'),(2208,176,2,'2017-01-04 02:55:09','2017-01-04 02:55:09'),(2209,176,7,'2017-01-04 02:55:09','2017-01-04 02:55:09'),(2210,176,8,'2017-01-04 02:55:09','2017-01-04 02:55:09'),(2211,176,9,'2017-01-04 02:55:09','2017-01-04 02:55:09'),(2212,176,2,'2017-01-04 02:55:09','2017-01-04 02:55:09'),(2213,176,7,'2017-01-04 02:55:09','2017-01-04 02:55:09'),(2214,176,8,'2017-01-04 02:55:09','2017-01-04 02:55:09'),(2215,176,10,'2017-01-04 02:55:09','2017-01-04 02:55:09'),(2216,176,3,'2017-01-04 02:55:09','2017-01-04 02:55:09'),(2217,176,3,'2017-01-04 02:55:09','2017-01-04 02:55:09'),(2218,176,3,'2017-01-04 02:55:09','2017-01-04 02:55:09'),(2219,176,3,'2017-01-04 02:55:09','2017-01-04 02:55:09'),(2220,176,4,'2017-01-04 02:55:09','2017-01-04 02:55:09'),(2221,176,5,'2017-01-04 02:55:09','2017-01-04 02:55:09'),(2222,176,6,'2017-01-04 02:55:09','2017-01-04 02:55:09'),(2223,176,2,'2017-01-04 02:55:09','2017-01-04 02:55:09'),(2224,176,7,'2017-01-04 02:55:09','2017-01-04 02:55:09'),(2225,176,8,'2017-01-04 02:55:09','2017-01-04 02:55:09'),(2226,176,1,'2017-01-04 02:55:09','2017-01-04 02:55:09'),(2227,177,1,'2017-01-04 02:55:12','2017-01-04 02:55:12'),(2228,177,2,'2017-01-04 02:55:12','2017-01-04 02:55:12'),(2229,177,12,'2017-01-04 02:55:12','2017-01-04 02:55:12'),(2230,177,2,'2017-01-04 02:55:12','2017-01-04 02:55:12'),(2231,177,7,'2017-01-04 02:55:12','2017-01-04 02:55:12'),(2232,177,8,'2017-01-04 02:55:12','2017-01-04 02:55:12'),(2233,177,21,'2017-01-04 02:55:12','2017-01-04 02:55:12'),(2234,177,9,'2017-01-04 02:55:12','2017-01-04 02:55:12'),(2235,177,2,'2017-01-04 02:55:12','2017-01-04 02:55:12'),(2236,177,7,'2017-01-04 02:55:12','2017-01-04 02:55:12'),(2237,177,8,'2017-01-04 02:55:12','2017-01-04 02:55:12'),(2238,177,22,'2017-01-04 02:55:12','2017-01-04 02:55:12'),(2239,177,7,'2017-01-04 02:55:12','2017-01-04 02:55:12'),(2240,177,7,'2017-01-04 02:55:12','2017-01-04 02:55:12'),(2241,177,7,'2017-01-04 02:55:12','2017-01-04 02:55:12'),(2242,177,3,'2017-01-04 02:55:12','2017-01-04 02:55:12'),(2243,177,3,'2017-01-04 02:55:12','2017-01-04 02:55:12'),(2244,177,3,'2017-01-04 02:55:12','2017-01-04 02:55:12'),(2245,177,3,'2017-01-04 02:55:12','2017-01-04 02:55:12'),(2246,177,4,'2017-01-04 02:55:12','2017-01-04 02:55:12'),(2247,177,5,'2017-01-04 02:55:12','2017-01-04 02:55:12'),(2248,177,6,'2017-01-04 02:55:12','2017-01-04 02:55:12'),(2249,177,2,'2017-01-04 02:55:12','2017-01-04 02:55:12'),(2250,177,7,'2017-01-04 02:55:12','2017-01-04 02:55:12'),(2251,177,8,'2017-01-04 02:55:12','2017-01-04 02:55:12'),(2252,177,1,'2017-01-04 02:55:12','2017-01-04 02:55:12'),(2253,178,1,'2017-01-04 02:55:14','2017-01-04 02:55:14'),(2254,178,2,'2017-01-04 02:55:14','2017-01-04 02:55:14'),(2255,178,12,'2017-01-04 02:55:14','2017-01-04 02:55:14'),(2256,178,2,'2017-01-04 02:55:14','2017-01-04 02:55:14'),(2257,178,7,'2017-01-04 02:55:14','2017-01-04 02:55:14'),(2258,178,8,'2017-01-04 02:55:14','2017-01-04 02:55:14'),(2259,178,21,'2017-01-04 02:55:14','2017-01-04 02:55:14'),(2260,178,9,'2017-01-04 02:55:14','2017-01-04 02:55:14'),(2261,178,2,'2017-01-04 02:55:14','2017-01-04 02:55:14'),(2262,178,7,'2017-01-04 02:55:14','2017-01-04 02:55:14'),(2263,178,8,'2017-01-04 02:55:14','2017-01-04 02:55:14'),(2264,178,2,'2017-01-04 02:55:14','2017-01-04 02:55:14'),(2265,178,41,'2017-01-04 02:55:14','2017-01-04 02:55:14'),(2266,178,7,'2017-01-04 02:55:14','2017-01-04 02:55:14'),(2267,178,3,'2017-01-04 02:55:14','2017-01-04 02:55:14'),(2268,178,3,'2017-01-04 02:55:14','2017-01-04 02:55:14'),(2269,178,3,'2017-01-04 02:55:14','2017-01-04 02:55:14'),(2270,178,3,'2017-01-04 02:55:14','2017-01-04 02:55:14'),(2271,178,4,'2017-01-04 02:55:14','2017-01-04 02:55:14'),(2272,178,5,'2017-01-04 02:55:14','2017-01-04 02:55:14'),(2273,178,6,'2017-01-04 02:55:14','2017-01-04 02:55:14'),(2274,178,2,'2017-01-04 02:55:14','2017-01-04 02:55:14'),(2275,178,7,'2017-01-04 02:55:14','2017-01-04 02:55:14'),(2276,178,8,'2017-01-04 02:55:14','2017-01-04 02:55:14'),(2277,178,1,'2017-01-04 02:55:14','2017-01-04 02:55:14'),(2278,179,1,'2017-01-04 02:55:17','2017-01-04 02:55:17'),(2279,179,2,'2017-01-04 02:55:17','2017-01-04 02:55:17'),(2280,179,12,'2017-01-04 02:55:17','2017-01-04 02:55:17'),(2281,179,2,'2017-01-04 02:55:17','2017-01-04 02:55:17'),(2282,179,7,'2017-01-04 02:55:17','2017-01-04 02:55:17'),(2283,179,8,'2017-01-04 02:55:17','2017-01-04 02:55:17'),(2284,179,13,'2017-01-04 02:55:17','2017-01-04 02:55:17'),(2285,179,14,'2017-01-04 02:55:17','2017-01-04 02:55:17'),(2286,179,15,'2017-01-04 02:55:17','2017-01-04 02:55:17'),(2287,179,3,'2017-01-04 02:55:17','2017-01-04 02:55:17'),(2288,179,3,'2017-01-04 02:55:17','2017-01-04 02:55:17'),(2289,179,3,'2017-01-04 02:55:17','2017-01-04 02:55:17'),(2290,179,3,'2017-01-04 02:55:17','2017-01-04 02:55:17'),(2291,179,3,'2017-01-04 02:55:17','2017-01-04 02:55:17'),(2292,179,4,'2017-01-04 02:55:17','2017-01-04 02:55:17'),(2293,179,5,'2017-01-04 02:55:17','2017-01-04 02:55:17'),(2294,179,6,'2017-01-04 02:55:17','2017-01-04 02:55:17'),(2295,179,2,'2017-01-04 02:55:17','2017-01-04 02:55:17'),(2296,179,7,'2017-01-04 02:55:17','2017-01-04 02:55:17'),(2297,179,8,'2017-01-04 02:55:17','2017-01-04 02:55:17'),(2298,179,1,'2017-01-04 02:55:17','2017-01-04 02:55:17'),(2299,180,1,'2017-01-04 02:55:29','2017-01-04 02:55:29'),(2300,180,2,'2017-01-04 02:55:29','2017-01-04 02:55:29'),(2301,180,12,'2017-01-04 02:55:29','2017-01-04 02:55:29'),(2302,180,2,'2017-01-04 02:55:29','2017-01-04 02:55:29'),(2303,180,7,'2017-01-04 02:55:29','2017-01-04 02:55:29'),(2304,180,8,'2017-01-04 02:55:29','2017-01-04 02:55:29'),(2305,180,13,'2017-01-04 02:55:29','2017-01-04 02:55:29'),(2306,180,14,'2017-01-04 02:55:29','2017-01-04 02:55:29'),(2307,180,15,'2017-01-04 02:55:29','2017-01-04 02:55:29'),(2308,180,3,'2017-01-04 02:55:29','2017-01-04 02:55:29'),(2309,180,3,'2017-01-04 02:55:29','2017-01-04 02:55:29'),(2310,180,3,'2017-01-04 02:55:29','2017-01-04 02:55:29'),(2311,180,3,'2017-01-04 02:55:29','2017-01-04 02:55:29'),(2312,180,3,'2017-01-04 02:55:29','2017-01-04 02:55:29'),(2313,180,4,'2017-01-04 02:55:29','2017-01-04 02:55:29'),(2314,180,5,'2017-01-04 02:55:29','2017-01-04 02:55:29'),(2315,180,6,'2017-01-04 02:55:29','2017-01-04 02:55:29'),(2316,180,2,'2017-01-04 02:55:29','2017-01-04 02:55:29'),(2317,180,7,'2017-01-04 02:55:29','2017-01-04 02:55:29'),(2318,180,8,'2017-01-04 02:55:29','2017-01-04 02:55:29'),(2319,180,1,'2017-01-04 02:55:29','2017-01-04 02:55:29'),(2320,181,1,'2017-01-04 02:55:44','2017-01-04 02:55:44'),(2321,181,2,'2017-01-04 02:55:44','2017-01-04 02:55:44'),(2322,181,12,'2017-01-04 02:55:44','2017-01-04 02:55:44'),(2323,181,2,'2017-01-04 02:55:44','2017-01-04 02:55:44'),(2324,181,7,'2017-01-04 02:55:44','2017-01-04 02:55:44'),(2325,181,8,'2017-01-04 02:55:44','2017-01-04 02:55:44'),(2326,181,13,'2017-01-04 02:55:44','2017-01-04 02:55:44'),(2327,181,14,'2017-01-04 02:55:44','2017-01-04 02:55:44'),(2328,181,15,'2017-01-04 02:55:44','2017-01-04 02:55:44'),(2329,181,3,'2017-01-04 02:55:44','2017-01-04 02:55:44'),(2330,181,3,'2017-01-04 02:55:44','2017-01-04 02:55:44'),(2331,181,3,'2017-01-04 02:55:44','2017-01-04 02:55:44'),(2332,181,3,'2017-01-04 02:55:44','2017-01-04 02:55:44'),(2333,181,3,'2017-01-04 02:55:44','2017-01-04 02:55:44'),(2334,181,4,'2017-01-04 02:55:44','2017-01-04 02:55:44'),(2335,181,5,'2017-01-04 02:55:44','2017-01-04 02:55:44'),(2336,181,6,'2017-01-04 02:55:44','2017-01-04 02:55:44'),(2337,181,2,'2017-01-04 02:55:44','2017-01-04 02:55:44'),(2338,181,7,'2017-01-04 02:55:44','2017-01-04 02:55:44'),(2339,181,8,'2017-01-04 02:55:44','2017-01-04 02:55:44'),(2340,181,1,'2017-01-04 02:55:44','2017-01-04 02:55:44'),(2341,182,1,'2017-01-04 02:55:47','2017-01-04 02:55:47'),(2342,182,2,'2017-01-04 02:55:47','2017-01-04 02:55:47'),(2343,182,12,'2017-01-04 02:55:47','2017-01-04 02:55:47'),(2344,182,2,'2017-01-04 02:55:47','2017-01-04 02:55:47'),(2345,182,7,'2017-01-04 02:55:47','2017-01-04 02:55:47'),(2346,182,8,'2017-01-04 02:55:47','2017-01-04 02:55:47'),(2347,182,16,'2017-01-04 02:55:47','2017-01-04 02:55:47'),(2348,183,1,'2017-01-04 02:55:49','2017-01-04 02:55:49'),(2349,183,40,'2017-01-04 02:55:49','2017-01-04 02:55:49'),(2350,184,1,'2017-01-04 02:55:53','2017-01-04 02:55:53'),(2351,184,11,'2017-01-04 02:55:53','2017-01-04 02:55:53'),(2352,185,1,'2017-01-04 02:55:53','2017-01-04 02:55:53'),(2353,185,2,'2017-01-04 02:55:53','2017-01-04 02:55:53'),(2354,185,3,'2017-01-04 02:55:53','2017-01-04 02:55:53'),(2355,185,3,'2017-01-04 02:55:53','2017-01-04 02:55:53'),(2356,185,3,'2017-01-04 02:55:53','2017-01-04 02:55:53'),(2357,185,4,'2017-01-04 02:55:53','2017-01-04 02:55:53'),(2358,185,5,'2017-01-04 02:55:53','2017-01-04 02:55:53'),(2359,185,6,'2017-01-04 02:55:53','2017-01-04 02:55:53'),(2360,185,2,'2017-01-04 02:55:53','2017-01-04 02:55:53'),(2361,185,7,'2017-01-04 02:55:53','2017-01-04 02:55:53'),(2362,185,8,'2017-01-04 02:55:53','2017-01-04 02:55:53'),(2363,185,1,'2017-01-04 02:55:53','2017-01-04 02:55:53');
/*!40000 ALTER TABLE `tracker_sql_queries_log` ENABLE KEYS */;
UNLOCK TABLES;

--
-- Table structure for table `tracker_sql_query_bindings`
--

DROP TABLE IF EXISTS `tracker_sql_query_bindings`;
/*!40101 SET @saved_cs_client     = @@character_set_client */;
/*!40101 SET character_set_client = utf8 */;
CREATE TABLE `tracker_sql_query_bindings` (
  `id` bigint(20) unsigned NOT NULL AUTO_INCREMENT,
  `sha1` varchar(40) COLLATE utf8_unicode_ci NOT NULL,
  `serialized` text COLLATE utf8_unicode_ci NOT NULL,
  `created_at` timestamp NOT NULL DEFAULT CURRENT_TIMESTAMP ON UPDATE CURRENT_TIMESTAMP,
  `updated_at` timestamp NOT NULL DEFAULT '0000-00-00 00:00:00',
  PRIMARY KEY (`id`),
  KEY `tracker_sql_query_bindings_sha1_index` (`sha1`),
  KEY `tracker_sql_query_bindings_created_at_index` (`created_at`),
  KEY `tracker_sql_query_bindings_updated_at_index` (`updated_at`)
) ENGINE=InnoDB AUTO_INCREMENT=51 DEFAULT CHARSET=utf8 COLLATE=utf8_unicode_ci;
/*!40101 SET character_set_client = @saved_cs_client */;

--
-- Dumping data for table `tracker_sql_query_bindings`
--

LOCK TABLES `tracker_sql_query_bindings` WRITE;
/*!40000 ALTER TABLE `tracker_sql_query_bindings` DISABLE KEYS */;
INSERT INTO `tracker_sql_query_bindings` VALUES (1,'55eae3906fd5e6bbf77bd460093956d59da05863','a:1:{i:0;i:1;}','2017-01-03 22:40:41','2017-01-03 22:40:41'),(2,'f375c5e01269803952f7ecfd305dcca896f8d37b','a:1:{i:0;s:11:\"admin_title\";}','2017-01-03 22:40:41','2017-01-03 22:40:41'),(3,'992e59f342bb5dbe082c2ee79a3205e484f3b5b2','a:1:{i:0;s:17:\"admin_description\";}','2017-01-03 22:40:41','2017-01-03 22:40:41'),(4,'c612664ed1e7a69df5a2fc87dbe087e8a0ee0cef','a:1:{i:0;s:14:\"admin_bg_image\";}','2017-01-03 22:40:41','2017-01-03 22:40:41'),(5,'1bcb2107f31d96f65b735b88b111d7f64a16335f','a:1:{i:0;s:4:\"user\";}','2017-01-03 22:40:41','2017-01-03 22:40:41'),(6,'4e8a5a9783ed5c561873a776848629622d15484d','a:1:{i:0;i:2;}','2017-01-03 22:40:41','2017-01-03 22:40:41'),(7,'6aa533d52bb0a7d96cd18a8e2cb6d85d5ceace4d','a:1:{i:0;s:12:\"browse_cases\";}','2017-01-03 22:40:45','2017-01-03 22:40:45'),(8,'62482cdbc27869af4899372e31f0bc974af75566','a:1:{i:0;s:27:\"huriel@imagineitstudios.com\";}','2017-01-03 22:41:34','2017-01-03 22:41:34'),(9,'4ffc4a198d78ff897d85f8c0a553463429fc8c76','a:1:{i:0;s:9:\"127.0.0.1\";}','2017-01-03 22:42:13','2017-01-03 22:42:13'),(10,'b6374d8a7461511e68a0a08fc20ebefac4cd7722','a:2:{i:0;s:7:\"voyager\";i:1;s:5:\"users\";}','2017-01-03 22:42:13','2017-01-03 22:42:13'),(11,'1714cb9410fef9488650dc4eaab248f2942cd177','a:1:{i:0;s:26:\"google_analytics_client_id\";}','2017-01-03 22:42:13','2017-01-03 22:42:13'),(12,'e3757d333a415984a73e3827420c838d82c6a4b3','a:1:{i:0;s:5:\"admin\";}','2017-01-03 22:42:13','2017-01-03 22:42:13'),(13,'1fdf33ebdc2e3169a5abca75724a55a2d25ff46f','a:1:{i:0;s:15:\"admin@admin.com\";}','2017-01-03 22:43:48','2017-01-03 22:43:48'),(14,'6293c546205d8460818dc9f8a6418d566b12d589','a:1:{i:0;s:16:\"admin1@admin.com\";}','2017-01-03 22:44:33','2017-01-03 22:44:33'),(15,'7a605887194edea017d33fd984a5308e1c9a944e','a:1:{i:0;i:3;}','2017-01-03 22:44:33','2017-01-03 22:44:33'),(16,'3379c6aec9cec7a34e181def5ed35901e0bd20f6','a:3:{i:0;s:60:\"hbGfrkPyry3oDq2gy8SmrAdAInIreIhQpf1VjzpuhzIBLUDMtrRe3494UfBu\";i:1;s:19:\"2017-01-03 16:44:45\";i:2;i:3;}','2017-01-03 22:44:45','2017-01-03 22:44:45'),(17,'13b0124e09841382a2754f1110269513f32829ed','a:7:{i:0;s:16:\"Huriel Hernandez\";i:1;s:27:\"huriel@imagineitstudios.com\";i:2;s:8:\"12345678\";i:3;s:60:\"$2y$10$wURtXvCE9kiUjx37i6rBSeirxFPq9lQ9fZx3oLPRUPI2mhijTCDYG\";i:4;s:30:\"S3y78b7RX9trnds7SBRhI73aNtusTm\";i:5;s:19:\"2017-01-03 16:50:00\";i:6;s:19:\"2017-01-03 16:50:00\";}','2017-01-03 22:50:00','2017-01-03 22:50:00'),(18,'762bc7e27adb845e29a8a8818a233ef2c468e3a5','a:1:{i:0;i:25;}','2017-01-03 22:50:00','2017-01-03 22:50:00'),(19,'7d50e337adbf567b77ac2c26867b130d77582390','a:1:{i:0;s:11:\"unconfirmed\";}','2017-01-03 22:50:00','2017-01-03 22:50:00'),(20,'5510ec096101460f48c5b42a5fcaf9dc675d0e14','a:3:{i:0;i:4;i:1;s:19:\"2017-01-03 16:50:00\";i:2;i:25;}','2017-01-03 22:50:00','2017-01-03 22:50:00'),(21,'028c9539028c1b12a404fecb0c6047843d82dc29','a:1:{i:0;s:5:\"users\";}','2017-01-03 22:50:48','2017-01-03 22:50:48'),(22,'d3ef10e4c68018735c33555359dda7f4cd44af92','a:1:{i:0;s:12:\"browse_users\";}','2017-01-03 22:50:48','2017-01-03 22:50:48'),(23,'011a05fb7d13a5ea86dc5eae058d6509d38d8b21','a:1:{i:0;i:4;}','2017-01-03 22:50:48','2017-01-03 22:50:48'),(24,'116d79f13822233c8ae45f5e1c8b80e8e906aa78','a:1:{i:0;s:10:\"edit_users\";}','2017-01-03 22:50:51','2017-01-03 22:50:51'),(25,'197d92b213fbad7cef2c91f9de8d56c6d212b349','a:1:{i:0;s:2:\"25\";}','2017-01-03 22:50:51','2017-01-03 22:50:51'),(26,'a651b699900f1a1a0d381b28e27acb789c0af348','a:2:{i:0;i:3;i:1;i:1;}','2017-01-03 22:50:56','2017-01-03 22:50:56'),(27,'682db6e2ce82f3e04603e5ae6f9bd387533d0715','a:3:{i:0;s:19:\"2017-01-03 16:50:56\";i:1;s:1:\"2\";i:2;i:25;}','2017-01-03 22:50:56','2017-01-03 22:50:56'),(28,'b459afcd92cce2c67e070164de5939986aa59c3d','a:1:{i:0;s:9:\"add_cases\";}','2017-01-03 22:51:00','2017-01-03 22:51:00'),(29,'46770e768d6bbfd3fc013533f78736075c9064e4','a:9:{i:0;s:7:\"1234567\";i:1;s:3:\"Doe\";i:2;s:4:\"John\";i:3;s:7:\"1234566\";i:4;s:9:\"123456778\";i:5;s:11:\"hit and Run\";i:6;i:1;i:7;s:19:\"2017-01-03 16:51:14\";i:8;s:19:\"2017-01-03 16:51:14\";}','2017-01-03 22:51:14','2017-01-03 22:51:14'),(30,'21fd67763d3c842932a2eeb9d043ed97c1b86ff8','a:1:{i:0;s:10:\"read_cases\";}','2017-01-03 22:51:15','2017-01-03 22:51:15'),(31,'0dd148b88c5fd68a04c8b3a7a520eb261adf7722','a:1:{i:0;s:2:\"11\";}','2017-01-03 22:51:15','2017-01-03 22:51:15'),(32,'c7aa8961ad25d9df391cb8e4e51b4241287018f0','a:1:{i:0;s:12:\"browse_files\";}','2017-01-03 22:51:18','2017-01-03 22:51:18'),(33,'3ea511a399b3b01560252cd95b508e9432b5f28f','a:1:{i:0;s:9:\"add_files\";}','2017-01-03 22:51:20','2017-01-03 22:51:20'),(34,'14dfdfb1525de81b2bef7fe267fc30963205f7d6','a:7:{i:0;s:4:\"edit\";i:1;s:3:\"php\";i:2;s:40:\"bb1831c28cdffb390895bba26a76316f07e3c532\";i:3;i:1;i:4;i:11;i:5;s:19:\"2017-01-03 16:51:26\";i:6;s:19:\"2017-01-03 16:51:26\";}','2017-01-03 22:51:26','2017-01-03 22:51:26'),(35,'a5fb0e191e85835838fa2b308f32b2ecbd9fe300','a:1:{i:0;i:41;}','2017-01-03 22:51:29','2017-01-03 22:51:29'),(36,'ce658b2cbbe387685dc9921c5832fe0ba88a89d0','a:1:{i:0;s:17:\"browse_case_users\";}','2017-01-03 22:51:34','2017-01-03 22:51:34'),(37,'9d3ad9cb3ed5f60149bdf110d6d3a9406c9f79e0','a:1:{i:0;i:11;}','2017-01-03 22:51:34','2017-01-03 22:51:34'),(38,'1a56d06b37e66ad56e207423fa2006ba3c4a58a8','a:1:{i:0;s:14:\"add_case_users\";}','2017-01-03 22:51:36','2017-01-03 22:51:36'),(39,'9fe2bcfeedb0e7193d4c957ec7574f3a4636c04f','a:5:{i:0;i:41;i:1;i:25;i:2;i:0;i:3;s:19:\"2017-01-03 16:51:42\";i:4;s:19:\"2017-01-03 16:51:42\";}','2017-01-03 22:51:42','2017-01-03 22:51:42'),(40,'c49f4e9b91350b7930edbfce4d7d69e7f980ec2f','a:7:{i:0;i:11;i:1;i:25;i:2;s:19:\"2017-01-03 16:51:42\";i:3;s:19:\"2017-01-04 16:51:42\";i:4;i:1;i:5;s:19:\"2017-01-03 16:51:42\";i:6;s:19:\"2017-01-03 16:51:42\";}','2017-01-03 22:51:42','2017-01-03 22:51:42'),(41,'fad096b6d275738f4fb057bdf03d6c6315d212f8','a:1:{i:0;s:14:\"download_files\";}','2017-01-03 22:52:00','2017-01-03 22:52:00'),(42,'2ed9b9d463cb0d36880a6d8e0374deaadea691e9','a:1:{i:0;s:2:\"41\";}','2017-01-03 22:52:00','2017-01-03 22:52:00'),(43,'f5acebbbf8f209f8119c74db9b8679af7392e6dc','a:2:{i:0;i:25;i:1;i:41;}','2017-01-03 22:52:00','2017-01-03 22:52:00'),(44,'363dbd16ce0c0a12b2736decab9d6e1d3a288d6b','a:4:{i:0;i:1;i:1;s:19:\"2017-01-03 16:52:00\";i:2;i:25;i:3;i:41;}','2017-01-03 22:52:00','2017-01-03 22:52:00'),(45,'54bec092c42691db47b05edd708843ee36334308','a:4:{i:0;i:2;i:1;s:19:\"2017-01-03 16:52:01\";i:2;i:25;i:3;i:41;}','2017-01-03 22:52:01','2017-01-03 22:52:01'),(46,'ef0024e87295d7ed15d2d11258e916927fdd6a69','a:3:{i:0;s:60:\"qmiNSRr3Na00aXzRzMtLL1UmOD3ZcqlKG3cBNVmSnmA311C1Ms0eznsZRBFG\";i:1;s:19:\"2017-01-03 20:28:19\";i:2;i:1;}','2017-01-04 02:28:19','2017-01-04 02:28:19'),(47,'dabc42f42e02eb48f352b239c627c62d770c7c15','a:3:{i:0;s:60:\"8y26v0FZidmDCpM2IMQDzz1JrZGoavLawVAFjNV1VObOAtOZKQkw5000RmY8\";i:1;s:19:\"2017-01-03 20:42:34\";i:2;i:1;}','2017-01-04 02:42:34','2017-01-04 02:42:34'),(48,'10ce415265dab31045900d5a08b29eb9fddba3e5','a:1:{i:0;i:0;}','2017-01-04 02:42:36','2017-01-04 02:42:36'),(49,'8c83f328d4cd91101f32121a108b73e113cbb4f1','a:1:{i:0;s:10:\"read_users\";}','2017-01-04 02:55:14','2017-01-04 02:55:14'),(50,'30f22151b2ed2e9cf3eba55f24d26dfce25c7f1f','a:3:{i:0;s:60:\"xxsH3HDhBfw80EiqmHtbRA6FeGXwK12GZSiR6peHGLCIemKaMCnUOXIglbKF\";i:1;s:19:\"2017-01-03 20:55:47\";i:2;i:3;}','2017-01-04 02:55:47','2017-01-04 02:55:47');
/*!40000 ALTER TABLE `tracker_sql_query_bindings` ENABLE KEYS */;
UNLOCK TABLES;

--
-- Table structure for table `tracker_sql_query_bindings_parameters`
--

DROP TABLE IF EXISTS `tracker_sql_query_bindings_parameters`;
/*!40101 SET @saved_cs_client     = @@character_set_client */;
/*!40101 SET character_set_client = utf8 */;
CREATE TABLE `tracker_sql_query_bindings_parameters` (
  `id` bigint(20) unsigned NOT NULL AUTO_INCREMENT,
  `sql_query_bindings_id` bigint(20) unsigned DEFAULT NULL,
  `name` varchar(255) COLLATE utf8_unicode_ci DEFAULT NULL,
  `value` text COLLATE utf8_unicode_ci,
  `created_at` timestamp NOT NULL DEFAULT CURRENT_TIMESTAMP ON UPDATE CURRENT_TIMESTAMP,
  `updated_at` timestamp NOT NULL DEFAULT '0000-00-00 00:00:00',
  PRIMARY KEY (`id`),
  KEY `tracker_sql_query_bindings_parameters_name_index` (`name`),
  KEY `tracker_sql_query_bindings_parameters_created_at_index` (`created_at`),
  KEY `tracker_sql_query_bindings_parameters_updated_at_index` (`updated_at`),
  KEY `tracker_sqlqb_parameters` (`sql_query_bindings_id`),
  CONSTRAINT `tracker_sqlqb_parameters` FOREIGN KEY (`sql_query_bindings_id`) REFERENCES `tracker_sql_query_bindings` (`id`) ON DELETE CASCADE ON UPDATE CASCADE
) ENGINE=InnoDB AUTO_INCREMENT=102 DEFAULT CHARSET=utf8 COLLATE=utf8_unicode_ci;
/*!40101 SET character_set_client = @saved_cs_client */;

--
-- Dumping data for table `tracker_sql_query_bindings_parameters`
--

LOCK TABLES `tracker_sql_query_bindings_parameters` WRITE;
/*!40000 ALTER TABLE `tracker_sql_query_bindings_parameters` DISABLE KEYS */;
INSERT INTO `tracker_sql_query_bindings_parameters` VALUES (1,1,'?','1','2017-01-03 22:40:41','2017-01-03 22:40:41'),(2,2,'?','admin_title','2017-01-03 22:40:41','2017-01-03 22:40:41'),(3,3,'?','admin_description','2017-01-03 22:40:41','2017-01-03 22:40:41'),(4,4,'?','admin_bg_image','2017-01-03 22:40:41','2017-01-03 22:40:41'),(5,5,'?','user','2017-01-03 22:40:41','2017-01-03 22:40:41'),(6,6,'?','2','2017-01-03 22:40:41','2017-01-03 22:40:41'),(7,7,'?','browse_cases','2017-01-03 22:40:45','2017-01-03 22:40:45'),(8,8,'?','huriel@imagineitstudios.com','2017-01-03 22:41:34','2017-01-03 22:41:34'),(9,9,'?','127.0.0.1','2017-01-03 22:42:13','2017-01-03 22:42:13'),(10,10,'?','voyager','2017-01-03 22:42:13','2017-01-03 22:42:13'),(11,10,'?','users','2017-01-03 22:42:13','2017-01-03 22:42:13'),(12,11,'?','google_analytics_client_id','2017-01-03 22:42:13','2017-01-03 22:42:13'),(13,12,'?','admin','2017-01-03 22:42:13','2017-01-03 22:42:13'),(14,13,'?','admin@admin.com','2017-01-03 22:43:48','2017-01-03 22:43:48'),(15,14,'?','admin1@admin.com','2017-01-03 22:44:33','2017-01-03 22:44:33'),(16,15,'?','3','2017-01-03 22:44:33','2017-01-03 22:44:33'),(17,16,'?','hbGfrkPyry3oDq2gy8SmrAdAInIreIhQpf1VjzpuhzIBLUDMtrRe3494UfBu','2017-01-03 22:44:45','2017-01-03 22:44:45'),(18,16,'?','2017-01-03 16:44:45','2017-01-03 22:44:45','2017-01-03 22:44:45'),(19,16,'?','3','2017-01-03 22:44:45','2017-01-03 22:44:45'),(20,17,'?','Huriel Hernandez','2017-01-03 22:50:00','2017-01-03 22:50:00'),(21,17,'?','huriel@imagineitstudios.com','2017-01-03 22:50:00','2017-01-03 22:50:00'),(22,17,'?','12345678','2017-01-03 22:50:00','2017-01-03 22:50:00'),(23,17,'?','$2y$10$wURtXvCE9kiUjx37i6rBSeirxFPq9lQ9fZx3oLPRUPI2mhijTCDYG','2017-01-03 22:50:00','2017-01-03 22:50:00'),(24,17,'?','S3y78b7RX9trnds7SBRhI73aNtusTm','2017-01-03 22:50:00','2017-01-03 22:50:00'),(25,17,'?','2017-01-03 16:50:00','2017-01-03 22:50:00','2017-01-03 22:50:00'),(26,17,'?','2017-01-03 16:50:00','2017-01-03 22:50:00','2017-01-03 22:50:00'),(27,18,'?','25','2017-01-03 22:50:00','2017-01-03 22:50:00'),(28,19,'?','unconfirmed','2017-01-03 22:50:00','2017-01-03 22:50:00'),(29,20,'?','4','2017-01-03 22:50:00','2017-01-03 22:50:00'),(30,20,'?','2017-01-03 16:50:00','2017-01-03 22:50:00','2017-01-03 22:50:00'),(31,20,'?','25','2017-01-03 22:50:00','2017-01-03 22:50:00'),(32,21,'?','users','2017-01-03 22:50:48','2017-01-03 22:50:48'),(33,22,'?','browse_users','2017-01-03 22:50:48','2017-01-03 22:50:48'),(34,23,'?','4','2017-01-03 22:50:48','2017-01-03 22:50:48'),(35,24,'?','edit_users','2017-01-03 22:50:51','2017-01-03 22:50:51'),(36,25,'?','25','2017-01-03 22:50:51','2017-01-03 22:50:51'),(37,26,'?','3','2017-01-03 22:50:56','2017-01-03 22:50:56'),(38,26,'?','1','2017-01-03 22:50:56','2017-01-03 22:50:56'),(39,27,'?','2017-01-03 16:50:56','2017-01-03 22:50:56','2017-01-03 22:50:56'),(40,27,'?','2','2017-01-03 22:50:56','2017-01-03 22:50:56'),(41,27,'?','25','2017-01-03 22:50:56','2017-01-03 22:50:56'),(42,28,'?','add_cases','2017-01-03 22:51:00','2017-01-03 22:51:00'),(43,29,'?','1234567','2017-01-03 22:51:14','2017-01-03 22:51:14'),(44,29,'?','Doe','2017-01-03 22:51:14','2017-01-03 22:51:14'),(45,29,'?','John','2017-01-03 22:51:14','2017-01-03 22:51:14'),(46,29,'?','1234566','2017-01-03 22:51:14','2017-01-03 22:51:14'),(47,29,'?','123456778','2017-01-03 22:51:14','2017-01-03 22:51:14'),(48,29,'?','hit and Run','2017-01-03 22:51:14','2017-01-03 22:51:14'),(49,29,'?','1','2017-01-03 22:51:15','2017-01-03 22:51:15'),(50,29,'?','2017-01-03 16:51:14','2017-01-03 22:51:15','2017-01-03 22:51:15'),(51,29,'?','2017-01-03 16:51:14','2017-01-03 22:51:15','2017-01-03 22:51:15'),(52,30,'?','read_cases','2017-01-03 22:51:15','2017-01-03 22:51:15'),(53,31,'?','11','2017-01-03 22:51:15','2017-01-03 22:51:15'),(54,32,'?','browse_files','2017-01-03 22:51:18','2017-01-03 22:51:18'),(55,33,'?','add_files','2017-01-03 22:51:20','2017-01-03 22:51:20'),(56,34,'?','edit','2017-01-03 22:51:26','2017-01-03 22:51:26'),(57,34,'?','php','2017-01-03 22:51:26','2017-01-03 22:51:26'),(58,34,'?','bb1831c28cdffb390895bba26a76316f07e3c532','2017-01-03 22:51:26','2017-01-03 22:51:26'),(59,34,'?','1','2017-01-03 22:51:26','2017-01-03 22:51:26'),(60,34,'?','11','2017-01-03 22:51:26','2017-01-03 22:51:26'),(61,34,'?','2017-01-03 16:51:26','2017-01-03 22:51:26','2017-01-03 22:51:26'),(62,34,'?','2017-01-03 16:51:26','2017-01-03 22:51:26','2017-01-03 22:51:26'),(63,35,'?','41','2017-01-03 22:51:29','2017-01-03 22:51:29'),(64,36,'?','browse_case_users','2017-01-03 22:51:34','2017-01-03 22:51:34'),(65,37,'?','11','2017-01-03 22:51:34','2017-01-03 22:51:34'),(66,38,'?','add_case_users','2017-01-03 22:51:36','2017-01-03 22:51:36'),(67,39,'?','41','2017-01-03 22:51:42','2017-01-03 22:51:42'),(68,39,'?','25','2017-01-03 22:51:42','2017-01-03 22:51:42'),(69,39,'?','0','2017-01-03 22:51:42','2017-01-03 22:51:42'),(70,39,'?','2017-01-03 16:51:42','2017-01-03 22:51:42','2017-01-03 22:51:42'),(71,39,'?','2017-01-03 16:51:42','2017-01-03 22:51:42','2017-01-03 22:51:42'),(72,40,'?','11','2017-01-03 22:51:42','2017-01-03 22:51:42'),(73,40,'?','25','2017-01-03 22:51:42','2017-01-03 22:51:42'),(74,40,'?','2017-01-03 16:51:42','2017-01-03 22:51:42','2017-01-03 22:51:42'),(75,40,'?','2017-01-04 16:51:42','2017-01-03 22:51:42','2017-01-03 22:51:42'),(76,40,'?','1','2017-01-03 22:51:42','2017-01-03 22:51:42'),(77,40,'?','2017-01-03 16:51:42','2017-01-03 22:51:42','2017-01-03 22:51:42'),(78,40,'?','2017-01-03 16:51:42','2017-01-03 22:51:42','2017-01-03 22:51:42'),(79,41,'?','download_files','2017-01-03 22:52:00','2017-01-03 22:52:00'),(80,42,'?','41','2017-01-03 22:52:00','2017-01-03 22:52:00'),(81,43,'?','25','2017-01-03 22:52:00','2017-01-03 22:52:00'),(82,43,'?','41','2017-01-03 22:52:00','2017-01-03 22:52:00'),(83,44,'?','1','2017-01-03 22:52:00','2017-01-03 22:52:00'),(84,44,'?','2017-01-03 16:52:00','2017-01-03 22:52:00','2017-01-03 22:52:00'),(85,44,'?','25','2017-01-03 22:52:00','2017-01-03 22:52:00'),(86,44,'?','41','2017-01-03 22:52:00','2017-01-03 22:52:00'),(87,45,'?','2','2017-01-03 22:52:01','2017-01-03 22:52:01'),(88,45,'?','2017-01-03 16:52:01','2017-01-03 22:52:01','2017-01-03 22:52:01'),(89,45,'?','25','2017-01-03 22:52:01','2017-01-03 22:52:01'),(90,45,'?','41','2017-01-03 22:52:01','2017-01-03 22:52:01'),(91,46,'?','qmiNSRr3Na00aXzRzMtLL1UmOD3ZcqlKG3cBNVmSnmA311C1Ms0eznsZRBFG','2017-01-04 02:28:19','2017-01-04 02:28:19'),(92,46,'?','2017-01-03 20:28:19','2017-01-04 02:28:19','2017-01-04 02:28:19'),(93,46,'?','1','2017-01-04 02:28:19','2017-01-04 02:28:19'),(94,47,'?','8y26v0FZidmDCpM2IMQDzz1JrZGoavLawVAFjNV1VObOAtOZKQkw5000RmY8','2017-01-04 02:42:34','2017-01-04 02:42:34'),(95,47,'?','2017-01-03 20:42:34','2017-01-04 02:42:34','2017-01-04 02:42:34'),(96,47,'?','1','2017-01-04 02:42:34','2017-01-04 02:42:34'),(97,48,'?','0','2017-01-04 02:42:36','2017-01-04 02:42:36'),(98,49,'?','read_users','2017-01-04 02:55:14','2017-01-04 02:55:14'),(99,50,'?','xxsH3HDhBfw80EiqmHtbRA6FeGXwK12GZSiR6peHGLCIemKaMCnUOXIglbKF','2017-01-04 02:55:47','2017-01-04 02:55:47'),(100,50,'?','2017-01-03 20:55:47','2017-01-04 02:55:47','2017-01-04 02:55:47'),(101,50,'?','3','2017-01-04 02:55:47','2017-01-04 02:55:47');
/*!40000 ALTER TABLE `tracker_sql_query_bindings_parameters` ENABLE KEYS */;
UNLOCK TABLES;

--
-- Table structure for table `tracker_system_classes`
--

DROP TABLE IF EXISTS `tracker_system_classes`;
/*!40101 SET @saved_cs_client     = @@character_set_client */;
/*!40101 SET character_set_client = utf8 */;
CREATE TABLE `tracker_system_classes` (
  `id` bigint(20) unsigned NOT NULL AUTO_INCREMENT,
  `name` varchar(255) COLLATE utf8_unicode_ci NOT NULL,
  `created_at` timestamp NOT NULL DEFAULT CURRENT_TIMESTAMP ON UPDATE CURRENT_TIMESTAMP,
  `updated_at` timestamp NOT NULL DEFAULT '0000-00-00 00:00:00',
  PRIMARY KEY (`id`),
  KEY `tracker_system_classes_name_index` (`name`),
  KEY `tracker_system_classes_created_at_index` (`created_at`),
  KEY `tracker_system_classes_updated_at_index` (`updated_at`)
) ENGINE=InnoDB AUTO_INCREMENT=3 DEFAULT CHARSET=utf8 COLLATE=utf8_unicode_ci;
/*!40101 SET character_set_client = @saved_cs_client */;

--
-- Dumping data for table `tracker_system_classes`
--

LOCK TABLES `tracker_system_classes` WRITE;
/*!40000 ALTER TABLE `tracker_system_classes` DISABLE KEYS */;
INSERT INTO `tracker_system_classes` VALUES (1,'Illuminate\\Foundation\\Application','2017-01-03 22:40:41','2017-01-03 22:40:41'),(2,'Illuminate\\Http\\Request','2017-01-03 22:40:41','2017-01-03 22:40:41');
/*!40000 ALTER TABLE `tracker_system_classes` ENABLE KEYS */;
UNLOCK TABLES;

--
-- Table structure for table `user_case`
--

DROP TABLE IF EXISTS `user_case`;
/*!40101 SET @saved_cs_client     = @@character_set_client */;
/*!40101 SET character_set_client = utf8 */;
CREATE TABLE `user_case` (
  `case_id` int(10) unsigned NOT NULL,
  `user_id` int(10) unsigned NOT NULL,
  `access_by` int(10) unsigned NOT NULL,
  `access_on` timestamp NULL DEFAULT NULL,
  `revoke_on` timestamp NULL DEFAULT NULL,
  `created_at` timestamp NULL DEFAULT NULL,
  `updated_at` timestamp NULL DEFAULT NULL,
  PRIMARY KEY (`case_id`,`user_id`),
  KEY `user_case_user_id_foreign` (`user_id`),
  KEY `user_case_access_by_foreign` (`access_by`),
  CONSTRAINT `user_case_access_by_foreign` FOREIGN KEY (`access_by`) REFERENCES `users` (`id`),
  CONSTRAINT `user_case_case_id_foreign` FOREIGN KEY (`case_id`) REFERENCES `cases` (`id`),
  CONSTRAINT `user_case_user_id_foreign` FOREIGN KEY (`user_id`) REFERENCES `users` (`id`)
) ENGINE=InnoDB DEFAULT CHARSET=utf8 COLLATE=utf8_unicode_ci;
/*!40101 SET character_set_client = @saved_cs_client */;

--
-- Dumping data for table `user_case`
--

LOCK TABLES `user_case` WRITE;
/*!40000 ALTER TABLE `user_case` DISABLE KEYS */;
INSERT INTO `user_case` VALUES (11,25,1,'2017-01-03 22:51:42','2017-01-04 22:51:42','2017-01-03 22:51:42','2017-01-03 22:51:42');
/*!40000 ALTER TABLE `user_case` ENABLE KEYS */;
UNLOCK TABLES;

--
-- Table structure for table `user_file`
--

DROP TABLE IF EXISTS `user_file`;
/*!40101 SET @saved_cs_client     = @@character_set_client */;
/*!40101 SET character_set_client = utf8 */;
CREATE TABLE `user_file` (
  `file_id` int(10) unsigned NOT NULL,
  `user_id` int(10) unsigned NOT NULL,
  `access_count` int(11) NOT NULL,
  `created_at` timestamp NULL DEFAULT NULL,
  `updated_at` timestamp NULL DEFAULT NULL,
  PRIMARY KEY (`file_id`,`user_id`),
  KEY `user_file_user_id_foreign` (`user_id`),
  CONSTRAINT `user_file_file_id_foreign` FOREIGN KEY (`file_id`) REFERENCES `files` (`id`),
  CONSTRAINT `user_file_user_id_foreign` FOREIGN KEY (`user_id`) REFERENCES `users` (`id`)
) ENGINE=InnoDB DEFAULT CHARSET=utf8 COLLATE=utf8_unicode_ci;
/*!40101 SET character_set_client = @saved_cs_client */;

--
-- Dumping data for table `user_file`
--

LOCK TABLES `user_file` WRITE;
/*!40000 ALTER TABLE `user_file` DISABLE KEYS */;
INSERT INTO `user_file` VALUES (41,25,2,'2017-01-03 22:51:42','2017-01-03 22:52:01');
/*!40000 ALTER TABLE `user_file` ENABLE KEYS */;
UNLOCK TABLES;

--
-- Table structure for table `users`
--

DROP TABLE IF EXISTS `users`;
/*!40101 SET @saved_cs_client     = @@character_set_client */;
/*!40101 SET character_set_client = utf8 */;
CREATE TABLE `users` (
  `id` int(10) unsigned NOT NULL AUTO_INCREMENT,
  `name` varchar(255) COLLATE utf8_unicode_ci NOT NULL,
  `email` varchar(255) COLLATE utf8_unicode_ci NOT NULL,
  `password` varchar(255) COLLATE utf8_unicode_ci NOT NULL,
  `remember_token` varchar(100) COLLATE utf8_unicode_ci DEFAULT NULL,
  `created_at` timestamp NULL DEFAULT NULL,
  `updated_at` timestamp NULL DEFAULT NULL,
  `avatar` varchar(255) COLLATE utf8_unicode_ci DEFAULT 'users/default.png',
  `role_id` int(11) NOT NULL DEFAULT '0',
  `verified` tinyint(1) NOT NULL DEFAULT '0',
  `token` varchar(255) COLLATE utf8_unicode_ci DEFAULT NULL,
  `bar_number` varchar(255) COLLATE utf8_unicode_ci NOT NULL,
  PRIMARY KEY (`id`),
  UNIQUE KEY `users_email_unique` (`email`),
  KEY `users_role_id_index` (`role_id`)
) ENGINE=InnoDB AUTO_INCREMENT=26 DEFAULT CHARSET=utf8 COLLATE=utf8_unicode_ci;
/*!40101 SET character_set_client = @saved_cs_client */;

--
-- Dumping data for table `users`
--

LOCK TABLES `users` WRITE;
/*!40000 ALTER TABLE `users` DISABLE KEYS */;
INSERT INTO `users` VALUES (1,'Huriel Hernandez','admin@admin.com','$2y$10$7B8EofL/w1qerkgeGXGq.O8RZ0jinnq9S4BAQMDOl.5YPKtQksjSq','8y26v0FZidmDCpM2IMQDzz1JrZGoavLawVAFjNV1VObOAtOZKQkw5000RmY8','2016-12-23 03:27:10','2017-01-04 02:42:34','users/default.png',1,1,NULL,''),(3,'Admin1 Admin1','admin1@admin.com','$2y$10$L69Yft7ZN0eS00lDOwvhiuhZpOf8reGXlFq8gEiP/Dw76FJzQJ/j.','xxsH3HDhBfw80EiqmHtbRA6FeGXwK12GZSiR6peHGLCIemKaMCnUOXIglbKF','2016-12-28 21:05:00','2017-01-04 02:55:47','users/default.png',3,0,NULL,''),(25,'Huriel Hernandez','huriel@imagineitstudios.com','$2y$10$wURtXvCE9kiUjx37i6rBSeirxFPq9lQ9fZx3oLPRUPI2mhijTCDYG',NULL,'2017-01-03 22:50:00','2017-01-03 22:50:56','users/default.png',2,0,'S3y78b7RX9trnds7SBRhI73aNtusTm','12345678');
/*!40000 ALTER TABLE `users` ENABLE KEYS */;
UNLOCK TABLES;
/*!40103 SET TIME_ZONE=@OLD_TIME_ZONE */;

/*!40101 SET SQL_MODE=@OLD_SQL_MODE */;
/*!40014 SET FOREIGN_KEY_CHECKS=@OLD_FOREIGN_KEY_CHECKS */;
/*!40014 SET UNIQUE_CHECKS=@OLD_UNIQUE_CHECKS */;
/*!40101 SET CHARACTER_SET_CLIENT=@OLD_CHARACTER_SET_CLIENT */;
/*!40101 SET CHARACTER_SET_RESULTS=@OLD_CHARACTER_SET_RESULTS */;
/*!40101 SET COLLATION_CONNECTION=@OLD_COLLATION_CONNECTION */;
/*!40111 SET SQL_NOTES=@OLD_SQL_NOTES */;

-- Dump completed on 2017-01-03 21:02:42
